id,name,description,url,group,category,scenarios,sourceType,sourceName,officialDocs,verifiedAt,coverage,limitations,auth,https,cors,score,tier,useMode,recommendation,risks
"85438560ad7a","AdoptAPet","Resource to help get pets adopted","https://www.adoptapet.com/public/apis/pet_list.html","自然与生命","Animals","宠物领养与救助；宠物信息与照护","upstream","public-apis/public-apis","https://www.adoptapet.com/public/apis/pet_list.html","","","","apiKey","Yes","Yes","95","A · 优先试用","后端代理","建议通过服务端适配器统一鉴权、缓存、限流和错误处理。","密钥不得暴露在前端"
"17576b31a0b4","Axolotl","Collection of axolotl pictures and facts","https://theaxolotlapi.netlify.app/","自然与生命","Animals","动物图片与趣味内容","upstream","public-apis/public-apis","https://theaxolotlapi.netlify.app/","","","","No","Yes","No","80","B · 值得验证","后端代理","建议通过服务端适配器统一鉴权、缓存、限流和错误处理。","浏览器不可直连，应走服务端"
"c4a0d8548d27","Cat Facts","Daily cat facts","https://alexwohlbruck.github.io/cat-facts/","自然与生命","Animals","动物图片与趣味内容","upstream","public-apis/public-apis","https://alexwohlbruck.github.io/cat-facts/","","","","No","Yes","No","75","B · 值得验证","后端代理","建议通过服务端适配器统一鉴权、缓存、限流和错误处理。","浏览器不可直连，应走服务端"
"4bac7882e400","Cat Facts","Random cat facts","https://catfact.ninja/","自然与生命","Animals","动物图片与趣味内容","upstream","public-apis/public-apis","https://catfact.ninja/","","","","No","Yes","Yes","95","A · 优先试用","浏览器直连候选","适合无密钥原型；生产使用前验证限流、许可和稳定性。","仍需验证额度、条款、延迟与数据质量"
"515495097b2a","Cataas","Cat as a service (cats pictures and gifs)","https://cataas.com/","自然与生命","Animals","动物图片与趣味内容；宠物信息与照护","upstream","public-apis/public-apis","https://cataas.com/","","","","No","Yes","No","80","B · 值得验证","后端代理","建议通过服务端适配器统一鉴权、缓存、限流和错误处理。","浏览器不可直连，应走服务端"
"281ac1df9860","Cats","Pictures of cats from Tumblr","https://docs.thecatapi.com/","自然与生命","Animals","动物图片与趣味内容；宠物信息与照护","upstream","public-apis/public-apis","https://docs.thecatapi.com/","","","","apiKey","Yes","No","75","B · 值得验证","后端代理","建议通过服务端适配器统一鉴权、缓存、限流和错误处理。","浏览器不可直连，应走服务端；密钥不得暴露在前端"
"74013018147f","Dog Facts","Random dog facts","https://dukengn.github.io/Dog-facts-API/","自然与生命","Animals","动物图片与趣味内容","upstream","public-apis/public-apis","https://dukengn.github.io/Dog-facts-API/","","","","No","Yes","Yes","95","A · 优先试用","浏览器直连候选","适合无密钥原型；生产使用前验证限流、许可和稳定性。","仍需验证额度、条款、延迟与数据质量"
"fd4d48861097","Dog Facts","Random facts of Dogs","https://kinduff.github.io/dog-api/","自然与生命","Animals","动物图片与趣味内容；宠物信息与照护","upstream","public-apis/public-apis","https://kinduff.github.io/dog-api/","","","","No","Yes","Yes","95","A · 优先试用","浏览器直连候选","适合无密钥原型；生产使用前验证限流、许可和稳定性。","仍需验证额度、条款、延迟与数据质量"
"f140c84eee10","Dogs","Based on the Stanford Dogs Dataset","https://dog.ceo/dog-api/","自然与生命","Animals","宠物信息与照护；动物图片与趣味内容","upstream","public-apis/public-apis","https://dog.ceo/dog-api/","","","","No","Yes","Yes","100","A · 优先试用","浏览器直连候选","适合无密钥原型；生产使用前验证限流、许可和稳定性。","仍需验证额度、条款、延迟与数据质量"
"1bc5a5148cf2","eBird","Retrieve recent or notable birding observations within a region","https://documenter.getpostman.com/view/664302/S1ENwy59","自然与生命","Animals","野生动物观测与迁徙","upstream","public-apis/public-apis","https://documenter.getpostman.com/view/664302/S1ENwy59","","","","apiKey","Yes","No","75","B · 值得验证","后端代理","建议通过服务端适配器统一鉴权、缓存、限流和错误处理。","浏览器不可直连，应走服务端；密钥不得暴露在前端"
"d5141daf90c7","FishWatch","Information and pictures about individual fish species","https://www.fishwatch.gov/developers","自然与生命","Animals","物种与生物多样性；动物图片与趣味内容","upstream","public-apis/public-apis","https://www.fishwatch.gov/developers","","","","No","Yes","Yes","100","A · 优先试用","浏览器直连候选","适合无密钥原型；生产使用前验证限流、许可和稳定性。","仍需验证额度、条款、延迟与数据质量"
"d527fb3ded70","HTTP Cat","Cat for every HTTP Status","https://http.cat/","自然与生命","Animals","动物图片与趣味内容","upstream","public-apis/public-apis","https://http.cat/","","","","No","Yes","Yes","100","A · 优先试用","浏览器直连候选","适合无密钥原型；生产使用前验证限流、许可和稳定性。","仍需验证额度、条款、延迟与数据质量"
"5c8f04ea041e","HTTP Dog","Dogs for every HTTP response status code","https://http.dog/","自然与生命","Animals","宠物信息与照护；动物图片与趣味内容","upstream","public-apis/public-apis","https://http.dog/","","","","No","Yes","Yes","100","A · 优先试用","浏览器直连候选","适合无密钥原型；生产使用前验证限流、许可和稳定性。","仍需验证额度、条款、延迟与数据质量"
"56aba3ef0e26","IUCN","IUCN Red List of Threatened Species","http://apiv3.iucnredlist.org/api/v3/docs","自然与生命","Animals","物种与生物多样性","upstream","public-apis/public-apis","http://apiv3.iucnredlist.org/api/v3/docs","","","","apiKey","No","No","35","D · 建议替代","仅研究/寻找替代","先寻找 HTTPS 替代服务，不纳入默认生产候选。","未声明 HTTPS，不建议生产接入；浏览器不可直连，应走服务端；密钥不得暴露在前端"
"a4ba23f643c0","MeowFacts","Get random cat facts","https://github.com/wh-iterabb-it/meowfacts","自然与生命","Animals","动物图片与趣味内容","upstream","public-apis/public-apis","https://github.com/wh-iterabb-it/meowfacts","","","","No","Yes","No","75","B · 值得验证","后端代理","建议通过服务端适配器统一鉴权、缓存、限流和错误处理。","浏览器不可直连，应走服务端"
"b6ab1d880644","Movebank","Movement and Migration data of animals","https://github.com/movebank/movebank-api-doc","自然与生命","Animals","野生动物观测与迁徙","upstream","public-apis/public-apis","https://github.com/movebank/movebank-api-doc","","","","No","Yes","Yes","100","A · 优先试用","浏览器直连候选","适合无密钥原型；生产使用前验证限流、许可和稳定性。","仍需验证额度、条款、延迟与数据质量"
"c87b050de526","Petfinder","Petfinder is dedicated to helping pets find homes, another resource to get pets adopted","https://www.petfinder.com/developers/","自然与生命","Animals","宠物领养与救助；宠物信息与照护；动物图片与趣味内容","upstream","public-apis/public-apis","https://www.petfinder.com/developers/","","","","apiKey","Yes","Yes","95","A · 优先试用","后端代理","建议通过服务端适配器统一鉴权、缓存、限流和错误处理。","密钥不得暴露在前端"
"8edda32f6a39","PlaceBear","Placeholder bear pictures","https://placebear.com/","自然与生命","Animals","动物图片与趣味内容","upstream","public-apis/public-apis","https://placebear.com/","","","","No","Yes","Yes","100","A · 优先试用","浏览器直连候选","适合无密钥原型；生产使用前验证限流、许可和稳定性。","仍需验证额度、条款、延迟与数据质量"
"41bb591e4f6a","PlaceDog","Placeholder Dog pictures","https://place.dog","自然与生命","Animals","动物图片与趣味内容","upstream","public-apis/public-apis","https://place.dog","","","","No","Yes","Yes","100","A · 优先试用","浏览器直连候选","适合无密钥原型；生产使用前验证限流、许可和稳定性。","仍需验证额度、条款、延迟与数据质量"
"136c0766515e","RandomDog","Random pictures of dogs","https://random.dog/woof.json","自然与生命","Animals","动物图片与趣味内容；宠物信息与照护","upstream","public-apis/public-apis","https://random.dog/woof.json","","","","No","Yes","Yes","95","A · 优先试用","浏览器直连候选","适合无密钥原型；生产使用前验证限流、许可和稳定性。","仍需验证额度、条款、延迟与数据质量"
"594b156e7fb6","RandomDuck","Random pictures of ducks","https://random-d.uk/api","自然与生命","Animals","动物图片与趣味内容","upstream","public-apis/public-apis","https://random-d.uk/api","","","","No","Yes","No","80","B · 值得验证","后端代理","建议通过服务端适配器统一鉴权、缓存、限流和错误处理。","浏览器不可直连，应走服务端"
"dffcf117aa76","RandomFox","Random pictures of foxes","https://randomfox.ca/floof/","自然与生命","Animals","动物图片与趣味内容","upstream","public-apis/public-apis","https://randomfox.ca/floof/","","","","No","Yes","No","80","B · 值得验证","后端代理","建议通过服务端适配器统一鉴权、缓存、限流和错误处理。","浏览器不可直连，应走服务端"
"714d24ada9d4","RescueGroups","Adoption","https://userguide.rescuegroups.org/display/APIDG/API+Developers+Guide+Home","自然与生命","Animals","宠物领养与救助","upstream","public-apis/public-apis","https://userguide.rescuegroups.org/display/APIDG/API+Developers+Guide+Home","","","","No","Yes","Unknown","78","B · 值得验证","后端代理","建议通过服务端适配器统一鉴权、缓存、限流和错误处理。","CORS 未知，需要浏览器实测"
"7662c3050754","Shibe.Online","Random pictures of Shiba Inu, cats or birds","http://shibe.online/","自然与生命","Animals","动物图片与趣味内容；宠物信息与照护","upstream","public-apis/public-apis","http://shibe.online/","","","","No","Yes","Yes","90","A · 优先试用","浏览器直连候选","适合无密钥原型；生产使用前验证限流、许可和稳定性。","仍需验证额度、条款、延迟与数据质量"
"35c92cfef714","The Dog","A public service all about Dogs, free to use when making your fancy new App, Website or Service","https://thedogapi.com/","自然与生命","Animals","宠物信息与照护；动物图片与趣味内容","upstream","public-apis/public-apis","https://thedogapi.com/","","","","apiKey","Yes","No","75","B · 值得验证","后端代理","建议通过服务端适配器统一鉴权、缓存、限流和错误处理。","浏览器不可直连，应走服务端；密钥不得暴露在前端"
"7b4a14e474e0","xeno-canto","Bird recordings","https://xeno-canto.org/explore/api","自然与生命","Animals","野生动物观测与迁徙","upstream","public-apis/public-apis","https://xeno-canto.org/explore/api","","","","No","Yes","Unknown","83","B · 值得验证","后端代理","建议通过服务端适配器统一鉴权、缓存、限流和错误处理。","CORS 未知，需要浏览器实测"
"16fcd172f1cf","AniAPI","Anime discovery, streaming & syncing with trackers","https://aniapi.com/docs/","文化与媒体","Anime","动漫与漫画资料库；观看进度与收藏同步；动漫播放源与流媒体","upstream","public-apis/public-apis","https://aniapi.com/docs/","","","","OAuth","Yes","Yes","92","A · 优先试用","OAuth 集成","适合用户授权型产品；优先评估回调、安全存储和撤销流程。","需要完整授权与令牌生命周期设计"
"27b86153f809","AniDB","Anime Database","https://wiki.anidb.net/HTTP_API_Definition","文化与媒体","Anime","动漫与漫画资料库","upstream","public-apis/public-apis","https://wiki.anidb.net/HTTP_API_Definition","","","","apiKey","No","Unknown","48","D · 建议替代","仅研究/寻找替代","先寻找 HTTPS 替代服务，不纳入默认生产候选。","未声明 HTTPS，不建议生产接入；CORS 未知，需要浏览器实测；密钥不得暴露在前端"
"64acab48f259","AniList","Anime discovery & tracking","https://github.com/AniList/ApiV2-GraphQL-Docs","文化与媒体","Anime","动漫与漫画资料库；观看进度与收藏同步","upstream","public-apis/public-apis","https://github.com/AniList/ApiV2-GraphQL-Docs","","","","OAuth","Yes","Unknown","80","B · 值得验证","OAuth 集成","适合用户授权型产品；优先评估回调、安全存储和撤销流程。","CORS 未知，需要浏览器实测；需要完整授权与令牌生命周期设计"
"83817ff5c443","AnimeChan","Anime quotes (over 10k+)","https://github.com/RocktimSaikia/anime-chan","文化与媒体","Anime","动漫台词、事实与行业新闻；动漫与漫画资料库","upstream","public-apis/public-apis","https://github.com/RocktimSaikia/anime-chan","","","","No","Yes","No","80","B · 值得验证","后端代理","建议通过服务端适配器统一鉴权、缓存、限流和错误处理。","浏览器不可直连，应走服务端"
"fd14adc39458","AnimeFacts","Anime Facts (over 100+)","https://chandan-02.github.io/anime-facts-rest-api/","文化与媒体","Anime","动漫台词、事实与行业新闻；动漫与漫画资料库","upstream","public-apis/public-apis","https://chandan-02.github.io/anime-facts-rest-api/","","","","No","Yes","Yes","95","A · 优先试用","浏览器直连候选","适合无密钥原型；生产使用前验证限流、许可和稳定性。","仍需验证额度、条款、延迟与数据质量"
"0d3f5471ffd2","AnimeNewsNetwork","Anime industry news","https://www.animenewsnetwork.com/encyclopedia/api.php","文化与媒体","Anime","动漫台词、事实与行业新闻；动漫与漫画资料库","upstream","public-apis/public-apis","https://www.animenewsnetwork.com/encyclopedia/api.php","","","","No","Yes","Yes","95","A · 优先试用","浏览器直连候选","适合无密钥原型；生产使用前验证限流、许可和稳定性。","仍需验证额度、条款、延迟与数据质量"
"7aed05834e2c","Catboy","Neko images, funny GIFs & more","https://catboys.com/api","文化与媒体","Anime","动漫图片与角色动作素材","upstream","public-apis/public-apis","https://catboys.com/api","","","","No","Yes","Yes","100","A · 优先试用","浏览器直连候选","适合无密钥原型；生产使用前验证限流、许可和稳定性。","仍需验证额度、条款、延迟与数据质量"
"8eeea06cd3b9","Danbooru Anime","Thousands of anime artist database to find good anime art","https://danbooru.donmai.us/wiki_pages/help:api","文化与媒体","Anime","动漫与漫画资料库","upstream","public-apis/public-apis","https://danbooru.donmai.us/wiki_pages/help:api","","","","apiKey","Yes","Yes","95","A · 优先试用","后端代理","建议通过服务端适配器统一鉴权、缓存、限流和错误处理。","密钥不得暴露在前端"
"6b5dc3a109e8","Jikan","Unofficial MyAnimeList API","https://jikan.moe","文化与媒体","Anime","动漫与漫画资料库；观看进度与收藏同步","upstream","public-apis/public-apis","https://jikan.moe","","","","No","Yes","Yes","100","A · 优先试用","浏览器直连候选","适合无密钥原型；生产使用前验证限流、许可和稳定性。","仍需验证额度、条款、延迟与数据质量"
"dd8dca34e40b","Kitsu","Anime discovery platform","https://kitsu.docs.apiary.io/","文化与媒体","Anime","动漫与漫画资料库","upstream","public-apis/public-apis","https://kitsu.docs.apiary.io/","","","","OAuth","Yes","Yes","92","A · 优先试用","OAuth 集成","适合用户授权型产品；优先评估回调、安全存储和撤销流程。","需要完整授权与令牌生命周期设计"
"8292f1e6c61c","MangaDex","Manga Database and Community","https://api.mangadex.org/docs.html","文化与媒体","Anime","动漫与漫画资料库","upstream","public-apis/public-apis","https://api.mangadex.org/docs.html","","","","apiKey","Yes","Unknown","83","B · 值得验证","后端代理","建议通过服务端适配器统一鉴权、缓存、限流和错误处理。","CORS 未知，需要浏览器实测；密钥不得暴露在前端"
"754274f5a1b0","Mangapi","Translate manga pages from one language to another","https://rapidapi.com/pierre.carcellermeunier/api/mangapi3/","文化与媒体","Anime","动漫与漫画资料库","upstream","public-apis/public-apis","https://rapidapi.com/pierre.carcellermeunier/api/mangapi3/","","","","apiKey","Yes","Unknown","83","B · 值得验证","后端代理","建议通过服务端适配器统一鉴权、缓存、限流和错误处理。","CORS 未知，需要浏览器实测；密钥不得暴露在前端"
"3a8c8d9d8bfe","MyAnimeList","Anime and Manga Database and Community","https://myanimelist.net/clubs.php?cid=13727","文化与媒体","Anime","动漫与漫画资料库；观看进度与收藏同步","upstream","public-apis/public-apis","https://myanimelist.net/clubs.php?cid=13727","","","","OAuth","Yes","Unknown","80","B · 值得验证","OAuth 集成","适合用户授权型产品；优先评估回调、安全存储和撤销流程。","CORS 未知，需要浏览器实测；需要完整授权与令牌生命周期设计"
"faedebf44ce5","NekosBest","Neko Images & Anime roleplaying GIFs","https://docs.nekos.best","文化与媒体","Anime","动漫图片与角色动作素材；动漫与漫画资料库","upstream","public-apis/public-apis","https://docs.nekos.best","","","","No","Yes","Yes","100","A · 优先试用","浏览器直连候选","适合无密钥原型；生产使用前验证限流、许可和稳定性。","仍需验证额度、条款、延迟与数据质量"
"2b0c870ecd82","Shikimori","Anime discovery, tracking, forum, rates","https://shikimori.one/api/doc","文化与媒体","Anime","动漫与漫画资料库；观看进度与收藏同步","upstream","public-apis/public-apis","https://shikimori.one/api/doc","","","","OAuth","Yes","Unknown","80","B · 值得验证","OAuth 集成","适合用户授权型产品；优先评估回调、安全存储和撤销流程。","CORS 未知，需要浏览器实测；需要完整授权与令牌生命周期设计"
"14888d2be6a4","Studio Ghibli","Resources from Studio Ghibli films","https://ghibliapi.vercel.app","文化与媒体","Anime","动漫与漫画资料库","upstream","public-apis/public-apis","https://ghibliapi.vercel.app","","","","No","Yes","Yes","100","A · 优先试用","浏览器直连候选","适合无密钥原型；生产使用前验证限流、许可和稳定性。","仍需验证额度、条款、延迟与数据质量"
"f9b27ea0a55d","Trace Moe","A useful tool to get the exact scene of an anime from a screenshot","https://soruly.github.io/trace.moe-api/#/","文化与媒体","Anime","动漫与漫画资料库","upstream","public-apis/public-apis","https://soruly.github.io/trace.moe-api/#/","","","","No","Yes","Yes","100","A · 优先试用","浏览器直连候选","适合无密钥原型；生产使用前验证限流、许可和稳定性。","仍需验证额度、条款、延迟与数据质量"
"cd04b8f3b276","Waifu.im","Get waifu pictures from an archive of over 4000 images and multiple tags","https://waifu.im/docs","文化与媒体","Anime","动漫图片与角色动作素材","upstream","public-apis/public-apis","https://waifu.im/docs","","","","No","Yes","Yes","100","A · 优先试用","浏览器直连候选","适合无密钥原型；生产使用前验证限流、许可和稳定性。","仍需验证额度、条款、延迟与数据质量"
"f0f5f1a5f1de","Waifu.pics","Image sharing platform for anime images","https://waifu.pics/docs","文化与媒体","Anime","动漫图片与角色动作素材；动漫与漫画资料库","upstream","public-apis/public-apis","https://waifu.pics/docs","","","","No","Yes","No","80","B · 值得验证","后端代理","建议通过服务端适配器统一鉴权、缓存、限流和错误处理。","浏览器不可直连，应走服务端"
"892c968a416d","AbuseIPDB","IP/domain/URL reputation","https://docs.abuseipdb.com/","安全与身份","Anti-Malware","网址与域名安全检测；IP 信誉与滥用检测","upstream","public-apis/public-apis","https://docs.abuseipdb.com/","","","","apiKey","Yes","Unknown","83","B · 值得验证","后端代理","建议通过服务端适配器统一鉴权、缓存、限流和错误处理。","CORS 未知，需要浏览器实测；密钥不得暴露在前端"
"b24e4a218cc4","AlienVault Open Threat Exchange (OTX)","IP/domain/URL reputation","https://otx.alienvault.com/api","安全与身份","Anti-Malware","网址与域名安全检测；IP 信誉与滥用检测","upstream","public-apis/public-apis","https://otx.alienvault.com/api","","","","apiKey","Yes","Unknown","83","B · 值得验证","后端代理","建议通过服务端适配器统一鉴权、缓存、限流和错误处理。","CORS 未知，需要浏览器实测；密钥不得暴露在前端"
"c3071d223470","CAPEsandbox","Malware execution and analysis","https://capev2.readthedocs.io/en/latest/usage/api.html","安全与身份","Anti-Malware","沙箱执行与文件分析","upstream","public-apis/public-apis","https://capev2.readthedocs.io/en/latest/usage/api.html","","","","apiKey","Yes","Unknown","83","B · 值得验证","后端代理","建议通过服务端适配器统一鉴权、缓存、限流和错误处理。","CORS 未知，需要浏览器实测；密钥不得暴露在前端"
"90b3d5c77444","Google Safe Browsing","Google Link/Domain Flagging","https://developers.google.com/safe-browsing/","安全与身份","Anti-Malware","网址与域名安全检测","upstream","public-apis/public-apis","https://developers.google.com/safe-browsing/","","","","apiKey","Yes","Unknown","83","B · 值得验证","后端代理","建议通过服务端适配器统一鉴权、缓存、限流和错误处理。","CORS 未知，需要浏览器实测；密钥不得暴露在前端"
"da20351bd21c","IPWhois.net Blacklist","Community IP blacklist to check and report abusive IP addresses","https://ipwhois.net/blacklist/docs","安全与身份","Anti-Malware","IP 信誉与滥用检测","upstream","public-apis/public-apis","https://ipwhois.net/blacklist/docs","","","","No","Yes","Unknown","88","A · 优先试用","后端代理","建议通过服务端适配器统一鉴权、缓存、限流和错误处理。","CORS 未知，需要浏览器实测"
"8bc1d2301a78","MalDatabase","Provide malware datasets and threat intelligence feeds","https://maldatabase.com/api-doc.html","安全与身份","Anti-Malware","恶意样本与威胁情报","upstream","public-apis/public-apis","https://maldatabase.com/api-doc.html","","","","apiKey","Yes","Unknown","83","B · 值得验证","后端代理","建议通过服务端适配器统一鉴权、缓存、限流和错误处理。","CORS 未知，需要浏览器实测；密钥不得暴露在前端"
"defa03223213","MalShare","Malware Archive / file sourcing","https://malshare.com/doc.php","安全与身份","Anti-Malware","恶意样本与威胁情报","upstream","public-apis/public-apis","https://malshare.com/doc.php","","","","apiKey","Yes","No","75","B · 值得验证","后端代理","建议通过服务端适配器统一鉴权、缓存、限流和错误处理。","浏览器不可直连，应走服务端；密钥不得暴露在前端"
"227dc83d69bc","MalwareBazaar","Collect and share malware samples","https://bazaar.abuse.ch/api/","安全与身份","Anti-Malware","恶意样本与威胁情报","upstream","public-apis/public-apis","https://bazaar.abuse.ch/api/","","","","apiKey","Yes","Unknown","83","B · 值得验证","后端代理","建议通过服务端适配器统一鉴权、缓存、限流和错误处理。","CORS 未知，需要浏览器实测；密钥不得暴露在前端"
"63045fb2b1d4","Metacert","Metacert Link Flagging","https://metacert.com/","安全与身份","Anti-Malware","网址与域名安全检测","upstream","public-apis/public-apis","https://metacert.com/","","","","apiKey","Yes","Unknown","78","B · 值得验证","后端代理","建议通过服务端适配器统一鉴权、缓存、限流和错误处理。","CORS 未知，需要浏览器实测；密钥不得暴露在前端"
"fead6a3f07b9","NoPhishy","Check links to see if they're known phishing attempts","https://rapidapi.com/Amiichu/api/exerra-phishing-check/","安全与身份","Anti-Malware","网址与域名安全检测","upstream","public-apis/public-apis","https://rapidapi.com/Amiichu/api/exerra-phishing-check/","","","","apiKey","Yes","Yes","95","A · 优先试用","后端代理","建议通过服务端适配器统一鉴权、缓存、限流和错误处理。","密钥不得暴露在前端"
"236770a4a122","Phisherman","IP/domain/URL reputation","https://phisherman.gg/","安全与身份","Anti-Malware","网址与域名安全检测；IP 信誉与滥用检测","upstream","public-apis/public-apis","https://phisherman.gg/","","","","apiKey","Yes","Unknown","83","B · 值得验证","后端代理","建议通过服务端适配器统一鉴权、缓存、限流和错误处理。","CORS 未知，需要浏览器实测；密钥不得暴露在前端"
"b80eff8be036","Scanii","Simple REST API that can scan submitted documents/files for the presence of threats","https://docs.scanii.com/","安全与身份","Anti-Malware","文件与文档病毒扫描","upstream","public-apis/public-apis","https://docs.scanii.com/","","","","apiKey","Yes","Yes","95","A · 优先试用","后端代理","建议通过服务端适配器统一鉴权、缓存、限流和错误处理。","密钥不得暴露在前端"
"a3ac8b294268","URLhaus","Bulk queries and Download Malware Samples","https://urlhaus-api.abuse.ch/","安全与身份","Anti-Malware","恶意样本与威胁情报；网址与域名安全检测","upstream","public-apis/public-apis","https://urlhaus-api.abuse.ch/","","","","No","Yes","Yes","100","A · 优先试用","浏览器直连候选","适合无密钥原型；生产使用前验证限流、许可和稳定性。","仍需验证额度、条款、延迟与数据质量"
"094ff1b5387c","URLScan.io","Scan and Analyse URLs","https://urlscan.io/about-api/","安全与身份","Anti-Malware","网址与域名安全检测","upstream","public-apis/public-apis","https://urlscan.io/about-api/","","","","apiKey","Yes","Unknown","78","B · 值得验证","后端代理","建议通过服务端适配器统一鉴权、缓存、限流和错误处理。","CORS 未知，需要浏览器实测；密钥不得暴露在前端"
"32926bca40ca","VirusTotal","VirusTotal File/URL Analysis","https://docs.virustotal.com/reference/overview","安全与身份","Anti-Malware","文件与文档病毒扫描；沙箱执行与文件分析；网址与域名安全检测","upstream","public-apis/public-apis","https://docs.virustotal.com/reference/overview","","","","apiKey","Yes","Unknown","83","B · 值得验证","后端代理","建议通过服务端适配器统一鉴权、缓存、限流和错误处理。","CORS 未知，需要浏览器实测；密钥不得暴露在前端"
"5ba1c3915834","Web of Trust","IP/domain/URL reputation","https://support.mywot.com/hc/en-us/sections/360004477734-API-","安全与身份","Anti-Malware","网址与域名安全检测；IP 信誉与滥用检测","upstream","public-apis/public-apis","https://support.mywot.com/hc/en-us/sections/360004477734-API-","","","","apiKey","Yes","Unknown","83","B · 值得验证","后端代理","建议通过服务端适配器统一鉴权、缓存、限流和错误处理。","CORS 未知，需要浏览器实测；密钥不得暴露在前端"
"592544784972","Améthyste","Generate images for Discord users","https://api.amethyste.moe/","文化与媒体","Art & Design","设计图片与占位图生成","upstream","public-apis/public-apis","https://api.amethyste.moe/","","","","apiKey","Yes","Unknown","83","B · 值得验证","后端代理","建议通过服务端适配器统一鉴权、缓存、限流和错误处理。","CORS 未知，需要浏览器实测；密钥不得暴露在前端"
"1deadb661e2a","Art Institute of Chicago","Art","https://api.artic.edu/docs/","文化与媒体","Art & Design","博物馆与艺术藏品","upstream","public-apis/public-apis","https://api.artic.edu/docs/","","","","No","Yes","Yes","90","A · 优先试用","浏览器直连候选","适合无密钥原型；生产使用前验证限流、许可和稳定性。","仍需验证额度、条款、延迟与数据质量"
"0d33f2639b41","Colormind","Color scheme generator","http://colormind.io/api-access/","文化与媒体","Art & Design","配色、色板与图案","upstream","public-apis/public-apis","http://colormind.io/api-access/","","","","No","No","Unknown","43","D · 建议替代","仅研究/寻找替代","先寻找 HTTPS 替代服务，不纳入默认生产候选。","未声明 HTTPS，不建议生产接入；CORS 未知，需要浏览器实测"
"25d00d49de28","ColourLovers","Get various patterns, palettes and images","http://www.colourlovers.com/api","文化与媒体","Art & Design","配色、色板与图案","upstream","public-apis/public-apis","http://www.colourlovers.com/api","","","","No","No","Unknown","48","D · 建议替代","仅研究/寻找替代","先寻找 HTTPS 替代服务，不纳入默认生产候选。","未声明 HTTPS，不建议生产接入；CORS 未知，需要浏览器实测"
"be58437715e9","Cooper Hewitt","Smithsonian Design Museum","https://collection.cooperhewitt.org/api","文化与媒体","Art & Design","博物馆与艺术藏品","upstream","public-apis/public-apis","https://collection.cooperhewitt.org/api","","","","apiKey","Yes","Unknown","83","B · 值得验证","后端代理","建议通过服务端适配器统一鉴权、缓存、限流和错误处理。","CORS 未知，需要浏览器实测；密钥不得暴露在前端"
"79621418b02e","Dribbble","Discover the world’s top designers & creatives","https://developer.dribbble.com","文化与媒体","Art & Design","设计师与作品发现","upstream","public-apis/public-apis","https://developer.dribbble.com","","","","OAuth","Yes","Unknown","80","B · 值得验证","OAuth 集成","适合用户授权型产品；优先评估回调、安全存储和撤销流程。","CORS 未知，需要浏览器实测；需要完整授权与令牌生命周期设计"
"3d647e875083","DummyImage","Generate placeholder images with custom size, colors and text","https://dummyimage.com/","文化与媒体","Art & Design","设计图片与占位图生成；配色、色板与图案","upstream","public-apis/public-apis","https://dummyimage.com/","","","","No","Yes","Unknown","88","A · 优先试用","后端代理","建议通过服务端适配器统一鉴权、缓存、限流和错误处理。","CORS 未知，需要浏览器实测"
"6cd59551db48","EmojiHub","Get emojis by categories and groups","https://github.com/cheatsnake/emojihub","文化与媒体","Art & Design","图标、Emoji 与视觉资产","upstream","public-apis/public-apis","https://github.com/cheatsnake/emojihub","","","","No","Yes","Yes","100","A · 优先试用","浏览器直连候选","适合无密钥原型；生产使用前验证限流、许可和稳定性。","仍需验证额度、条款、延迟与数据质量"
"4d5207428893","Europeana","European Museum and Galleries content","https://pro.europeana.eu/resources/apis/search","文化与媒体","Art & Design","博物馆与艺术藏品","upstream","public-apis/public-apis","https://pro.europeana.eu/resources/apis/search","","","","apiKey","Yes","Unknown","83","B · 值得验证","后端代理","建议通过服务端适配器统一鉴权、缓存、限流和错误处理。","CORS 未知，需要浏览器实测；密钥不得暴露在前端"
"d13ca906db0b","Harvard Art Museums","Art","https://github.com/harvardartmuseums/api-docs","文化与媒体","Art & Design","博物馆与艺术藏品","upstream","public-apis/public-apis","https://github.com/harvardartmuseums/api-docs","","","","apiKey","No","Unknown","43","D · 建议替代","仅研究/寻找替代","先寻找 HTTPS 替代服务，不纳入默认生产候选。","未声明 HTTPS，不建议生产接入；CORS 未知，需要浏览器实测；密钥不得暴露在前端"
"98bdaf361f22","Icon Horse","Favicons for any website, with fallbacks","https://icon.horse","文化与媒体","Art & Design","图标、Emoji 与视觉资产","upstream","public-apis/public-apis","https://icon.horse","","","","No","Yes","Yes","100","A · 优先试用","浏览器直连候选","适合无密钥原型；生产使用前验证限流、许可和稳定性。","仍需验证额度、条款、延迟与数据质量"
"5b5a2aa589d7","Iconfinder","Icons","https://developer.iconfinder.com","文化与媒体","Art & Design","图标、Emoji 与视觉资产","upstream","public-apis/public-apis","https://developer.iconfinder.com","","","","apiKey","Yes","Unknown","73","B · 值得验证","后端代理","建议通过服务端适配器统一鉴权、缓存、限流和错误处理。","CORS 未知，需要浏览器实测；密钥不得暴露在前端"
"ee8c7d623901","Iconify","Search and fetch SVG icons from 200+ open source icon sets","https://iconify.design/docs/api/","文化与媒体","Art & Design","图标、Emoji 与视觉资产","upstream","public-apis/public-apis","https://iconify.design/docs/api/","","","","No","Yes","Yes","100","A · 优先试用","浏览器直连候选","适合无密钥原型；生产使用前验证限流、许可和稳定性。","仍需验证额度、条款、延迟与数据质量"
"5e245568a955","Icons8","Icons (find ""search icon"" hyperlink in page)","https://img.icons8.com/","文化与媒体","Art & Design","图标、Emoji 与视觉资产","upstream","public-apis/public-apis","https://img.icons8.com/","","","","No","Yes","Unknown","88","A · 优先试用","后端代理","建议通过服务端适配器统一鉴权、缓存、限流和错误处理。","CORS 未知，需要浏览器实测"
"8b8441ddff89","Lordicon","Icons with predone Animations","https://lordicon.com/","文化与媒体","Art & Design","图标、Emoji 与视觉资产","upstream","public-apis/public-apis","https://lordicon.com/","","","","No","Yes","Yes","100","A · 优先试用","浏览器直连候选","适合无密钥原型；生产使用前验证限流、许可和稳定性。","仍需验证额度、条款、延迟与数据质量"
"5b07d083e75e","Metropolitan Museum of Art","Met Museum of Art","https://metmuseum.github.io/","文化与媒体","Art & Design","博物馆与艺术藏品","upstream","public-apis/public-apis","https://metmuseum.github.io/","","","","No","Yes","No","75","B · 值得验证","后端代理","建议通过服务端适配器统一鉴权、缓存、限流和错误处理。","浏览器不可直连，应走服务端"
"b17a2eda439b","Noun Project","Icons","http://api.thenounproject.com/index.html","文化与媒体","Art & Design","图标、Emoji 与视觉资产","upstream","public-apis/public-apis","http://api.thenounproject.com/index.html","","","","OAuth","No","Unknown","30","D · 建议替代","仅研究/寻找替代","先寻找 HTTPS 替代服务，不纳入默认生产候选。","未声明 HTTPS，不建议生产接入；CORS 未知，需要浏览器实测；需要完整授权与令牌生命周期设计"
"f7edae7371d3","PHP-Noise","Noise Background Image Generator","https://php-noise.com/","文化与媒体","Art & Design","艺术与设计综合能力","upstream","public-apis/public-apis","https://php-noise.com/","","","","No","Yes","Yes","100","A · 优先试用","浏览器直连候选","适合无密钥原型；生产使用前验证限流、许可和稳定性。","仍需验证额度、条款、延迟与数据质量"
"c39c9601d9c6","Pixel Encounter","SVG Icon Generator","https://pixelencounter.com/api","文化与媒体","Art & Design","图标、Emoji 与视觉资产","upstream","public-apis/public-apis","https://pixelencounter.com/api","","","","No","Yes","No","75","B · 值得验证","后端代理","建议通过服务端适配器统一鉴权、缓存、限流和错误处理。","浏览器不可直连，应走服务端"
"aa26669fa3c4","Rijksmuseum","RijksMuseum Data","https://data.rijksmuseum.nl/object-metadata/api/","文化与媒体","Art & Design","博物馆与艺术藏品","upstream","public-apis/public-apis","https://data.rijksmuseum.nl/object-metadata/api/","","","","apiKey","Yes","Unknown","78","B · 值得验证","后端代理","建议通过服务端适配器统一鉴权、缓存、限流和错误处理。","CORS 未知，需要浏览器实测；密钥不得暴露在前端"
"5e109ed2a605","Thisispaper","Curated architecture, design, photography and art projects with visual-similarity and taste metadata","https://www.thisispaper.com/intelligence/api-docs","文化与媒体","Art & Design","艺术与设计综合能力","upstream","public-apis/public-apis","https://www.thisispaper.com/intelligence/api-docs","","","","apiKey","Yes","Yes","95","A · 优先试用","后端代理","建议通过服务端适配器统一鉴权、缓存、限流和错误处理。","密钥不得暴露在前端"
"acd04f009fe8","UpRes","AI image upscaling to 8K with 18 models (Real-ESRGAN, SeedVR2, AuraSR)","https://upres.ai/docs/api","文化与媒体","Art & Design","艺术与设计综合能力","upstream","public-apis/public-apis","https://upres.ai/docs/api","","","","apiKey","Yes","Yes","95","A · 优先试用","后端代理","建议通过服务端适配器统一鉴权、缓存、限流和错误处理。","密钥不得暴露在前端"
"8da69e3cd2af","Text-till-Kladdesign","AI fashion design generator — transform Swedish text into clothing concepts","https://text-till-klad-design.gracestack.se/api/v1/openapi.json","文化与媒体","Art & Design","艺术与设计综合能力","upstream","public-apis/public-apis","https://text-till-klad-design.gracestack.se/api/v1/openapi.json","","","","apiKey","Yes","Yes","95","A · 优先试用","后端代理","建议通过服务端适配器统一鉴权、缓存、限流和错误处理。","密钥不得暴露在前端"
"548d638691b3","Word Cloud","Easily create word clouds","https://wordcloudapi.com/","文化与媒体","Art & Design","艺术与设计综合能力","upstream","public-apis/public-apis","https://wordcloudapi.com/","","","","apiKey","Yes","Unknown","83","B · 值得验证","后端代理","建议通过服务端适配器统一鉴权、缓存、限流和错误处理。","CORS 未知，需要浏览器实测；密钥不得暴露在前端"
"177df2224a8e","Auth0","Easy to implement, adaptable authentication and authorization platform","https://auth0.com","安全与身份","Authentication & Authorization","权限与访问控制；用户身份与账户管理","upstream","public-apis/public-apis","https://auth0.com","","","","apiKey","Yes","Yes","95","A · 优先试用","后端代理","建议通过服务端适配器统一鉴权、缓存、限流和错误处理。","密钥不得暴露在前端"
"b29c0bf3b716","GetOTP","Implement OTP flow quickly","https://otp.dev/en/docs/","安全与身份","Authentication & Authorization","免密码与 OTP 登录","upstream","public-apis/public-apis","https://otp.dev/en/docs/","","","","apiKey","Yes","No","75","B · 值得验证","后端代理","建议通过服务端适配器统一鉴权、缓存、限流和错误处理。","浏览器不可直连，应走服务端；密钥不得暴露在前端"
"950783f684d6","Micro User Service","User management and authentication","https://m3o.com/user","安全与身份","Authentication & Authorization","用户身份与账户管理","upstream","public-apis/public-apis","https://m3o.com/user","","","","apiKey","Yes","No","75","B · 值得验证","后端代理","建议通过服务端适配器统一鉴权、缓存、限流和错误处理。","浏览器不可直连，应走服务端；密钥不得暴露在前端"
"500c790c459a","MojoAuth","Secure and modern passwordless authentication platform","https://mojoauth.com","安全与身份","Authentication & Authorization","免密码与 OTP 登录；用户身份与账户管理；OAuth 与社会化登录","upstream","public-apis/public-apis","https://mojoauth.com","","","","apiKey","Yes","Yes","95","A · 优先试用","后端代理","建议通过服务端适配器统一鉴权、缓存、限流和错误处理。","密钥不得暴露在前端"
"53aec9054b67","SAWO Labs","Simplify login and improve user experience by integrating passwordless authentication in your app","https://sawolabs.com","安全与身份","Authentication & Authorization","免密码与 OTP 登录","upstream","public-apis/public-apis","https://sawolabs.com","","","","apiKey","Yes","Yes","95","A · 优先试用","后端代理","建议通过服务端适配器统一鉴权、缓存、限流和错误处理。","密钥不得暴露在前端"
"ff8824164817","Stytch","User infrastructure for modern applications","https://stytch.com/","安全与身份","Authentication & Authorization","用户身份与账户管理","upstream","public-apis/public-apis","https://stytch.com/","","","","apiKey","Yes","No","75","B · 值得验证","后端代理","建议通过服务端适配器统一鉴权、缓存、限流和错误处理。","浏览器不可直连，应走服务端；密钥不得暴露在前端"
"dd67f354a8f8","Warrant","APIs for authorization and access control","https://warrant.dev/","安全与身份","Authentication & Authorization","权限与访问控制","upstream","public-apis/public-apis","https://warrant.dev/","","","","apiKey","Yes","Yes","95","A · 优先试用","后端代理","建议通过服务端适配器统一鉴权、缓存、限流和错误处理。","密钥不得暴露在前端"
"58b950e01892","Bitquery","Onchain GraphQL APIs & DEX APIs","https://graphql.bitquery.io/ide","金融与商业","Blockchain","链上交易与区块查询；DeFi、DEX 与流动性","upstream","public-apis/public-apis","https://graphql.bitquery.io/ide","","","","apiKey","Yes","Yes","95","A · 优先试用","后端代理","建议通过服务端适配器统一鉴权、缓存、限流和错误处理。","密钥不得暴露在前端"
"8b5b2d7c1b29","Blockscout","Multichain block explorer REST API (with Etherscan-compatible JSON-RPC)","https://dev.blockscout.com/","金融与商业","Blockchain","节点与 RPC 服务；链上交易与区块查询","upstream","public-apis/public-apis","https://dev.blockscout.com/","","","","apiKey","Yes","No","75","B · 值得验证","后端代理","建议通过服务端适配器统一鉴权、缓存、限流和错误处理。","浏览器不可直连，应走服务端；密钥不得暴露在前端"
"838c67db8d6c","Chainlink","Build hybrid smart contracts with Chainlink","https://chain.link/developer-resources","金融与商业","Blockchain","智能合约与预言机","upstream","public-apis/public-apis","https://chain.link/developer-resources","","","","No","Yes","Unknown","88","A · 优先试用","后端代理","建议通过服务端适配器统一鉴权、缓存、限流和错误处理。","CORS 未知，需要浏览器实测"
"798a56bdb55b","Chainpoint","Chainpoint is a global network for anchoring data to the Bitcoin blockchain","https://tierion.com/chainpoint/","金融与商业","Blockchain","数据存证与时间证明","upstream","public-apis/public-apis","https://tierion.com/chainpoint/","","","","No","Yes","Unknown","88","A · 优先试用","后端代理","建议通过服务端适配器统一鉴权、缓存、限流和错误处理。","CORS 未知，需要浏览器实测"
"47eb5913e5b1","ClearTrace","Cross-frontend DEX attribution and execution quality data across Ethereum and L2s","https://cleartracedata.com/docs","金融与商业","Blockchain","DeFi、DEX 与流动性","upstream","public-apis/public-apis","https://cleartracedata.com/docs","","","","No","Yes","Yes","100","A · 优先试用","浏览器直连候选","适合无密钥原型；生产使用前验证限流、许可和稳定性。","仍需验证额度、条款、延迟与数据质量"
"276b6b890abe","Covalent","Multi-blockchain data aggregator platform","https://www.covalenthq.com/docs/api/","金融与商业","Blockchain","链上交易与区块查询","upstream","public-apis/public-apis","https://www.covalenthq.com/docs/api/","","","","apiKey","Yes","Unknown","83","B · 值得验证","后端代理","建议通过服务端适配器统一鉴权、缓存、限流和错误处理。","CORS 未知，需要浏览器实测；密钥不得暴露在前端"
"88866b3b3097","Etherscan","Ethereum explorer API","https://etherscan.io/apis","金融与商业","Blockchain","区块链综合能力","upstream","public-apis/public-apis","https://etherscan.io/apis","","","","apiKey","Yes","Yes","90","A · 优先试用","后端代理","建议通过服务端适配器统一鉴权、缓存、限流和错误处理。","密钥不得暴露在前端"
"0944910596b1","Get Started with Web3","Bilingual Web3 lessons, glossary search and role-based learning paths","https://github.com/beihaili/Get-Started-with-Web3/blob/main/docs/api.md","金融与商业","Blockchain","区块链综合能力","upstream","public-apis/public-apis","https://github.com/beihaili/Get-Started-with-Web3/blob/main/docs/api.md","","","","No","Yes","Yes","100","A · 优先试用","浏览器直连候选","适合无密钥原型；生产使用前验证限流、许可和稳定性。","仍需验证额度、条款、延迟与数据质量"
"7e90197cd4ba","Helium","Helium is a global, distributed network of Hotspots that create public, long-range wireless coverage","https://docs.helium.com/api/blockchain/introduction/","金融与商业","Blockchain","区块链综合能力","upstream","public-apis/public-apis","https://docs.helium.com/api/blockchain/introduction/","","","","No","Yes","Unknown","88","A · 优先试用","后端代理","建议通过服务端适配器统一鉴权、缓存、限流和错误处理。","CORS 未知，需要浏览器实测"
"fe797e7f28d7","Nownodes","Blockchain-as-a-service solution that provides high-quality connection via API","https://nownodes.io/","金融与商业","Blockchain","区块链综合能力","upstream","public-apis/public-apis","https://nownodes.io/","","","","apiKey","Yes","Unknown","83","B · 值得验证","后端代理","建议通过服务端适配器统一鉴权、缓存、限流和错误处理。","CORS 未知，需要浏览器实测；密钥不得暴露在前端"
"c9b928bff74e","Steem","Blockchain-based blogging and social media website","https://developers.steem.io/","金融与商业","Blockchain","区块链综合能力","upstream","public-apis/public-apis","https://developers.steem.io/","","","","No","No","No","50","C · 谨慎接入","仅研究/寻找替代","先寻找 HTTPS 替代服务，不纳入默认生产候选。","未声明 HTTPS，不建议生产接入；浏览器不可直连，应走服务端"
"4cc8197082a9","TWZRD Agent Intel","Solana on-chain agent trust scoring via MCP; 4 free tools to score, resolve and verify AI agent wallets","https://intel.twzrd.xyz","金融与商业","Blockchain","区块链综合能力","upstream","public-apis/public-apis","https://intel.twzrd.xyz","","","","No","Yes","Yes","100","A · 优先试用","浏览器直连候选","适合无密钥原型；生产使用前验证限流、许可和稳定性。","仍需验证额度、条款、延迟与数据质量"
"32aa65188cc5","The Graph","Indexing protocol for querying networks like Ethereum with GraphQL","https://thegraph.com","金融与商业","Blockchain","DeFi、DEX 与流动性","upstream","public-apis/public-apis","https://thegraph.com","","","","apiKey","Yes","Unknown","83","B · 值得验证","后端代理","建议通过服务端适配器统一鉴权、缓存、限流和错误处理。","CORS 未知，需要浏览器实测；密钥不得暴露在前端"
"ba74168579f0","Walltime","To retrieve Walltime's market info","https://walltime.info/api.html","金融与商业","Blockchain","区块链综合能力","upstream","public-apis/public-apis","https://walltime.info/api.html","","","","No","Yes","Unknown","88","A · 优先试用","后端代理","建议通过服务端适配器统一鉴权、缓存、限流和错误处理。","CORS 未知，需要浏览器实测"
"43167a09e996","Watchdata","Provide simple and reliable API access to Ethereum blockchain","https://docs.watchdata.io","金融与商业","Blockchain","区块链综合能力","upstream","public-apis/public-apis","https://docs.watchdata.io","","","","apiKey","Yes","Unknown","83","B · 值得验证","后端代理","建议通过服务端适配器统一鉴权、缓存、限流和错误处理。","CORS 未知，需要浏览器实测；密钥不得暴露在前端"
"596c2181b623","A Bíblia Digital","Do not worry about managing the multiple versions of the Bible","https://www.abibliadigital.com.br/en","文化与媒体","Books","宗教经典与语义检索","upstream","public-apis/public-apis","https://www.abibliadigital.com.br/en","","","","apiKey","Yes","No","75","B · 值得验证","后端代理","建议通过服务端适配器统一鉴权、缓存、限流和错误处理。","浏览器不可直连，应走服务端；密钥不得暴露在前端"
"8b0dc3a7b9c3","Amanah Sunnah","Semantic search across Quran, Hadith, Tafsir & 18K+ Rijal narrators","https://sunnah.amanahagent.cloud/developers","文化与媒体","Books","宗教经典与语义检索","upstream","public-apis/public-apis","https://sunnah.amanahagent.cloud/developers","","","","apiKey","Yes","Yes","95","A · 优先试用","后端代理","建议通过服务端适配器统一鉴权、缓存、限流和错误处理。","密钥不得暴露在前端"
"d9602f23d86b","Bhagavad Gita","Open Source Shrimad Bhagavad Gita API including 21+ authors translation in Sanskrit/English/Hindi","https://docs.bhagavadgitaapi.in","文化与媒体","Books","宗教经典与语义检索","upstream","public-apis/public-apis","https://docs.bhagavadgitaapi.in","","","","apiKey","Yes","Yes","95","A · 优先试用","后端代理","建议通过服务端适配器统一鉴权、缓存、限流和错误处理。","密钥不得暴露在前端"
"de93e5b8c172","Bhagavad Gita","Bhagavad Gita text","https://bhagavadgita.io/api","文化与媒体","Books","宗教经典与语义检索","upstream","public-apis/public-apis","https://bhagavadgita.io/api","","","","OAuth","Yes","Yes","87","A · 优先试用","OAuth 集成","适合用户授权型产品；优先评估回调、安全存储和撤销流程。","需要完整授权与令牌生命周期设计"
"5937f8ef13bd","Bhagavad Gita telugu","Bhagavad Gita API in telugu and odia languages","https://gita-api.vercel.app","文化与媒体","Books","宗教经典与语义检索","upstream","public-apis/public-apis","https://gita-api.vercel.app","","","","No","Yes","Yes","100","A · 优先试用","浏览器直连候选","适合无密钥原型；生产使用前验证限流、许可和稳定性。","仍需验证额度、条款、延迟与数据质量"
"770e053d0801","Bible-api","Free Bible API with multiple languages","https://bible-api.com/","文化与媒体","Books","宗教经典与语义检索","upstream","public-apis/public-apis","https://bible-api.com/","","","","No","Yes","Yes","100","A · 优先试用","浏览器直连候选","适合无密钥原型；生产使用前验证限流、许可和稳定性。","仍需验证额度、条款、延迟与数据质量"
"70bcc915a7e3","British National Bibliography","Books","http://bnb.data.bl.uk/","文化与媒体","Books","图书搜索与书目发现","upstream","public-apis/public-apis","http://bnb.data.bl.uk/","","","","No","No","Unknown","38","D · 建议替代","仅研究/寻找替代","先寻找 HTTPS 替代服务，不纳入默认生产候选。","未声明 HTTPS，不建议生产接入；CORS 未知，需要浏览器实测"
"7d816c847845","Crossref Metadata Search","Books & Articles Metadata","https://github.com/CrossRef/rest-api-doc","文化与媒体","Books","ISBN 与图书元数据","upstream","public-apis/public-apis","https://github.com/CrossRef/rest-api-doc","","","","No","Yes","Unknown","88","A · 优先试用","后端代理","建议通过服务端适配器统一鉴权、缓存、限流和错误处理。","CORS 未知，需要浏览器实测"
"76bad8e0f9a1","Ganjoor","Classic Persian poetry works including access to related manuscripts, recitations and music tracks","https://api.ganjoor.net","文化与媒体","Books","图书与阅读综合能力","upstream","public-apis/public-apis","https://api.ganjoor.net","","","","OAuth","Yes","Yes","92","A · 优先试用","OAuth 集成","适合用户授权型产品；优先评估回调、安全存储和撤销流程。","需要完整授权与令牌生命周期设计"
"5f1a88db44a7","Google Books","Books","https://developers.google.com/books/","文化与媒体","Books","图书搜索与书目发现","upstream","public-apis/public-apis","https://developers.google.com/books/","","","","OAuth","Yes","Unknown","70","B · 值得验证","OAuth 集成","适合用户授权型产品；优先评估回调、安全存储和撤销流程。","CORS 未知，需要浏览器实测；需要完整授权与令牌生命周期设计"
"18398d5d09f8","GurbaniNow","Fast and Accurate Gurbani RESTful API","https://github.com/GurbaniNow/api","文化与媒体","Books","图书与阅读综合能力","upstream","public-apis/public-apis","https://github.com/GurbaniNow/api","","","","No","Yes","Unknown","88","A · 优先试用","后端代理","建议通过服务端适配器统一鉴权、缓存、限流和错误处理。","CORS 未知，需要浏览器实测"
"e88539f4ed12","Gutendex","Web-API for fetching data from Project Gutenberg Books Library","https://gutendex.com/","文化与媒体","Books","全文与公共领域阅读；图书馆馆藏与借阅","upstream","public-apis/public-apis","https://gutendex.com/","","","","No","Yes","Unknown","88","A · 优先试用","后端代理","建议通过服务端适配器统一鉴权、缓存、限流和错误处理。","CORS 未知，需要浏览器实测"
"51b28d4ecfc1","KDP Intelligence","KDP niche demand scores, competition analysis and revenue estimates","https://kdp-intelligence-api.vercel.app/docs","文化与媒体","Books","图书与阅读综合能力","upstream","public-apis/public-apis","https://kdp-intelligence-api.vercel.app/docs","","","","No","Yes","Yes","100","A · 优先试用","浏览器直连候选","适合无密钥原型；生产使用前验证限流、许可和稳定性。","仍需验证额度、条款、延迟与数据质量"
"3524b79859f3","Open Library","Books, book covers and related data","https://openlibrary.org/developers/api","文化与媒体","Books","图书馆馆藏与借阅；图书搜索与书目发现；ISBN 与图书元数据","upstream","public-apis/public-apis","https://openlibrary.org/developers/api","","","","No","Yes","No","80","B · 值得验证","后端代理","建议通过服务端适配器统一鉴权、缓存、限流和错误处理。","浏览器不可直连，应走服务端"
"ebc8af059598","Penguin Publishing","Books, book covers and related data","http://www.penguinrandomhouse.biz/webservices/rest/","文化与媒体","Books","ISBN 与图书元数据","upstream","public-apis/public-apis","http://www.penguinrandomhouse.biz/webservices/rest/","","","","No","Yes","Yes","90","A · 优先试用","浏览器直连候选","适合无密钥原型；生产使用前验证限流、许可和稳定性。","仍需验证额度、条款、延迟与数据质量"
"abb4c1f90ffe","PoetryDB","Enables you to get instant data from our vast poetry collection","https://github.com/thundercomb/poetrydb#readme","文化与媒体","Books","图书与阅读综合能力","upstream","public-apis/public-apis","https://github.com/thundercomb/poetrydb#readme","","","","No","Yes","Yes","100","A · 优先试用","浏览器直连候选","适合无密钥原型；生产使用前验证限流、许可和稳定性。","仍需验证额度、条款、延迟与数据质量"
"07e6b192e378","Quran","RESTful Quran API with multiple languages","https://quran.api-docs.io/","文化与媒体","Books","宗教经典与语义检索","upstream","public-apis/public-apis","https://quran.api-docs.io/","","","","No","Yes","Yes","100","A · 优先试用","浏览器直连候选","适合无密钥原型；生产使用前验证限流、许可和稳定性。","仍需验证额度、条款、延迟与数据质量"
"480e9ce751f2","Quran Cloud","A RESTful Quran API to retrieve an Ayah, Surah, Juz or the entire Holy Quran","https://alquran.cloud/api","文化与媒体","Books","宗教经典与语义检索","upstream","public-apis/public-apis","https://alquran.cloud/api","","","","No","Yes","Yes","100","A · 优先试用","浏览器直连候选","适合无密钥原型；生产使用前验证限流、许可和稳定性。","仍需验证额度、条款、延迟与数据质量"
"cfebfa7dec23","Quran-api","Free Quran API Service with 90+ different languages and 400+ translations","https://github.com/fawazahmed0/quran-api#readme","文化与媒体","Books","宗教经典与语义检索","upstream","public-apis/public-apis","https://github.com/fawazahmed0/quran-api#readme","","","","No","Yes","Yes","100","A · 优先试用","浏览器直连候选","适合无密钥原型；生产使用前验证限流、许可和稳定性。","仍需验证额度、条款、延迟与数据质量"
"13b6acee1435","Runyankole Bible","Free REST API for the Runyankore-Rukiga Bible — 66 books, 31106 verses","https://runyankole-bible-api.vercel.app","文化与媒体","Books","宗教经典与语义检索","upstream","public-apis/public-apis","https://runyankole-bible-api.vercel.app","","","","No","Yes","Yes","100","A · 优先试用","浏览器直连候选","适合无密钥原型；生产使用前验证限流、许可和稳定性。","仍需验证额度、条款、延迟与数据质量"
"8d30a4e1f4ed","The Bible","Everything you need from the Bible in one discoverable place","https://docs.api.bible","文化与媒体","Books","宗教经典与语义检索；ISBN 与图书元数据","upstream","public-apis/public-apis","https://docs.api.bible","","","","apiKey","Yes","Unknown","83","B · 值得验证","后端代理","建议通过服务端适配器统一鉴权、缓存、限流和错误处理。","CORS 未知，需要浏览器实测；密钥不得暴露在前端"
"c6edbc58d875","Thirukkural","1330 Thirukkural poems and explanation in Tamil and English","https://api-thirukkural.web.app/","文化与媒体","Books","图书与阅读综合能力","upstream","public-apis/public-apis","https://api-thirukkural.web.app/","","","","No","Yes","Yes","100","A · 优先试用","浏览器直连候选","适合无密钥原型；生产使用前验证限流、许可和稳定性。","仍需验证额度、条款、延迟与数据质量"
"e429d14e2507","Urantia Papers","Full-text + semantic search across the Urantia Papers, with audio narration, entities, translations","https://urantia.dev","文化与媒体","Books","图书与阅读综合能力","upstream","public-apis/public-apis","https://urantia.dev","","","","No","Yes","Yes","100","A · 优先试用","浏览器直连候选","适合无密钥原型；生产使用前验证限流、许可和稳定性。","仍需验证额度、条款、延迟与数据质量"
"3b79b838633f","Wizard World","Get information from the Harry Potter universe","https://wizard-world-api.herokuapp.com/swagger/index.html","文化与媒体","Books","图书与阅读综合能力","upstream","public-apis/public-apis","https://wizard-world-api.herokuapp.com/swagger/index.html","","","","No","Yes","Yes","100","A · 优先试用","浏览器直连候选","适合无密钥原型；生产使用前验证限流、许可和稳定性。","仍需验证额度、条款、延迟与数据质量"
"f02c852713cd","Wolne Lektury","API for obtaining information about e-books available on the WolneLektury.pl website","https://wolnelektury.pl/api/","文化与媒体","Books","图书与阅读综合能力","upstream","public-apis/public-apis","https://wolnelektury.pl/api/","","","","No","Yes","Unknown","88","A · 优先试用","后端代理","建议通过服务端适配器统一鉴权、缓存、限流和错误处理。","CORS 未知，需要浏览器实测"
"29d734e8af55","Apache Superset","API to manage your BI dashboards and data sources on Superset","https://superset.apache.org/docs/api","金融与商业","Business","商业分析与 BI","upstream","public-apis/public-apis","https://superset.apache.org/docs/api","","","","apiKey","Yes","Yes","95","A · 优先试用","后端代理","建议通过服务端适配器统一鉴权、缓存、限流和错误处理。","密钥不得暴露在前端"
"9344c975e4a0","Charity Search","Non-profit charity data","http://charityapi.orghunter.com/","金融与商业","Business","公益组织与慈善查询","upstream","public-apis/public-apis","http://charityapi.orghunter.com/","","","","apiKey","No","Unknown","38","D · 建议替代","仅研究/寻找替代","先寻找 HTTPS 替代服务，不纳入默认生产候选。","未声明 HTTPS，不建议生产接入；CORS 未知，需要浏览器实测；密钥不得暴露在前端"
"ef84a64a49d2","Clearbit Logo","Search for company logos and embed them in your projects","https://clearbit.com/docs#logo-api","金融与商业","Business","企业资料与销售线索；企业域名与品牌资产","upstream","public-apis/public-apis","https://clearbit.com/docs#logo-api","","","","apiKey","Yes","Unknown","83","B · 值得验证","后端代理","建议通过服务端适配器统一鉴权、缓存、限流和错误处理。","CORS 未知，需要浏览器实测；密钥不得暴露在前端"
"2cab2e751dff","Domainsdb.info","Registered Domain Names Search","https://domainsdb.info/","金融与商业","Business","企业域名与品牌资产","upstream","public-apis/public-apis","https://domainsdb.info/","","","","No","Yes","No","80","B · 值得验证","后端代理","建议通过服务端适配器统一鉴权、缓存、限流和错误处理。","浏览器不可直连，应走服务端"
"43c66f27640c","Freelancer","Hire freelancers to get work done","https://developers.freelancer.com","金融与商业","Business","自由职业与外包服务","upstream","public-apis/public-apis","https://developers.freelancer.com","","","","OAuth","Yes","Unknown","80","B · 值得验证","OAuth 集成","适合用户授权型产品；优先评估回调、安全存储和撤销流程。","CORS 未知，需要浏览器实测；需要完整授权与令牌生命周期设计"
"c4e51c9783b9","Funding Signals","Companies that just raised funding, scored as sales leads, from public SEC filings","https://fundingsignals.net/docs","金融与商业","Business","企业资料与销售线索","upstream","public-apis/public-apis","https://fundingsignals.net/docs","","","","apiKey","Yes","No","75","B · 值得验证","后端代理","建议通过服务端适配器统一鉴权、缓存、限流和错误处理。","浏览器不可直连，应走服务端；密钥不得暴露在前端"
"66ebf1381d05","Gmail","Flexible, RESTful access to the user's inbox","https://developers.google.com/gmail/api/","金融与商业","Business","商业服务综合能力","upstream","public-apis/public-apis","https://developers.google.com/gmail/api/","","","","OAuth","Yes","Unknown","80","B · 值得验证","OAuth 集成","适合用户授权型产品；优先评估回调、安全存储和撤销流程。","CORS 未知，需要浏览器实测；需要完整授权与令牌生命周期设计"
"535287eac29f","Google Analytics","Collect, configure and analyze your data to reach the right audience","https://developers.google.com/analytics/","金融与商业","Business","商业分析与 BI","upstream","public-apis/public-apis","https://developers.google.com/analytics/","","","","OAuth","Yes","Unknown","80","B · 值得验证","OAuth 集成","适合用户授权型产品；优先评估回调、安全存储和撤销流程。","CORS 未知，需要浏览器实测；需要完整授权与令牌生命周期设计"
"70948b1c7ef6","Instatus","Post to and update maintenance and incidents on your status page through an HTTP REST API","https://instatus.com/help/api","金融与商业","Business","商业服务综合能力","upstream","public-apis/public-apis","https://instatus.com/help/api","","","","apiKey","Yes","Unknown","83","B · 值得验证","后端代理","建议通过服务端适配器统一鉴权、缓存、限流和错误处理。","CORS 未知，需要浏览器实测；密钥不得暴露在前端"
"e59b12e41247","Invovate","Generate PDF, JSON & UBL invoices in 11 languages from one JSON POST","https://invovate.com/api","金融与商业","Business","企业注册与工商查询","upstream","public-apis/public-apis","https://invovate.com/api","","","","apiKey","Yes","No","75","B · 值得验证","后端代理","建议通过服务端适配器统一鉴权、缓存、限流和错误处理。","浏览器不可直连，应走服务端；密钥不得暴露在前端"
"e501714173f9","Legal Sandbox Georgia","Find verified legal specialists in Georgia from natural-language queries","https://legal.ge/api/openapi.json","金融与商业","Business","商业服务综合能力","upstream","public-apis/public-apis","https://legal.ge/api/openapi.json","","","","No","Yes","Yes","100","A · 优先试用","浏览器直连候选","适合无密钥原型；生产使用前验证限流、许可和稳定性。","仍需验证额度、条款、延迟与数据质量"
"da199a70129e","Mailchimp","Send marketing campaigns and transactional mails","https://mailchimp.com/developer/","金融与商业","Business","商业服务综合能力","upstream","public-apis/public-apis","https://mailchimp.com/developer/","","","","apiKey","Yes","Unknown","83","B · 值得验证","后端代理","建议通过服务端适配器统一鉴权、缓存、限流和错误处理。","CORS 未知，需要浏览器实测；密钥不得暴露在前端"
"405744dc453a","mailjet","Marketing email can be sent and mail templates made in MJML or HTML can be sent using API","https://www.mailjet.com/","金融与商业","Business","商业服务综合能力","upstream","public-apis/public-apis","https://www.mailjet.com/","","","","apiKey","Yes","Unknown","83","B · 值得验证","后端代理","建议通过服务端适配器统一鉴权、缓存、限流和错误处理。","CORS 未知，需要浏览器实测；密钥不得暴露在前端"
"65d6288f47b2","markerapi","Trademark Search","https://markerapi.com","金融与商业","Business","商业服务综合能力","upstream","public-apis/public-apis","https://markerapi.com","","","","No","No","Unknown","53","C · 谨慎接入","仅研究/寻找替代","先寻找 HTTPS 替代服务，不纳入默认生产候选。","未声明 HTTPS，不建议生产接入；CORS 未知，需要浏览器实测"
"e563e007ea35","Meirra","SEO monitoring, email verification, lead generation, and marketing analytics","https://meirra.com/api","金融与商业","Business","商业分析与 BI","upstream","public-apis/public-apis","https://meirra.com/api","","","","apiKey","Yes","Yes","95","A · 优先试用","后端代理","建议通过服务端适配器统一鉴权、缓存、限流和错误处理。","密钥不得暴露在前端"
"130d509ec6f5","ORB Intelligence","Company lookup","https://api.orb-intelligence.com/docs/","金融与商业","Business","企业资料与销售线索","upstream","public-apis/public-apis","https://api.orb-intelligence.com/docs/","","","","apiKey","Yes","Unknown","78","B · 值得验证","后端代理","建议通过服务端适配器统一鉴权、缓存、限流和错误处理。","CORS 未知，需要浏览器实测；密钥不得暴露在前端"
"13f08b62b9dd","Pick an Agency","Search 47,000+ marketing agencies by service, location and rating","https://www.pickanagency.com/developers","金融与商业","Business","商业服务综合能力","upstream","public-apis/public-apis","https://www.pickanagency.com/developers","","","","No","Yes","Yes","100","A · 优先试用","浏览器直连候选","适合无密钥原型；生产使用前验证限流、许可和稳定性。","仍需验证额度、条款、延迟与数据质量"
"94ccdf61a573","Redash","Access your queries and dashboards on Redash","https://redash.io/help/user-guide/integrations-and-api/api","金融与商业","Business","商业服务综合能力","upstream","public-apis/public-apis","https://redash.io/help/user-guide/integrations-and-api/api","","","","apiKey","Yes","Yes","95","A · 优先试用","后端代理","建议通过服务端适配器统一鉴权、缓存、限流和错误处理。","密钥不得暴露在前端"
"ebd706be0137","Signaliz","GTM enrichment, lead generation, email verification, and company signals","https://signaliz.docs.buildwithfern.com/signaliz-api-public-docs/introduction","金融与商业","Business","企业资料与销售线索","upstream","public-apis/public-apis","https://signaliz.docs.buildwithfern.com/signaliz-api-public-docs/introduction","","","","apiKey","Yes","Unknown","83","B · 值得验证","后端代理","建议通过服务端适配器统一鉴权、缓存、限流和错误处理。","CORS 未知，需要浏览器实测；密钥不得暴露在前端"
"0b24db0717e2","Smartsheet","Allows you to programmatically access and Smartsheet data and account information","https://smartsheet.redoc.ly/","金融与商业","Business","商业服务综合能力","upstream","public-apis/public-apis","https://smartsheet.redoc.ly/","","","","OAuth","Yes","No","72","B · 值得验证","OAuth 集成","适合用户授权型产品；优先评估回调、安全存储和撤销流程。","浏览器不可直连，应走服务端；需要完整授权与令牌生命周期设计"
"2b4bc89797c7","Square","Easy way to take payments, manage refunds, and help customers checkout online","https://developer.squareup.com/reference/square","金融与商业","Business","商业服务综合能力","upstream","public-apis/public-apis","https://developer.squareup.com/reference/square","","","","OAuth","Yes","Unknown","80","B · 值得验证","OAuth 集成","适合用户授权型产品；优先评估回调、安全存储和撤销流程。","CORS 未知，需要浏览器实测；需要完整授权与令牌生命周期设计"
"07780c2d4e72","SwiftKanban","Kanban software, Visualize Work, Increase Organizations Lead Time, Throughput & Productivity","https://www.digite.com/knowledge-base/swiftkanban/article/api-for-swift-kanban-web-services/#restapi","金融与商业","Business","商业服务综合能力","upstream","public-apis/public-apis","https://www.digite.com/knowledge-base/swiftkanban/article/api-for-swift-kanban-web-services/#restapi","","","","apiKey","Yes","Unknown","83","B · 值得验证","后端代理","建议通过服务端适配器统一鉴权、缓存、限流和错误处理。","CORS 未知，需要浏览器实测；密钥不得暴露在前端"
"dcefc6ac8e65","Tenders in Hungary","Get data for procurements in Hungary in JSON format","https://tenders.guru/hu/api","金融与商业","Business","商业服务综合能力","upstream","public-apis/public-apis","https://tenders.guru/hu/api","","","","No","Yes","Unknown","88","A · 优先试用","后端代理","建议通过服务端适配器统一鉴权、缓存、限流和错误处理。","CORS 未知，需要浏览器实测"
"ff57536196d6","Tenders in Poland","Get data for procurements in Poland in JSON format","https://tenders.guru/pl/api","金融与商业","Business","商业服务综合能力","upstream","public-apis/public-apis","https://tenders.guru/pl/api","","","","No","Yes","Unknown","88","A · 优先试用","后端代理","建议通过服务端适配器统一鉴权、缓存、限流和错误处理。","CORS 未知，需要浏览器实测"
"810aa920ca9b","Tenders in Romania","Get data for procurements in Romania in JSON format","https://tenders.guru/ro/api","金融与商业","Business","商业服务综合能力","upstream","public-apis/public-apis","https://tenders.guru/ro/api","","","","No","Yes","Unknown","88","A · 优先试用","后端代理","建议通过服务端适配器统一鉴权、缓存、限流和错误处理。","CORS 未知，需要浏览器实测"
"e6de34aba7d1","Tenders in Spain","Get data for procurements in Spain in JSON format","https://tenders.guru/es/api","金融与商业","Business","商业服务综合能力","upstream","public-apis/public-apis","https://tenders.guru/es/api","","","","No","Yes","Unknown","88","A · 优先试用","后端代理","建议通过服务端适配器统一鉴权、缓存、限流和错误处理。","CORS 未知，需要浏览器实测"
"b5d5835bdf62","Tenders in Ukraine","Get data for procurements in Ukraine in JSON format","https://tenders.guru/ua/api","金融与商业","Business","商业服务综合能力","upstream","public-apis/public-apis","https://tenders.guru/ua/api","","","","No","Yes","Unknown","88","A · 优先试用","后端代理","建议通过服务端适配器统一鉴权、缓存、限流和错误处理。","CORS 未知，需要浏览器实测"
"146ad0e7d604","Tomba email finder","Email Finder for B2B sales and email marketing and email verifier","https://tomba.io/api","金融与商业","Business","商业服务综合能力","upstream","public-apis/public-apis","https://tomba.io/api","","","","apiKey","Yes","Yes","95","A · 优先试用","后端代理","建议通过服务端适配器统一鉴权、缓存、限流和错误处理。","密钥不得暴露在前端"
"2294785681a1","Trello","Boards, lists and cards to help you organize and prioritize your projects","https://developers.trello.com/","金融与商业","Business","商业服务综合能力","upstream","public-apis/public-apis","https://developers.trello.com/","","","","OAuth","Yes","Unknown","80","B · 值得验证","OAuth 集成","适合用户授权型产品；优先评估回调、安全存储和撤销流程。","CORS 未知，需要浏览器实测；需要完整授权与令牌生命周期设计"
"85ddd08f1f9a","Village","Person and company enrichment plus warm introduction paths through your network","https://docs.village.ai","金融与商业","Business","企业资料与销售线索","upstream","public-apis/public-apis","https://docs.village.ai","","","","apiKey","Yes","Yes","95","A · 优先试用","后端代理","建议通过服务端适配器统一鉴权、缓存、限流和错误处理。","密钥不得暴露在前端"
"3b09f12f50ab","caldays","Public holidays for 195+ countries","https://caldays.com/api","公共与知识数据","Calendar","公共假日与工作日","upstream","public-apis/public-apis","https://caldays.com/api","","","","No","Yes","Yes","100","A · 优先试用","浏览器直连候选","适合无密钥原型；生产使用前验证限流、许可和稳定性。","仍需验证额度、条款、延迟与数据质量"
"9ec7cf12880e","Calendarific","Worldwide Holidays","https://calendarific.com/","公共与知识数据","Calendar","公共假日与工作日","upstream","public-apis/public-apis","https://calendarific.com/","","","","apiKey","Yes","Unknown","78","B · 值得验证","后端代理","建议通过服务端适配器统一鉴权、缓存、限流和错误处理。","CORS 未知，需要浏览器实测；密钥不得暴露在前端"
"76ba9d1f651e","Checkiday - National Holiday","Industry-leading holiday data with over 5,000 holidays and thousands of descriptions","https://apilayer.com/marketplace/checkiday-api","公共与知识数据","Calendar","公共假日与工作日","upstream","public-apis/public-apis","https://apilayer.com/marketplace/checkiday-api","","","","apiKey","Yes","Unknown","83","B · 值得验证","后端代理","建议通过服务端适配器统一鉴权、缓存、限流和错误处理。","CORS 未知，需要浏览器实测；密钥不得暴露在前端"
"03d35f4746ce","Church Calendar","Catholic liturgical calendar","http://calapi.inadiutorium.cz/","公共与知识数据","Calendar","纪念日与文化节日；日历事件管理","upstream","public-apis/public-apis","http://calapi.inadiutorium.cz/","","","","No","No","Unknown","48","D · 建议替代","仅研究/寻找替代","先寻找 HTTPS 替代服务，不纳入默认生产候选。","未声明 HTTPS，不建议生产接入；CORS 未知，需要浏览器实测"
"fed1683bf6c3","Czech Namedays Calendar","Lookup for a name and returns nameday date","https://svatky.adresa.info","公共与知识数据","Calendar","纪念日与文化节日；日期时间与时区计算","upstream","public-apis/public-apis","https://svatky.adresa.info","","","","No","No","Unknown","58","C · 谨慎接入","仅研究/寻找替代","先寻找 HTTPS 替代服务，不纳入默认生产候选。","未声明 HTTPS，不建议生产接入；CORS 未知，需要浏览器实测"
"045f7bd1b6fa","Festivo Public Holidays","Fastest and most advanced public holiday and observance service on the market","https://docs.getfestivo.com/docs/products/public-holidays-api/intro","公共与知识数据","Calendar","公共假日与工作日；纪念日与文化节日","upstream","public-apis/public-apis","https://docs.getfestivo.com/docs/products/public-holidays-api/intro","","","","apiKey","Yes","Yes","95","A · 优先试用","后端代理","建议通过服务端适配器统一鉴权、缓存、限流和错误处理。","密钥不得暴露在前端"
"385d2675a3f3","Google Calendar","Display, create and modify Google calendar events","https://developers.google.com/google-apps/calendar/","公共与知识数据","Calendar","日历事件管理","upstream","public-apis/public-apis","https://developers.google.com/google-apps/calendar/","","","","OAuth","Yes","Unknown","80","B · 值得验证","OAuth 集成","适合用户授权型产品；优先评估回调、安全存储和撤销流程。","CORS 未知，需要浏览器实测；需要完整授权与令牌生命周期设计"
"0b66685c25c1","Hebrew Calendar","Convert between Gregorian and Hebrew, fetch Shabbat and Holiday times, etc","https://www.hebcal.com/home/developer-apis","公共与知识数据","Calendar","公共假日与工作日","upstream","public-apis/public-apis","https://www.hebcal.com/home/developer-apis","","","","No","No","Unknown","58","C · 谨慎接入","仅研究/寻找替代","先寻找 HTTPS 替代服务，不纳入默认生产候选。","未声明 HTTPS，不建议生产接入；CORS 未知，需要浏览器实测"
"6b09471b802f","Holidays","Historical data regarding holidays","https://holidayapi.com/","公共与知识数据","Calendar","公共假日与工作日；日历事件管理","upstream","public-apis/public-apis","https://holidayapi.com/","","","","apiKey","Yes","Unknown","83","B · 值得验证","后端代理","建议通过服务端适配器统一鉴权、缓存、限流和错误处理。","CORS 未知，需要浏览器实测；密钥不得暴露在前端"
"61709348631e","LectServe","Protestant liturgical calendar","http://www.lectserve.com","公共与知识数据","Calendar","纪念日与文化节日；日历事件管理","upstream","public-apis/public-apis","http://www.lectserve.com","","","","No","No","Unknown","48","D · 建议替代","仅研究/寻找替代","先寻找 HTTPS 替代服务，不纳入默认生产候选。","未声明 HTTPS，不建议生产接入；CORS 未知，需要浏览器实测"
"2110ef296cf3","Nager.Date","Public holidays for more than 90 countries","https://date.nager.at","公共与知识数据","Calendar","公共假日与工作日；日期时间与时区计算","upstream","public-apis/public-apis","https://date.nager.at","","","","No","Yes","No","80","B · 值得验证","后端代理","建议通过服务端适配器统一鉴权、缓存、限流和错误处理。","浏览器不可直连，应走服务端"
"754086f82b55","Namedays Calendar","Provides namedays for multiple countries","https://nameday.abalin.net","公共与知识数据","Calendar","纪念日与文化节日","upstream","public-apis/public-apis","https://nameday.abalin.net","","","","No","Yes","Yes","100","A · 优先试用","浏览器直连候选","适合无密钥原型；生产使用前验证限流、许可和稳定性。","仍需验证额度、条款、延迟与数据质量"
"6af256c13dae","Non-Working Days","Database of ICS files for non working days","https://github.com/gadael/icsdb","公共与知识数据","Calendar","公共假日与工作日","upstream","public-apis/public-apis","https://github.com/gadael/icsdb","","","","No","Yes","Unknown","88","A · 优先试用","后端代理","建议通过服务端适配器统一鉴权、缓存、限流和错误处理。","CORS 未知，需要浏览器实测"
"da384af57314","Non-Working Days","Simple REST API for checking working, non-working or short days for Russia, CIS, USA and other","https://isdayoff.ru","公共与知识数据","Calendar","公共假日与工作日","upstream","public-apis/public-apis","https://isdayoff.ru","","","","No","Yes","Yes","100","A · 优先试用","浏览器直连候选","适合无密钥原型；生产使用前验证限流、许可和稳定性。","仍需验证额度、条款、延迟与数据质量"
"6f2880ef0338","Public Holidays","Data on national, regional, and religious holidays via API","https://www.abstractapi.com/holidays-api","公共与知识数据","Calendar","公共假日与工作日","upstream","public-apis/public-apis","https://www.abstractapi.com/holidays-api","","","","apiKey","Yes","Yes","95","A · 优先试用","后端代理","建议通过服务端适配器统一鉴权、缓存、限流和错误处理。","密钥不得暴露在前端"
"285964ebed91","Russian Calendar","Check if a date is a Russian holiday or not","https://github.com/egno/work-calendar","公共与知识数据","Calendar","公共假日与工作日；日期时间与时区计算","upstream","public-apis/public-apis","https://github.com/egno/work-calendar","","","","No","Yes","No","80","B · 值得验证","后端代理","建议通过服务端适配器统一鉴权、缓存、限流和错误处理。","浏览器不可直连，应走服务端"
"147b7a91c39a","The Calendar","Public holidays for US states and 30 countries plus sports and finance calendars as static JSON","https://the-calendar.net/api/","公共与知识数据","Calendar","公共假日与工作日","upstream","public-apis/public-apis","https://the-calendar.net/api/","","","","No","Yes","Yes","100","A · 优先试用","浏览器直连候选","适合无密钥原型；生产使用前验证限流、许可和稳定性。","仍需验证额度、条款、延迟与数据质量"
"be5c1d101de6","UK Bank Holidays","Bank holidays in England and Wales, Scotland and Northern Ireland","https://www.gov.uk/bank-holidays.json","公共与知识数据","Calendar","公共假日与工作日","upstream","public-apis/public-apis","https://www.gov.uk/bank-holidays.json","","","","No","Yes","Unknown","88","A · 优先试用","后端代理","建议通过服务端适配器统一鉴权、缓存、限流和错误处理。","CORS 未知，需要浏览器实测"
"079f1f78a247","Box","File Sharing and Storage","https://developer.box.com/","开发与基础设施","Cloud Storage & File Sharing","云盘文件管理","upstream","public-apis/public-apis","https://developer.box.com/","","","","OAuth","Yes","Unknown","80","B · 值得验证","OAuth 集成","适合用户授权型产品；优先评估回调、安全存储和撤销流程。","CORS 未知，需要浏览器实测；需要完整授权与令牌生命周期设计"
"064856492a14","ddownload","File Sharing and Storage","https://ddownload.com/api","开发与基础设施","Cloud Storage & File Sharing","云盘文件管理","upstream","public-apis/public-apis","https://ddownload.com/api","","","","apiKey","Yes","Unknown","83","B · 值得验证","后端代理","建议通过服务端适配器统一鉴权、缓存、限流和错误处理。","CORS 未知，需要浏览器实测；密钥不得暴露在前端"
"623ce75a4688","Dropbox","File Sharing and Storage","https://www.dropbox.com/developers","开发与基础设施","Cloud Storage & File Sharing","云盘文件管理","upstream","public-apis/public-apis","https://www.dropbox.com/developers","","","","OAuth","Yes","Unknown","80","B · 值得验证","OAuth 集成","适合用户授权型产品；优先评估回调、安全存储和撤销流程。","CORS 未知，需要浏览器实测；需要完整授权与令牌生命周期设计"
"ade057dcbd2f","File.io","Super simple file sharing, convenient, anonymous and secure","https://www.file.io","开发与基础设施","Cloud Storage & File Sharing","临时文件分享","upstream","public-apis/public-apis","https://www.file.io","","","","No","Yes","Unknown","88","A · 优先试用","后端代理","建议通过服务端适配器统一鉴权、缓存、限流和错误处理。","CORS 未知，需要浏览器实测"
"9e5ada44abcc","Filestack","Filestack File Uploader & File Upload API","https://www.filestack.com","开发与基础设施","Cloud Storage & File Sharing","文件上传与交付","upstream","public-apis/public-apis","https://www.filestack.com","","","","apiKey","Yes","Unknown","83","B · 值得验证","后端代理","建议通过服务端适配器统一鉴权、缓存、限流和错误处理。","CORS 未知，需要浏览器实测；密钥不得暴露在前端"
"73654083581b","FileUp","Temporary file hosting with upload API, expiration times, and view limits","https://github.com/RealSinaSnp/FileUp","开发与基础设施","Cloud Storage & File Sharing","临时文件分享；文件上传与交付","upstream","public-apis/public-apis","https://github.com/RealSinaSnp/FileUp","","","","No","Yes","Unknown","88","A · 优先试用","后端代理","建议通过服务端适配器统一鉴权、缓存、限流和错误处理。","CORS 未知，需要浏览器实测"
"8b5fdd7a276c","GoFile","Unlimited size file uploads for free","https://gofile.io/api","开发与基础设施","Cloud Storage & File Sharing","文件上传与交付","upstream","public-apis/public-apis","https://gofile.io/api","","","","apiKey","Yes","Unknown","83","B · 值得验证","后端代理","建议通过服务端适配器统一鉴权、缓存、限流和错误处理。","CORS 未知，需要浏览器实测；密钥不得暴露在前端"
"7f83b6a82d42","Google Drive","File Sharing and Storage","https://developers.google.com/drive/","开发与基础设施","Cloud Storage & File Sharing","云盘文件管理","upstream","public-apis/public-apis","https://developers.google.com/drive/","","","","OAuth","Yes","Unknown","80","B · 值得验证","OAuth 集成","适合用户授权型产品；优先评估回调、安全存储和撤销流程。","CORS 未知，需要浏览器实测；需要完整授权与令牌生命周期设计"
"338220aa3b6f","Gyazo","Save & Share screen captures instantly","https://gyazo.com/api/docs","开发与基础设施","Cloud Storage & File Sharing","云存储与文件共享综合能力","upstream","public-apis/public-apis","https://gyazo.com/api/docs","","","","apiKey","Yes","Unknown","83","B · 值得验证","后端代理","建议通过服务端适配器统一鉴权、缓存、限流和错误处理。","CORS 未知，需要浏览器实测；密钥不得暴露在前端"
"e4072f89e6dd","Imgbb","Simple and quick private image sharing","https://api.imgbb.com/","开发与基础设施","Cloud Storage & File Sharing","云存储与文件共享综合能力","upstream","public-apis/public-apis","https://api.imgbb.com/","","","","apiKey","Yes","Unknown","83","B · 值得验证","后端代理","建议通过服务端适配器统一鉴权、缓存、限流和错误处理。","CORS 未知，需要浏览器实测；密钥不得暴露在前端"
"2c2ed3142e15","OneDrive","File Sharing and Storage","https://developer.microsoft.com/onedrive","开发与基础设施","Cloud Storage & File Sharing","云盘文件管理","upstream","public-apis/public-apis","https://developer.microsoft.com/onedrive","","","","OAuth","Yes","Unknown","80","B · 值得验证","OAuth 集成","适合用户授权型产品；优先评估回调、安全存储和撤销流程。","CORS 未知，需要浏览器实测；需要完整授权与令牌生命周期设计"
"5ce1871937f2","Pantry","Free JSON storage for small projects","https://getpantry.cloud/","开发与基础设施","Cloud Storage & File Sharing","云存储与文件共享综合能力","upstream","public-apis/public-apis","https://getpantry.cloud/","","","","No","Yes","Yes","100","A · 优先试用","浏览器直连候选","适合无密钥原型；生产使用前验证限流、许可和稳定性。","仍需验证额度、条款、延迟与数据质量"
"e37e97a2d62e","Pastebin","Plain Text Storage","https://pastebin.com/doc_api","开发与基础设施","Cloud Storage & File Sharing","云存储与文件共享综合能力","upstream","public-apis/public-apis","https://pastebin.com/doc_api","","","","apiKey","Yes","Unknown","78","B · 值得验证","后端代理","建议通过服务端适配器统一鉴权、缓存、限流和错误处理。","CORS 未知，需要浏览器实测；密钥不得暴露在前端"
"e258e039b386","Pinata","IPFS Pinning Services API","https://docs.pinata.cloud/","开发与基础设施","Cloud Storage & File Sharing","去中心化存储","upstream","public-apis/public-apis","https://docs.pinata.cloud/","","","","apiKey","Yes","Unknown","83","B · 值得验证","后端代理","建议通过服务端适配器统一鉴权、缓存、限流和错误处理。","CORS 未知，需要浏览器实测；密钥不得暴露在前端"
"903c863a2262","Quip","File Sharing and Storage for groups","https://quip.com/dev/automation/documentation","开发与基础设施","Cloud Storage & File Sharing","云盘文件管理","upstream","public-apis/public-apis","https://quip.com/dev/automation/documentation","","","","apiKey","Yes","Yes","95","A · 优先试用","后端代理","建议通过服务端适配器统一鉴权、缓存、限流和错误处理。","密钥不得暴露在前端"
"9a117f9e3332","Storj","Decentralized Open-Source Cloud Storage","https://docs.storj.io/dcs/","开发与基础设施","Cloud Storage & File Sharing","去中心化存储；云盘文件管理","upstream","public-apis/public-apis","https://docs.storj.io/dcs/","","","","apiKey","Yes","Unknown","83","B · 值得验证","后端代理","建议通过服务端适配器统一鉴权、缓存、限流和错误处理。","CORS 未知，需要浏览器实测；密钥不得暴露在前端"
"bd7ddff1efac","The Null Pointer","No-bullshit file hosting and URL shortening service","https://0x0.st","开发与基础设施","Cloud Storage & File Sharing","云存储与文件共享综合能力","upstream","public-apis/public-apis","https://0x0.st","","","","No","Yes","Unknown","88","A · 优先试用","后端代理","建议通过服务端适配器统一鉴权、缓存、限流和错误处理。","CORS 未知，需要浏览器实测"
"cddd7e91135b","Web3 Storage","File Sharing and Storage for Free with 1TB Space","https://web3.storage/","开发与基础设施","Cloud Storage & File Sharing","云盘文件管理","upstream","public-apis/public-apis","https://web3.storage/","","","","apiKey","Yes","Yes","95","A · 优先试用","后端代理","建议通过服务端适配器统一鉴权、缓存、限流和错误处理。","密钥不得暴露在前端"
"fc992ccb19a9","Azure DevOps Health","Resource health helps you diagnose and get support when an Azure issue impacts your resources","https://docs.microsoft.com/en-us/rest/api/resourcehealth","开发与基础设施","Continuous Integration","构建状态与健康告警","upstream","public-apis/public-apis","https://docs.microsoft.com/en-us/rest/api/resourcehealth","","","","apiKey","No","No","45","D · 建议替代","仅研究/寻找替代","先寻找 HTTPS 替代服务，不纳入默认生产候选。","未声明 HTTPS，不建议生产接入；浏览器不可直连，应走服务端；密钥不得暴露在前端"
"1aa0321ccfcb","Bitrise","Build tool and processes integrations to create efficient development pipelines","https://api-docs.bitrise.io/","开发与基础设施","Continuous Integration","构建、测试与发布流水线","upstream","public-apis/public-apis","https://api-docs.bitrise.io/","","","","apiKey","Yes","Unknown","83","B · 值得验证","后端代理","建议通过服务端适配器统一鉴权、缓存、限流和错误处理。","CORS 未知，需要浏览器实测；密钥不得暴露在前端"
"16985256952a","Buddy","The fastest continuous integration and continuous delivery platform","https://buddy.works/docs/api/getting-started/overview","开发与基础设施","Continuous Integration","构建、测试与发布流水线","upstream","public-apis/public-apis","https://buddy.works/docs/api/getting-started/overview","","","","OAuth","Yes","Unknown","80","B · 值得验证","OAuth 集成","适合用户授权型产品；优先评估回调、安全存储和撤销流程。","CORS 未知，需要浏览器实测；需要完整授权与令牌生命周期设计"
"97a6245e28a5","CircleCI","Automate the software development process using continuous integration and continuous delivery","https://circleci.com/docs/api/v1-reference/","开发与基础设施","Continuous Integration","构建、测试与发布流水线","upstream","public-apis/public-apis","https://circleci.com/docs/api/v1-reference/","","","","apiKey","Yes","Unknown","83","B · 值得验证","后端代理","建议通过服务端适配器统一鉴权、缓存、限流和错误处理。","CORS 未知，需要浏览器实测；密钥不得暴露在前端"
"25dbf3de34fc","Codeship","Codeship is a Continuous Integration Platform in the cloud","https://docs.cloudbees.com/docs/cloudbees-codeship/latest/api-overview/","开发与基础设施","Continuous Integration","构建、测试与发布流水线","upstream","public-apis/public-apis","https://docs.cloudbees.com/docs/cloudbees-codeship/latest/api-overview/","","","","apiKey","Yes","Unknown","83","B · 值得验证","后端代理","建议通过服务端适配器统一鉴权、缓存、限流和错误处理。","CORS 未知，需要浏览器实测；密钥不得暴露在前端"
"0f746e3d9371","Travis CI","Sync your GitHub projects with Travis CI to test your code in minutes","https://docs.travis-ci.com/api/","开发与基础设施","Continuous Integration","代码仓库同步与触发","upstream","public-apis/public-apis","https://docs.travis-ci.com/api/","","","","apiKey","Yes","Unknown","83","B · 值得验证","后端代理","建议通过服务端适配器统一鉴权、缓存、限流和错误处理。","CORS 未知，需要浏览器实测；密钥不得暴露在前端"
"5d1da3c4242e","Coinlayer","Real-time Crypto Currency Exchange Rates","https://coinlayer.com?utm_source=Github&utm_medium=Referral&utm_campaign=Public-apis-repo-Best-sellers","金融与商业","Cryptocurrency","币价与市值行情；交易所与订单交易","upstream","public-apis/public-apis","https://coinlayer.com?utm_source=Github&utm_medium=Referral&utm_campaign=Public-apis-repo-Best-sellers","","","","apiKey","Yes","Unknown","83","B · 值得验证","后端代理","建议通过服务端适配器统一鉴权、缓存、限流和错误处理。","CORS 未知，需要浏览器实测；密钥不得暴露在前端"
"a03d5461ae74","0x","API for querying token and pool stats across various liquidity pools","https://0x.org/api","金融与商业","Cryptocurrency","DEX 报价与代币兑换","upstream","public-apis/public-apis","https://0x.org/api","","","","No","Yes","Yes","100","A · 优先试用","浏览器直连候选","适合无密钥原型；生产使用前验证限流、许可和稳定性。","仍需验证额度、条款、延迟与数据质量"
"9f3172471591","1inch","API for querying decentralize exchange","https://1inch.io/api/","金融与商业","Cryptocurrency","交易所与订单交易；DEX 报价与代币兑换","upstream","public-apis/public-apis","https://1inch.io/api/","","","","No","Yes","Unknown","88","A · 优先试用","后端代理","建议通过服务端适配器统一鉴权、缓存、限流和错误处理。","CORS 未知，需要浏览器实测"
"3057f38135af","Alchemy Ethereum","Ethereum Node-as-a-Service Provider","https://docs.alchemy.com/alchemy/","金融与商业","Cryptocurrency","节点、链上数据与开发基础设施","upstream","public-apis/public-apis","https://docs.alchemy.com/alchemy/","","","","apiKey","Yes","Yes","95","A · 优先试用","后端代理","建议通过服务端适配器统一鉴权、缓存、限流和错误处理。","密钥不得暴露在前端"
"5392ef4fffc6","Alpha (Mossland)","Korean crypto channel stance + RAG Q&A + canonical entity/topic/event store","https://alpha.moss.land/developers","金融与商业","Cryptocurrency","加密资讯与市场情绪","upstream","public-apis/public-apis","https://alpha.moss.land/developers","","","","No","Yes","Yes","100","A · 优先试用","浏览器直连候选","适合无密钥原型；生产使用前验证限流、许可和稳定性。","仍需验证额度、条款、延迟与数据质量"
"69e5cb5bb659","Binance","Exchange for Trading Cryptocurrencies based in China","https://github.com/binance/binance-spot-api-docs","金融与商业","Cryptocurrency","交易所与订单交易","upstream","public-apis/public-apis","https://github.com/binance/binance-spot-api-docs","","","","apiKey","Yes","Unknown","83","B · 值得验证","后端代理","建议通过服务端适配器统一鉴权、缓存、限流和错误处理。","CORS 未知，需要浏览器实测；密钥不得暴露在前端"
"308f7a9006d6","Bitcambio","Get the list of all traded assets in the exchange","https://nova.bitcambio.com.br/api/v3/docs#a-public","金融与商业","Cryptocurrency","交易所与订单交易","upstream","public-apis/public-apis","https://nova.bitcambio.com.br/api/v3/docs#a-public","","","","No","Yes","Unknown","88","A · 优先试用","后端代理","建议通过服务端适配器统一鉴权、缓存、限流和错误处理。","CORS 未知，需要浏览器实测"
"b0870a3dc3eb","BitcoinAverage","Digital Asset Price Data for the blockchain industry","https://apiv2.bitcoinaverage.com/","金融与商业","Cryptocurrency","币价与市值行情","upstream","public-apis/public-apis","https://apiv2.bitcoinaverage.com/","","","","apiKey","Yes","Unknown","83","B · 值得验证","后端代理","建议通过服务端适配器统一鉴权、缓存、限流和错误处理。","CORS 未知，需要浏览器实测；密钥不得暴露在前端"
"31f3d415f1db","BitcoinCharts","Financial and Technical Data related to the Bitcoin Network","https://bitcoincharts.com/about/exchanges/","金融与商业","Cryptocurrency","加密货币综合能力","upstream","public-apis/public-apis","https://bitcoincharts.com/about/exchanges/","","","","No","Yes","Unknown","88","A · 优先试用","后端代理","建议通过服务端适配器统一鉴权、缓存、限流和错误处理。","CORS 未知，需要浏览器实测"
"07d83c89f60f","Bitcoin Halving","Halving era, block reward, and schedule arithmetic for any Bitcoin block height","https://why21million.com/halving-api/","金融与商业","Cryptocurrency","挖矿与网络指标","upstream","public-apis/public-apis","https://why21million.com/halving-api/","","","","No","Yes","Yes","100","A · 优先试用","浏览器直连候选","适合无密钥原型；生产使用前验证限流、许可和稳定性。","仍需验证额度、条款、延迟与数据质量"
"3f2efc548e7c","Bitfinex","Cryptocurrency Trading Platform","https://docs.bitfinex.com/docs","金融与商业","Cryptocurrency","交易所与订单交易","upstream","public-apis/public-apis","https://docs.bitfinex.com/docs","","","","apiKey","Yes","Unknown","83","B · 值得验证","后端代理","建议通过服务端适配器统一鉴权、缓存、限流和错误处理。","CORS 未知，需要浏览器实测；密钥不得暴露在前端"
"0438a1719682","BitPanda","Cryptocurrency Information","https://developers.bitpanda.com","金融与商业","Cryptocurrency","加密货币综合能力","upstream","public-apis/public-apis","https://developers.bitpanda.com","","","","apiKey","Yes","Unknown","83","B · 值得验证","后端代理","建议通过服务端适配器统一鉴权、缓存、限流和错误处理。","CORS 未知，需要浏览器实测；密钥不得暴露在前端"
"a7003024e7f8","Bitmex","Real-Time Cryptocurrency derivatives trading platform based in Hong Kong","https://www.bitmex.com/app/apiOverview","金融与商业","Cryptocurrency","交易所与订单交易","upstream","public-apis/public-apis","https://www.bitmex.com/app/apiOverview","","","","apiKey","Yes","Unknown","83","B · 值得验证","后端代理","建议通过服务端适配器统一鉴权、缓存、限流和错误处理。","CORS 未知，需要浏览器实测；密钥不得暴露在前端"
"ba77daab479d","Bittrex","Next Generation Crypto Trading Platform","https://bittrex.github.io/api/v3","金融与商业","Cryptocurrency","交易所与订单交易","upstream","public-apis/public-apis","https://bittrex.github.io/api/v3","","","","apiKey","Yes","Unknown","83","B · 值得验证","后端代理","建议通过服务端适配器统一鉴权、缓存、限流和错误处理。","CORS 未知，需要浏览器实测；密钥不得暴露在前端"
"170b9bc50c54","Block","Bitcoin Payment, Wallet & Transaction Data","https://block.io/docs/basic","金融与商业","Cryptocurrency","钱包余额与投资组合","upstream","public-apis/public-apis","https://block.io/docs/basic","","","","apiKey","Yes","Unknown","83","B · 值得验证","后端代理","建议通过服务端适配器统一鉴权、缓存、限流和错误处理。","CORS 未知，需要浏览器实测；密钥不得暴露在前端"
"5dd75c5f6bc2","BlazePhoenix","On-chain DEX aggregator quotes and route execution data","https://blazephoenix.xyz/api","金融与商业","Cryptocurrency","DEX 报价与代币兑换","upstream","public-apis/public-apis","https://blazephoenix.xyz/api","","","","No","Yes","Yes","100","A · 优先试用","浏览器直连候选","适合无密钥原型；生产使用前验证限流、许可和稳定性。","仍需验证额度、条款、延迟与数据质量"
"5f913e5e0421","Block Lottos","On-chain lottery, draw history, jackpot and advertising endpoints","https://blocklottos.com/openapi.json","金融与商业","Cryptocurrency","加密货币综合能力","upstream","public-apis/public-apis","https://blocklottos.com/openapi.json","","","","No","Yes","Yes","100","A · 优先试用","浏览器直连候选","适合无密钥原型；生产使用前验证限流、许可和稳定性。","仍需验证额度、条款、延迟与数据质量"
"39f6e970b060","Blockchain","Bitcoin Payment, Wallet & Transaction Data","https://www.blockchain.com/api","金融与商业","Cryptocurrency","钱包余额与投资组合","upstream","public-apis/public-apis","https://www.blockchain.com/api","","","","apiKey","Yes","Unknown","83","B · 值得验证","后端代理","建议通过服务端适配器统一鉴权、缓存、限流和错误处理。","CORS 未知，需要浏览器实测；密钥不得暴露在前端"
"bf433049f075","blockfrost Cardano","Interaction with the Cardano mainnet and several testnets","https://blockfrost.io/","金融与商业","Cryptocurrency","加密货币综合能力","upstream","public-apis/public-apis","https://blockfrost.io/","","","","apiKey","Yes","Unknown","83","B · 值得验证","后端代理","建议通过服务端适配器统一鉴权、缓存、限流和错误处理。","CORS 未知，需要浏览器实测；密钥不得暴露在前端"
"7d26d9db7d8d","Brave NewCoin","Real-time and historic crypto data from more than 200+ exchanges","https://bravenewcoin.com/developers","金融与商业","Cryptocurrency","交易所与订单交易","upstream","public-apis/public-apis","https://bravenewcoin.com/developers","","","","apiKey","Yes","Unknown","83","B · 值得验证","后端代理","建议通过服务端适配器统一鉴权、缓存、限流和错误处理。","CORS 未知，需要浏览器实测；密钥不得暴露在前端"
"cda53b987482","btcnode.uk","Bitcoin blockchain data, fees, mempool, SEC insider trades, Reddit sentiment. x402 micropayments for paid endpoints.","https://btcnode.uk","金融与商业","Cryptocurrency","加密资讯与市场情绪；节点、链上数据与开发基础设施；DEX 报价与代币兑换","upstream","public-apis/public-apis","https://btcnode.uk","","","","No","Yes","Unknown","88","A · 优先试用","后端代理","建议通过服务端适配器统一鉴权、缓存、限流和错误处理。","CORS 未知，需要浏览器实测"
"72bacda8802b","BtcTurk","Real-time cryptocurrency data, graphs and API that allows buy&sell","https://docs.btcturk.com/","金融与商业","Cryptocurrency","加密货币综合能力","upstream","public-apis/public-apis","https://docs.btcturk.com/","","","","apiKey","Yes","Yes","95","A · 优先试用","后端代理","建议通过服务端适配器统一鉴权、缓存、限流和错误处理。","密钥不得暴露在前端"
"39b19df9ce4a","Bybit","Cryptocurrency data feed and algorithmic trading","https://bybit-exchange.github.io/docs/linear/#t-introduction","金融与商业","Cryptocurrency","交易所与订单交易","upstream","public-apis/public-apis","https://bybit-exchange.github.io/docs/linear/#t-introduction","","","","apiKey","Yes","Unknown","83","B · 值得验证","后端代理","建议通过服务端适配器统一鉴权、缓存、限流和错误处理。","CORS 未知，需要浏览器实测；密钥不得暴露在前端"
"bd048a6c91c8","CoinAPI","All Currency Exchanges integrate under a single api","https://docs.coinapi.io/","金融与商业","Cryptocurrency","交易所与订单交易","upstream","public-apis/public-apis","https://docs.coinapi.io/","","","","apiKey","Yes","No","75","B · 值得验证","后端代理","建议通过服务端适配器统一鉴权、缓存、限流和错误处理。","浏览器不可直连，应走服务端；密钥不得暴露在前端"
"72b6811f478c","Coinbase","Bitcoin, Bitcoin Cash, Litecoin and Ethereum Prices","https://developers.coinbase.com","金融与商业","Cryptocurrency","币价与市值行情；交易所与订单交易；节点、链上数据与开发基础设施","upstream","public-apis/public-apis","https://developers.coinbase.com","","","","apiKey","Yes","Unknown","83","B · 值得验证","后端代理","建议通过服务端适配器统一鉴权、缓存、限流和错误处理。","CORS 未知，需要浏览器实测；密钥不得暴露在前端"
"bb58b6672b2a","Coinbase Pro","Cryptocurrency Trading Platform","https://docs.pro.coinbase.com/#api","金融与商业","Cryptocurrency","交易所与订单交易","upstream","public-apis/public-apis","https://docs.pro.coinbase.com/#api","","","","apiKey","Yes","Unknown","83","B · 值得验证","后端代理","建议通过服务端适配器统一鉴权、缓存、限流和错误处理。","CORS 未知，需要浏览器实测；密钥不得暴露在前端"
"6b5283968636","CoinCap","Real time Cryptocurrency prices through a RESTful API","https://docs.coincap.io/","金融与商业","Cryptocurrency","币价与市值行情","upstream","public-apis/public-apis","https://docs.coincap.io/","","","","No","Yes","Unknown","88","A · 优先试用","后端代理","建议通过服务端适配器统一鉴权、缓存、限流和错误处理。","CORS 未知，需要浏览器实测"
"c945290ecf37","CoinDCX","Cryptocurrency Trading Platform","https://docs.coindcx.com/","金融与商业","Cryptocurrency","交易所与订单交易","upstream","public-apis/public-apis","https://docs.coindcx.com/","","","","apiKey","Yes","Unknown","83","B · 值得验证","后端代理","建议通过服务端适配器统一鉴权、缓存、限流和错误处理。","CORS 未知，需要浏览器实测；密钥不得暴露在前端"
"f9b74c239b08","CoinDesk","CoinDesk's Bitcoin Price Index (BPI) in multiple currencies","https://old.coindesk.com/coindesk-api/","金融与商业","Cryptocurrency","币价与市值行情；DEX 报价与代币兑换","upstream","public-apis/public-apis","https://old.coindesk.com/coindesk-api/","","","","No","Yes","Unknown","88","A · 优先试用","后端代理","建议通过服务端适配器统一鉴权、缓存、限流和错误处理。","CORS 未知，需要浏览器实测"
"88faf9d4e314","CoinGecko","Cryptocurrency Price, Market, and Developer/Social Data","http://www.coingecko.com/api","金融与商业","Cryptocurrency","币价与市值行情；加密资讯与市场情绪","upstream","public-apis/public-apis","http://www.coingecko.com/api","","","","No","Yes","Yes","90","A · 优先试用","浏览器直连候选","适合无密钥原型；生产使用前验证限流、许可和稳定性。","仍需验证额度、条款、延迟与数据质量"
"bb2bbbd9c26c","Coinigy","Interacting with Coinigy Accounts and Exchange Directly","https://coinigy.docs.apiary.io","金融与商业","Cryptocurrency","交易所与订单交易","upstream","public-apis/public-apis","https://coinigy.docs.apiary.io","","","","apiKey","Yes","Unknown","83","B · 值得验证","后端代理","建议通过服务端适配器统一鉴权、缓存、限流和错误处理。","CORS 未知，需要浏览器实测；密钥不得暴露在前端"
"e65bcc112e2a","Coinlib","Crypto Currency Prices","https://coinlib.io/apidocs","金融与商业","Cryptocurrency","币价与市值行情","upstream","public-apis/public-apis","https://coinlib.io/apidocs","","","","apiKey","Yes","Unknown","78","B · 值得验证","后端代理","建议通过服务端适配器统一鉴权、缓存、限流和错误处理。","CORS 未知，需要浏览器实测；密钥不得暴露在前端"
"c6870f17884f","CoinLobster","Live executed whale trades across 15 exchanges and on-chain DEX with an unusualness radar","https://coinlobster.com/developers","金融与商业","Cryptocurrency","交易所与订单交易；DEX 报价与代币兑换","upstream","public-apis/public-apis","https://coinlobster.com/developers","","","","No","Yes","Yes","100","A · 优先试用","浏览器直连候选","适合无密钥原型；生产使用前验证限流、许可和稳定性。","仍需验证额度、条款、延迟与数据质量"
"22cf62e68780","Coinlore","Cryptocurrencies prices, volume and more","https://www.coinlore.com/cryptocurrency-data-api","金融与商业","Cryptocurrency","币价与市值行情","upstream","public-apis/public-apis","https://www.coinlore.com/cryptocurrency-data-api","","","","No","Yes","Unknown","88","A · 优先试用","后端代理","建议通过服务端适配器统一鉴权、缓存、限流和错误处理。","CORS 未知，需要浏览器实测"
"057ed49acec6","CoinMarketCap","Cryptocurrencies Prices","https://coinmarketcap.com/api/","金融与商业","Cryptocurrency","币价与市值行情","upstream","public-apis/public-apis","https://coinmarketcap.com/api/","","","","apiKey","Yes","Unknown","78","B · 值得验证","后端代理","建议通过服务端适配器统一鉴权、缓存、限流和错误处理。","CORS 未知，需要浏览器实测；密钥不得暴露在前端"
"e8f9c281d964","Coinpaprika","Cryptocurrencies prices, volume and more","https://api.coinpaprika.com","金融与商业","Cryptocurrency","币价与市值行情","upstream","public-apis/public-apis","https://api.coinpaprika.com","","","","No","Yes","Yes","100","A · 优先试用","浏览器直连候选","适合无密钥原型；生产使用前验证限流、许可和稳定性。","仍需验证额度、条款、延迟与数据质量"
"8f10b5881128","CoinRanking","Live Cryptocurrency data","https://developers.coinranking.com/api/documentation","金融与商业","Cryptocurrency","加密货币综合能力","upstream","public-apis/public-apis","https://developers.coinranking.com/api/documentation","","","","apiKey","Yes","Unknown","83","B · 值得验证","后端代理","建议通过服务端适配器统一鉴权、缓存、限流和错误处理。","CORS 未知，需要浏览器实测；密钥不得暴露在前端"
"9009b7eba961","Coinremitter","Cryptocurrencies Payment & Prices","https://coinremitter.com/docs","金融与商业","Cryptocurrency","币价与市值行情","upstream","public-apis/public-apis","https://coinremitter.com/docs","","","","apiKey","Yes","Unknown","83","B · 值得验证","后端代理","建议通过服务端适配器统一鉴权、缓存、限流和错误处理。","CORS 未知，需要浏览器实测；密钥不得暴露在前端"
"15b2e1a2310f","CoinStats","Crypto Tracker","https://documenter.getpostman.com/view/5734027/RzZ6Hzr3?version=latest","金融与商业","Cryptocurrency","加密货币综合能力","upstream","public-apis/public-apis","https://documenter.getpostman.com/view/5734027/RzZ6Hzr3?version=latest","","","","No","Yes","Unknown","83","B · 值得验证","后端代理","建议通过服务端适配器统一鉴权、缓存、限流和错误处理。","CORS 未知，需要浏览器实测"
"c14b28151c3a","CryptAPI","Cryptocurrency Payment Processor","https://docs.cryptapi.io/","金融与商业","Cryptocurrency","加密货币综合能力","upstream","public-apis/public-apis","https://docs.cryptapi.io/","","","","No","Yes","Unknown","88","A · 优先试用","后端代理","建议通过服务端适配器统一鉴权、缓存、限流和错误处理。","CORS 未知，需要浏览器实测"
"2bc4ddc151bd","CryptingUp","Cryptocurrency data","https://www.cryptingup.com/apidoc/#introduction","金融与商业","Cryptocurrency","加密货币综合能力","upstream","public-apis/public-apis","https://www.cryptingup.com/apidoc/#introduction","","","","No","Yes","Unknown","83","B · 值得验证","后端代理","建议通过服务端适配器统一鉴权、缓存、限流和错误处理。","CORS 未知，需要浏览器实测"
"e7e8b3e91ca4","CryptoCompare","Cryptocurrencies Comparison","https://www.cryptocompare.com/api#","金融与商业","Cryptocurrency","加密货币综合能力","upstream","public-apis/public-apis","https://www.cryptocompare.com/api#","","","","No","Yes","Unknown","88","A · 优先试用","后端代理","建议通过服务端适配器统一鉴权、缓存、限流和错误处理。","CORS 未知，需要浏览器实测"
"8608dbb08a2c","CryptoMarket","Cryptocurrencies Trading platform","https://api.exchange.cryptomkt.com/","金融与商业","Cryptocurrency","交易所与订单交易","upstream","public-apis/public-apis","https://api.exchange.cryptomkt.com/","","","","apiKey","Yes","Yes","95","A · 优先试用","后端代理","建议通过服务端适配器统一鉴权、缓存、限流和错误处理。","密钥不得暴露在前端"
"21ed08739d34","Cryptonator","Cryptocurrencies Exchange Rates","https://www.cryptonator.com/api/","金融与商业","Cryptocurrency","币价与市值行情；交易所与订单交易","upstream","public-apis/public-apis","https://www.cryptonator.com/api/","","","","No","Yes","Unknown","88","A · 优先试用","后端代理","建议通过服务端适配器统一鉴权、缓存、限流和错误处理。","CORS 未知，需要浏览器实测"
"8ab6450b74a0","dYdX","Decentralized cryptocurrency exchange","https://docs.dydx.exchange/","金融与商业","Cryptocurrency","交易所与订单交易","upstream","public-apis/public-apis","https://docs.dydx.exchange/","","","","apiKey","Yes","Unknown","83","B · 值得验证","后端代理","建议通过服务端适配器统一鉴权、缓存、限流和错误处理。","CORS 未知，需要浏览器实测；密钥不得暴露在前端"
"5aa6cef56435","Ethplorer","Ethereum tokens, balances, addresses, history of transactions, contracts, and custom structures","https://github.com/EverexIO/Ethplorer/wiki/Ethplorer-API","金融与商业","Cryptocurrency","节点、链上数据与开发基础设施；钱包余额与投资组合","upstream","public-apis/public-apis","https://github.com/EverexIO/Ethplorer/wiki/Ethplorer-API","","","","apiKey","Yes","Unknown","83","B · 值得验证","后端代理","建议通过服务端适配器统一鉴权、缓存、限流和错误处理。","CORS 未知，需要浏览器实测；密钥不得暴露在前端"
"76d78c44a5d9","EXMO","Cryptocurrencies exchange based in UK","https://documenter.getpostman.com/view/10287440/SzYXWKPi","金融与商业","Cryptocurrency","交易所与订单交易","upstream","public-apis/public-apis","https://documenter.getpostman.com/view/10287440/SzYXWKPi","","","","apiKey","Yes","Unknown","83","B · 值得验证","后端代理","建议通过服务端适配器统一鉴权、缓存、限流和错误处理。","CORS 未知，需要浏览器实测；密钥不得暴露在前端"
"94994679a97e","Gateio","API provides spot, margin and futures trading operations","https://www.gate.io/api2","金融与商业","Cryptocurrency","交易所与订单交易","upstream","public-apis/public-apis","https://www.gate.io/api2","","","","apiKey","Yes","Unknown","83","B · 值得验证","后端代理","建议通过服务端适配器统一鉴权、缓存、限流和错误处理。","CORS 未知，需要浏览器实测；密钥不得暴露在前端"
"e5ae917a5fef","Gemini","Cryptocurrencies Exchange","https://docs.gemini.com/rest-api/","金融与商业","Cryptocurrency","交易所与订单交易","upstream","public-apis/public-apis","https://docs.gemini.com/rest-api/","","","","No","Yes","Unknown","88","A · 优先试用","后端代理","建议通过服务端适配器统一鉴权、缓存、限流和错误处理。","CORS 未知，需要浏览器实测"
"f232e010c004","Hirak Exchange Rates","Exchange rates between 162 currency & 300 crypto currency update each 5 min, accurate, no limits","https://rates.hirak.site/","金融与商业","Cryptocurrency","币价与市值行情；交易所与订单交易","upstream","public-apis/public-apis","https://rates.hirak.site/","","","","apiKey","Yes","Unknown","83","B · 值得验证","后端代理","建议通过服务端适配器统一鉴权、缓存、限流和错误处理。","CORS 未知，需要浏览器实测；密钥不得暴露在前端"
"d652176adb4d","Huobi","Seychelles based cryptocurrency exchange","https://huobiapi.github.io/docs/spot/v1/en/","金融与商业","Cryptocurrency","交易所与订单交易","upstream","public-apis/public-apis","https://huobiapi.github.io/docs/spot/v1/en/","","","","apiKey","Yes","Unknown","83","B · 值得验证","后端代理","建议通过服务端适配器统一鉴权、缓存、限流和错误处理。","CORS 未知，需要浏览器实测；密钥不得暴露在前端"
"6b65f9aa76da","Hyperliquid Market Data","Hyperliquid open interest, funding and cross-venue predicted rates per coin","https://rapidapi.com/theliminalguy/api/hyperliquid-market-data-oi-funding-open-interest","金融与商业","Cryptocurrency","币价与市值行情","upstream","public-apis/public-apis","https://rapidapi.com/theliminalguy/api/hyperliquid-market-data-oi-funding-open-interest","","","","apiKey","Yes","Yes","95","A · 优先试用","后端代理","建议通过服务端适配器统一鉴权、缓存、限流和错误处理。","密钥不得暴露在前端"
"5fd9b76e5d58","icy.tools","GraphQL based NFT API","https://developers.icy.tools/","金融与商业","Cryptocurrency","加密货币综合能力","upstream","public-apis/public-apis","https://developers.icy.tools/","","","","apiKey","Yes","Unknown","78","B · 值得验证","后端代理","建议通过服务端适配器统一鉴权、缓存、限流和错误处理。","CORS 未知，需要浏览器实测；密钥不得暴露在前端"
"4d0763729eb4","Indodax","Trade your Bitcoin and other assets with rupiah","https://github.com/btcid/indodax-official-api-docs","金融与商业","Cryptocurrency","加密货币综合能力","upstream","public-apis/public-apis","https://github.com/btcid/indodax-official-api-docs","","","","apiKey","Yes","Unknown","83","B · 值得验证","后端代理","建议通过服务端适配器统一鉴权、缓存、限流和错误处理。","CORS 未知，需要浏览器实测；密钥不得暴露在前端"
"5b5f59628ef5","INFURA Ethereum","Interaction with the Ethereum mainnet and several testnets","https://infura.io/product/ethereum","金融与商业","Cryptocurrency","节点、链上数据与开发基础设施","upstream","public-apis/public-apis","https://infura.io/product/ethereum","","","","apiKey","Yes","Yes","95","A · 优先试用","后端代理","建议通过服务端适配器统一鉴权、缓存、限流和错误处理。","密钥不得暴露在前端"
"b4b0b60ff0c5","Kraken","Cryptocurrencies Exchange","https://docs.kraken.com/rest/","金融与商业","Cryptocurrency","交易所与订单交易","upstream","public-apis/public-apis","https://docs.kraken.com/rest/","","","","apiKey","Yes","Unknown","83","B · 值得验证","后端代理","建议通过服务端适配器统一鉴权、缓存、限流和错误处理。","CORS 未知，需要浏览器实测；密钥不得暴露在前端"
"dd59c1977844","KuCoin","Cryptocurrency Trading Platform","https://docs.kucoin.com/","金融与商业","Cryptocurrency","交易所与订单交易","upstream","public-apis/public-apis","https://docs.kucoin.com/","","","","apiKey","Yes","Unknown","83","B · 值得验证","后端代理","建议通过服务端适配器统一鉴权、缓存、限流和错误处理。","CORS 未知，需要浏览器实测；密钥不得暴露在前端"
"ec8741305eb6","Localbitcoins","P2P platform to buy and sell Bitcoins","https://localbitcoins.com/api-docs/","金融与商业","Cryptocurrency","加密货币综合能力","upstream","public-apis/public-apis","https://localbitcoins.com/api-docs/","","","","No","Yes","Unknown","88","A · 优先试用","后端代理","建议通过服务端适配器统一鉴权、缓存、限流和错误处理。","CORS 未知，需要浏览器实测"
"d48ba16e92eb","Mempool","Bitcoin API Service focusing on the transaction fee","https://mempool.space/api","金融与商业","Cryptocurrency","DEX 报价与代币兑换","upstream","public-apis/public-apis","https://mempool.space/api","","","","No","Yes","No","80","B · 值得验证","后端代理","建议通过服务端适配器统一鉴权、缓存、限流和错误处理。","浏览器不可直连，应走服务端"
"98bc0706d6fb","MercadoBitcoin","Brazilian Cryptocurrency Information","https://www.mercadobitcoin.com.br/api-doc/","金融与商业","Cryptocurrency","加密货币综合能力","upstream","public-apis/public-apis","https://www.mercadobitcoin.com.br/api-doc/","","","","No","Yes","Unknown","88","A · 优先试用","后端代理","建议通过服务端适配器统一鉴权、缓存、限流和错误处理。","CORS 未知，需要浏览器实测"
"1227d78fbb8d","Messari","Provides API endpoints for thousands of crypto assets","https://messari.io/api","金融与商业","Cryptocurrency","加密货币综合能力","upstream","public-apis/public-apis","https://messari.io/api","","","","No","Yes","Unknown","88","A · 优先试用","后端代理","建议通过服务端适配器统一鉴权、缓存、限流和错误处理。","CORS 未知，需要浏览器实测"
"a42cc84321b5","Mexc","Cryptocurrency info, place order","https://www.mexc.com/api-docs","金融与商业","Cryptocurrency","交易所与订单交易","upstream","public-apis/public-apis","https://www.mexc.com/api-docs","","","","apiKey","Yes","Unknown","83","B · 值得验证","后端代理","建议通过服务端适配器统一鉴权、缓存、限流和错误处理。","CORS 未知，需要浏览器实测；密钥不得暴露在前端"
"8bb957ed1a1f","monerometrics","Reorg-aware Monero (XMR) network metrics, mining-pool centralization and chain reorganizations","https://monerometrics.net","金融与商业","Cryptocurrency","挖矿与网络指标；DEX 报价与代币兑换","upstream","public-apis/public-apis","https://monerometrics.net","","","","No","Yes","Yes","100","A · 优先试用","浏览器直连候选","适合无密钥原型；生产使用前验证限流、许可和稳定性。","仍需验证额度、条款、延迟与数据质量"
"64cf5dd7644f","Nexchange","Automated cryptocurrency exchange service","https://nexchange2.docs.apiary.io/","金融与商业","Cryptocurrency","交易所与订单交易","upstream","public-apis/public-apis","https://nexchange2.docs.apiary.io/","","","","No","No","Yes","70","B · 值得验证","仅研究/寻找替代","先寻找 HTTPS 替代服务，不纳入默认生产候选。","未声明 HTTPS，不建议生产接入"
"1c412d035199","Nomics","Historical and realtime cryptocurrency prices and market data","https://nomics.com/docs/","金融与商业","Cryptocurrency","币价与市值行情","upstream","public-apis/public-apis","https://nomics.com/docs/","","","","apiKey","Yes","Yes","95","A · 优先试用","后端代理","建议通过服务端适配器统一鉴权、缓存、限流和错误处理。","密钥不得暴露在前端"
"9d85316efab0","NovaDax","NovaDAX API to access all market data, trading management endpoints","https://doc.novadax.com/en-US/#introduction","金融与商业","Cryptocurrency","币价与市值行情；交易所与订单交易","upstream","public-apis/public-apis","https://doc.novadax.com/en-US/#introduction","","","","apiKey","Yes","Unknown","83","B · 值得验证","后端代理","建议通过服务端适配器统一鉴权、缓存、限流和错误处理。","CORS 未知，需要浏览器实测；密钥不得暴露在前端"
"91ea7dd0d993","OKEx","Cryptocurrency exchange based in Seychelles","https://www.okex.com/docs/","金融与商业","Cryptocurrency","交易所与订单交易","upstream","public-apis/public-apis","https://www.okex.com/docs/","","","","apiKey","Yes","Unknown","83","B · 值得验证","后端代理","建议通过服务端适配器统一鉴权、缓存、限流和错误处理。","CORS 未知，需要浏览器实测；密钥不得暴露在前端"
"68272a7d3529","Poloniex","US based digital asset exchange","https://docs.poloniex.com","金融与商业","Cryptocurrency","交易所与订单交易","upstream","public-apis/public-apis","https://docs.poloniex.com","","","","apiKey","Yes","Unknown","83","B · 值得验证","后端代理","建议通过服务端适配器统一鉴权、缓存、限流和错误处理。","CORS 未知，需要浏览器实测；密钥不得暴露在前端"
"33488e5d4cb9","PumpFunData","Historical Pump.fun and PumpSwap AMM swap data as hourly Parquet files","https://pumpfundata.com/docs","金融与商业","Cryptocurrency","币价与市值行情；DEX 报价与代币兑换","upstream","public-apis/public-apis","https://pumpfundata.com/docs","","","","apiKey","Yes","Unknown","83","B · 值得验证","后端代理","建议通过服务端适配器统一鉴权、缓存、限流和错误处理。","CORS 未知，需要浏览器实测；密钥不得暴露在前端"
"6f2b33fd2dcd","Solana JSON RPC","Provides various endpoints to interact with the Solana Blockchain","https://docs.solana.com/developing/clients/jsonrpc-api","金融与商业","Cryptocurrency","节点、链上数据与开发基础设施","upstream","public-apis/public-apis","https://docs.solana.com/developing/clients/jsonrpc-api","","","","No","Yes","Unknown","88","A · 优先试用","后端代理","建议通过服务端适配器统一鉴权、缓存、限流和错误处理。","CORS 未知，需要浏览器实测"
"430506bbd7ed","Technical Analysis","Cryptocurrency prices and technical analysis","https://technical-analysis-api.com","金融与商业","Cryptocurrency","币价与市值行情","upstream","public-apis/public-apis","https://technical-analysis-api.com","","","","apiKey","Yes","No","75","B · 值得验证","后端代理","建议通过服务端适配器统一鉴权、缓存、限流和错误处理。","浏览器不可直连，应走服务端；密钥不得暴露在前端"
"f8fa24057be1","VALR","Cryptocurrency Exchange based in South Africa","https://docs.valr.com/","金融与商业","Cryptocurrency","交易所与订单交易","upstream","public-apis/public-apis","https://docs.valr.com/","","","","apiKey","Yes","Unknown","83","B · 值得验证","后端代理","建议通过服务端适配器统一鉴权、缓存、限流和错误处理。","CORS 未知，需要浏览器实测；密钥不得暴露在前端"
"ec2ec312de4f","ScriptMasterLabs x402","100+ SEC, DeFi, crypto, and macro endpoints for AI agents via x402 micropayments","https://acp-x402-scriptmasterlabs.onrender.com","金融与商业","Cryptocurrency","加密货币综合能力","upstream","public-apis/public-apis","https://acp-x402-scriptmasterlabs.onrender.com","","","","apiKey","Yes","Yes","95","A · 优先试用","后端代理","建议通过服务端适配器统一鉴权、缓存、限流和错误处理。","密钥不得暴露在前端"
"912493b68d9e","ScriptMasterLabs MCP","Model Context Protocol server with web search, social search & LLM chat paid via x402","https://mcp-x402.onrender.com","金融与商业","Cryptocurrency","加密资讯与市场情绪","upstream","public-apis/public-apis","https://mcp-x402.onrender.com","","","","apiKey","Yes","Yes","95","A · 优先试用","后端代理","建议通过服务端适配器统一鉴权、缓存、限流和错误处理。","密钥不得暴露在前端"
"3299b39ba86c","WorldCoinIndex","Cryptocurrencies Prices","https://www.worldcoinindex.com/apiservice","金融与商业","Cryptocurrency","币价与市值行情；DEX 报价与代币兑换","upstream","public-apis/public-apis","https://www.worldcoinindex.com/apiservice","","","","apiKey","Yes","Unknown","78","B · 值得验证","后端代理","建议通过服务端适配器统一鉴权、缓存、限流和错误处理。","CORS 未知，需要浏览器实测；密钥不得暴露在前端"
"1dddc407bf2a","Zennet","x402 pay-per-use APIs: Polymarket signals, CEX/DEX spreads, contract risk scores, gas oracle","https://zennet.cloud","金融与商业","Cryptocurrency","挖矿与网络指标；DEX 报价与代币兑换","upstream","public-apis/public-apis","https://zennet.cloud","","","","No","Yes","Yes","100","A · 优先试用","浏览器直连候选","适合无密钥原型；生产使用前验证限流、许可和稳定性。","仍需验证额度、条款、延迟与数据质量"
"01e6d7eb17ed","ZMOK","Ethereum JSON RPC API and Web3 provider","https://zmok.io","金融与商业","Cryptocurrency","节点、链上数据与开发基础设施","upstream","public-apis/public-apis","https://zmok.io","","","","No","Yes","Unknown","88","A · 优先试用","后端代理","建议通过服务端适配器统一鉴权、缓存、限流和错误处理。","CORS 未知，需要浏览器实测"
"eb56f6191167","Currencylayer","Exchange rates and currency conversion","https://currencylayer.com?utm_source=Github&utm_medium=Referral&utm_campaign=Public-apis-repo-Best-sellers","金融与商业","Currency Exchange","货币金额换算；实时汇率","upstream","public-apis/public-apis","https://currencylayer.com?utm_source=Github&utm_medium=Referral&utm_campaign=Public-apis-repo-Best-sellers","","","","apiKey","Yes","Unknown","83","B · 值得验证","后端代理","建议通过服务端适配器统一鉴权、缓存、限流和错误处理。","CORS 未知，需要浏览器实测；密钥不得暴露在前端"
"42536c7186ec","Exchangerate.host","Free foreign exchange & crypto rates API","https://exchangerate.host?utm_source=Github&utm_medium=Referral&utm_campaign=Public-apis-repo-Best-sellers","金融与商业","Currency Exchange","汇率综合能力","upstream","public-apis/public-apis","https://exchangerate.host?utm_source=Github&utm_medium=Referral&utm_campaign=Public-apis-repo-Best-sellers","","","","No","Yes","Unknown","88","A · 优先试用","后端代理","建议通过服务端适配器统一鉴权、缓存、限流和错误处理。","CORS 未知，需要浏览器实测"
"401e73234178","Exchangeratesapi.io","Exchange rates with currency conversion","https://exchangeratesapi.io?utm_source=Github&utm_medium=Referral&utm_campaign=Public-apis-repo-Best-sellers","金融与商业","Currency Exchange","货币金额换算；实时汇率","upstream","public-apis/public-apis","https://exchangeratesapi.io?utm_source=Github&utm_medium=Referral&utm_campaign=Public-apis-repo-Best-sellers","","","","apiKey","Yes","Yes","95","A · 优先试用","后端代理","建议通过服务端适配器统一鉴权、缓存、限流和错误处理。","密钥不得暴露在前端"
"8e3e7a1203e2","Fixer","Exchange rates and currency conversion","https://fixer.io?utm_source=Github&utm_medium=Referral&utm_campaign=Public-apis-repo-Best-sellers","金融与商业","Currency Exchange","货币金额换算；实时汇率","upstream","public-apis/public-apis","https://fixer.io?utm_source=Github&utm_medium=Referral&utm_campaign=Public-apis-repo-Best-sellers","","","","apiKey","No","Unknown","53","C · 谨慎接入","仅研究/寻找替代","先寻找 HTTPS 替代服务，不纳入默认生产候选。","未声明 HTTPS，不建议生产接入；CORS 未知，需要浏览器实测；密钥不得暴露在前端"
"e00ba84ce498","1Forge","Forex currency market data","https://1forge.com/forex-data-api/api-documentation","金融与商业","Currency Exchange","实时汇率","upstream","public-apis/public-apis","https://1forge.com/forex-data-api/api-documentation","","","","apiKey","Yes","Unknown","83","B · 值得验证","后端代理","建议通过服务端适配器统一鉴权、缓存、限流和错误处理。","CORS 未知，需要浏览器实测；密钥不得暴露在前端"
"f6e2140cbd3b","Amdoren","Free currency API with over 150 currencies","https://www.amdoren.com/currency-api/","金融与商业","Currency Exchange","汇率综合能力","upstream","public-apis/public-apis","https://www.amdoren.com/currency-api/","","","","apiKey","Yes","Unknown","83","B · 值得验证","后端代理","建议通过服务端适配器统一鉴权、缓存、限流和错误处理。","CORS 未知，需要浏览器实测；密钥不得暴露在前端"
"61112489b72b","Bank of Russia","Exchange rates and currency conversion","https://www.cbr.ru/development/SXML/","金融与商业","Currency Exchange","货币金额换算；实时汇率","upstream","public-apis/public-apis","https://www.cbr.ru/development/SXML/","","","","No","Yes","Unknown","88","A · 优先试用","后端代理","建议通过服务端适配器统一鉴权、缓存、限流和错误处理。","CORS 未知，需要浏览器实测"
"20a7b7a722a7","Currency-api","Free Currency Exchange Rates API with 150+ Currencies & No Rate Limits","https://github.com/fawazahmed0/currency-api#readme","金融与商业","Currency Exchange","实时汇率","upstream","public-apis/public-apis","https://github.com/fawazahmed0/currency-api#readme","","","","No","Yes","Yes","100","A · 优先试用","浏览器直连候选","适合无密钥原型；生产使用前验证限流、许可和稳定性。","仍需验证额度、条款、延迟与数据质量"
"22b61e8f34d1","CurrencyFreaks","Provides current and historical currency exchange rates with free plan 1K requests/month","https://currencyfreaks.com/","金融与商业","Currency Exchange","实时汇率；历史汇率与趋势","upstream","public-apis/public-apis","https://currencyfreaks.com/","","","","apiKey","Yes","Yes","95","A · 优先试用","后端代理","建议通过服务端适配器统一鉴权、缓存、限流和错误处理。","密钥不得暴露在前端"
"f3322c569e20","CurrencyScoop","Real-time and historical currency rates JSON API","https://currencyscoop.com/api-documentation","金融与商业","Currency Exchange","历史汇率与趋势；实时汇率","upstream","public-apis/public-apis","https://currencyscoop.com/api-documentation","","","","apiKey","Yes","Yes","95","A · 优先试用","后端代理","建议通过服务端适配器统一鉴权、缓存、限流和错误处理。","密钥不得暴露在前端"
"55dc23e0518d","Czech National Bank","A collection of exchange rates","https://www.cnb.cz/cs/financni_trhy/devizovy_trh/kurzy_devizoveho_trhu/denni_kurz.xml","金融与商业","Currency Exchange","实时汇率","upstream","public-apis/public-apis","https://www.cnb.cz/cs/financni_trhy/devizovy_trh/kurzy_devizoveho_trhu/denni_kurz.xml","","","","No","Yes","Unknown","88","A · 优先试用","后端代理","建议通过服务端适配器统一鉴权、缓存、限流和错误处理。","CORS 未知，需要浏览器实测"
"e31296c6a6f3","Economia.Awesome","Portuguese free currency prices and conversion with no rate limits","https://docs.awesomeapi.com.br/api-de-moedas","金融与商业","Currency Exchange","货币金额换算","upstream","public-apis/public-apis","https://docs.awesomeapi.com.br/api-de-moedas","","","","No","Yes","Unknown","88","A · 优先试用","后端代理","建议通过服务端适配器统一鉴权、缓存、限流和错误处理。","CORS 未知，需要浏览器实测"
"fcee98a7058b","ExchangeRate-API","Free currency conversion","https://www.exchangerate-api.com","金融与商业","Currency Exchange","货币金额换算","upstream","public-apis/public-apis","https://www.exchangerate-api.com","","","","apiKey","Yes","Yes","95","A · 优先试用","后端代理","建议通过服务端适配器统一鉴权、缓存、限流和错误处理。","密钥不得暴露在前端"
"77aef1aaf299","Exchangerate.dev","Live & historical FX, 168 pairs back to 1999, Frankfurter-compatible, free 10k/mo","https://exchangerate.dev/docs","金融与商业","Currency Exchange","历史汇率与趋势","upstream","public-apis/public-apis","https://exchangerate.dev/docs","","","","No","Yes","Unknown","88","A · 优先试用","后端代理","建议通过服务端适配器统一鉴权、缓存、限流和错误处理。","CORS 未知，需要浏览器实测"
"e61baaf49378","Frankfurter","Exchange rates, currency conversion and time series","https://www.frankfurter.app/docs","金融与商业","Currency Exchange","货币金额换算；历史汇率与趋势；实时汇率","upstream","public-apis/public-apis","https://www.frankfurter.app/docs","","","","No","Yes","Yes","100","A · 优先试用","浏览器直连候选","适合无密钥原型；生产使用前验证限流、许可和稳定性。","仍需验证额度、条款、延迟与数据质量"
"1fd6c8fa3467","FreeForexAPI","Real-time foreign exchange rates for major currency pairs","https://freeforexapi.com/Home/Api","金融与商业","Currency Exchange","实时汇率","upstream","public-apis/public-apis","https://freeforexapi.com/Home/Api","","","","No","Yes","No","80","B · 值得验证","后端代理","建议通过服务端适配器统一鉴权、缓存、限流和错误处理。","浏览器不可直连，应走服务端"
"c0b6bac1dbb0","National Bank of Poland","A collection of currency exchange rates (data in XML and JSON)","http://api.nbp.pl/en.html","金融与商业","Currency Exchange","实时汇率","upstream","public-apis/public-apis","http://api.nbp.pl/en.html","","","","No","Yes","Yes","90","A · 优先试用","浏览器直连候选","适合无密钥原型；生产使用前验证限流、许可和稳定性。","仍需验证额度、条款、延迟与数据质量"
"2df4d24f6bfe","paralelo.bo","Bolivia parallel-market USD/BOB exchange rate, aggregated from P2P sources every 60s","https://paralelo.bo/api","金融与商业","Currency Exchange","实时汇率","upstream","public-apis/public-apis","https://paralelo.bo/api","","","","No","Yes","Yes","100","A · 优先试用","浏览器直连候选","适合无密钥原型；生产使用前验证限流、许可和稳定性。","仍需验证额度、条款、延迟与数据质量"
"a9a473ef8eb3","TaxID","EU VAT number validation with company name and address lookup across all 27 member states","https://www.taxid.dev/docs","金融与商业","Currency Exchange","汇率综合能力","upstream","public-apis/public-apis","https://www.taxid.dev/docs","","","","apiKey","Yes","Unknown","83","B · 值得验证","后端代理","建议通过服务端适配器统一鉴权、缓存、限流和错误处理。","CORS 未知，需要浏览器实测；密钥不得暴露在前端"
"3c7484e891ad","VATComply.com","Exchange rates, geolocation and VAT number validation","https://www.vatcomply.com/documentation","金融与商业","Currency Exchange","实时汇率","upstream","public-apis/public-apis","https://www.vatcomply.com/documentation","","","","No","Yes","Yes","100","A · 优先试用","浏览器直连候选","适合无密钥原型；生产使用前验证限流、许可和稳定性。","仍需验证额度、条款、延迟与数据质量"
"754ad73b6dce","VATlayer","VAT number validation","https://vatlayer.com/?utm_source=Github&utm_medium=Referral&utm_campaign=Public-apis-repo-Best-sellers","安全与身份","Data Validation","税号与 VAT 校验","upstream","public-apis/public-apis","https://vatlayer.com/?utm_source=Github&utm_medium=Referral&utm_campaign=Public-apis-repo-Best-sellers","","","","apiKey","Yes","Unknown","78","B · 值得验证","后端代理","建议通过服务端适配器统一鉴权、缓存、限流和错误处理。","CORS 未知，需要浏览器实测；密钥不得暴露在前端"
"bce4aaf78ed2","Attestwire","Validate EN 16931 e-invoices: XRechnung, ZUGFeRD, Factur-X, Peppol BIS","https://api.attestwire.com/docs","安全与身份","Data Validation","电子发票与格式合规","upstream","public-apis/public-apis","https://api.attestwire.com/docs","","","","apiKey","Yes","Yes","95","A · 优先试用","后端代理","建议通过服务端适配器统一鉴权、缓存、限流和错误处理。","密钥不得暴露在前端"
"96afd8a608e4","Lob.com","US Address Verification","https://lob.com/","安全与身份","Data Validation","地址校验与标准化","upstream","public-apis/public-apis","https://lob.com/","","","","apiKey","Yes","Unknown","78","B · 值得验证","后端代理","建议通过服务端适配器统一鉴权、缓存、限流和错误处理。","CORS 未知，需要浏览器实测；密钥不得暴露在前端"
"61b854fc6572","Postman Echo","Test api server to receive and return value from HTTP method","https://www.postman-echo.com","安全与身份","Data Validation","API 与数据结构校验","upstream","public-apis/public-apis","https://www.postman-echo.com","","","","No","Yes","Unknown","88","A · 优先试用","后端代理","建议通过服务端适配器统一鉴权、缓存、限流和错误处理。","CORS 未知，需要浏览器实测"
"6ff978a9999b","PurgoMalum","Content validator against profanity & obscenity","http://www.purgomalum.com","安全与身份","Data Validation","敏感词与内容校验","upstream","public-apis/public-apis","http://www.purgomalum.com","","","","No","No","Unknown","48","D · 建议替代","仅研究/寻找替代","先寻找 HTTPS 替代服务，不纳入默认生产候选。","未声明 HTTPS，不建议生产接入；CORS 未知，需要浏览器实测"
"029cfc33d809","SchemaShield","Read-only preflight for breaking schema changes and downstream query impact","https://rapidapi.com/kaiasistentedavid/api/schema-change-risk","安全与身份","Data Validation","API 与数据结构校验","upstream","public-apis/public-apis","https://rapidapi.com/kaiasistentedavid/api/schema-change-risk","","","","apiKey","Yes","Unknown","83","B · 值得验证","后端代理","建议通过服务端适配器统一鉴权、缓存、限流和错误处理。","CORS 未知，需要浏览器实测；密钥不得暴露在前端"
"d48453551a51","Temsor","Validates Turkish national ID, tax number, IBAN, phone, plate and parses addresses","https://api.temsor.com/docs","安全与身份","Data Validation","税号与 VAT 校验","upstream","public-apis/public-apis","https://api.temsor.com/docs","","","","apiKey","Yes","Yes","95","A · 优先试用","后端代理","建议通过服务端适配器统一鉴权、缓存、限流和错误处理。","密钥不得暴露在前端"
"45c52c05890c","US Autocomplete","Enter address data quickly with real-time address suggestions","https://www.smarty.com/docs/cloud/us-autocomplete-pro-api","安全与身份","Data Validation","数据校验综合能力","upstream","public-apis/public-apis","https://www.smarty.com/docs/cloud/us-autocomplete-pro-api","","","","apiKey","Yes","Yes","95","A · 优先试用","后端代理","建议通过服务端适配器统一鉴权、缓存、限流和错误处理。","密钥不得暴露在前端"
"7f17b47b072a","US Extract","Extract postal addresses from any text including emails","https://www.smarty.com/products/apis/us-extract-api","安全与身份","Data Validation","地址校验与标准化","upstream","public-apis/public-apis","https://www.smarty.com/products/apis/us-extract-api","","","","apiKey","Yes","Yes","95","A · 优先试用","后端代理","建议通过服务端适配器统一鉴权、缓存、限流和错误处理。","密钥不得暴露在前端"
"03e75f9f9fee","US Street Address","Validate and append data for any US postal address","https://www.smarty.com/docs/cloud/us-street-api","安全与身份","Data Validation","地址校验与标准化","upstream","public-apis/public-apis","https://www.smarty.com/docs/cloud/us-street-api","","","","apiKey","Yes","Yes","95","A · 优先试用","后端代理","建议通过服务端适配器统一鉴权、缓存、限流和错误处理。","密钥不得暴露在前端"
"3c683d095d0d","Userstack","Secure User-Agent String Lookup JSON API","https://userstack.com/?utm_source=Github&utm_medium=Referral&utm_campaign=Public-apis-repo-Best-sellers","开发与基础设施","Development","开发者通用工具；设备、浏览器与 User-Agent 识别","upstream","public-apis/public-apis","https://userstack.com/?utm_source=Github&utm_medium=Referral&utm_campaign=Public-apis-repo-Best-sellers","","","","OAuth","Yes","Unknown","80","B · 值得验证","OAuth 集成","适合用户授权型产品；优先评估回调、安全存储和撤销流程。","CORS 未知，需要浏览器实测；需要完整授权与令牌生命周期设计"
"2959ebec7d48","24 Pull Requests","Project to promote open source collaboration during December","https://24pullrequests.com/api","开发与基础设施","Development","开发工具综合能力","upstream","public-apis/public-apis","https://24pullrequests.com/api","","","","No","Yes","Yes","100","A · 优先试用","浏览器直连候选","适合无密钥原型；生产使用前验证限流、许可和稳定性。","仍需验证额度、条款、延迟与数据质量"
"3d8319aa75d6","Agify.io","Estimates the age from a first name","https://agify.io","开发与基础设施","Development","开发工具综合能力","upstream","public-apis/public-apis","https://agify.io","","","","No","Yes","Yes","100","A · 优先试用","浏览器直连候选","适合无密钥原型；生产使用前验证限流、许可和稳定性。","仍需验证额度、条款、延迟与数据质量"
"c0da5e54590b","Amazonscraperapi","Amazon product, search & batch scraping API with residential proxies (1000 free)","https://amazonscraperapi.com","开发与基础设施","Development","开发者通用工具；网页抓取与结构化提取","upstream","public-apis/public-apis","https://amazonscraperapi.com","","","","apiKey","Yes","No","75","B · 值得验证","后端代理","建议通过服务端适配器统一鉴权、缓存、限流和错误处理。","浏览器不可直连，应走服务端；密钥不得暴露在前端"
"2c0bac56fb24","AmberOne","Turn any website into a build-ready Android, iOS, PWA or Electron app project","https://scubamike124.github.io/amberone-api/","开发与基础设施","Development","开发工具综合能力","upstream","public-apis/public-apis","https://scubamike124.github.io/amberone-api/","","","","apiKey","Yes","No","75","B · 值得验证","后端代理","建议通过服务端适配器统一鉴权、缓存、限流和错误处理。","浏览器不可直连，应走服务端；密钥不得暴露在前端"
"b0594785a671","API Grátis","Multiples services and public APIs","https://apigratis.com.br/","开发与基础设施","Development","开发者通用工具","upstream","public-apis/public-apis","https://apigratis.com.br/","","","","No","Yes","Unknown","88","A · 优先试用","后端代理","建议通过服务端适配器统一鉴权、缓存、限流和错误处理。","CORS 未知，需要浏览器实测"
"78e24e784f54","ApicAgent","Extract device details from user-agent string","https://www.apicagent.com","开发与基础设施","Development","设备、浏览器与 User-Agent 识别；开发者通用工具","upstream","public-apis/public-apis","https://www.apicagent.com","","","","No","Yes","Yes","100","A · 优先试用","浏览器直连候选","适合无密钥原型；生产使用前验证限流、许可和稳定性。","仍需验证额度、条款、延迟与数据质量"
"6aae9d4304cc","ApiFlash","Chrome based screenshot API for developers","https://apiflash.com/","开发与基础设施","Development","开发者通用工具；网页截图与渲染","upstream","public-apis/public-apis","https://apiflash.com/","","","","apiKey","Yes","Unknown","83","B · 值得验证","后端代理","建议通过服务端适配器统一鉴权、缓存、限流和错误处理。","CORS 未知，需要浏览器实测；密钥不得暴露在前端"
"ffc2ee9a47fb","APIs.guru","Wikipedia for Web APIs, OpenAPI/Swagger specs for public APIs","https://apis.guru/api-doc/","开发与基础设施","Development","开发者通用工具","upstream","public-apis/public-apis","https://apis.guru/api-doc/","","","","No","Yes","Unknown","88","A · 优先试用","后端代理","建议通过服务端适配器统一鉴权、缓存、限流和错误处理。","CORS 未知，需要浏览器实测"
"2cb1f7b684de","Azure DevOps","The Azure DevOps basic components of a REST API request/response pair","https://docs.microsoft.com/en-us/rest/api/azure/devops","开发与基础设施","Development","开发者通用工具","upstream","public-apis/public-apis","https://docs.microsoft.com/en-us/rest/api/azure/devops","","","","apiKey","Yes","Unknown","83","B · 值得验证","后端代理","建议通过服务端适配器统一鉴权、缓存、限流和错误处理。","CORS 未知，需要浏览器实测；密钥不得暴露在前端"
"dc5562e881f8","Base","Building quick backends","https://www.base-api.io/","开发与基础设施","Development","开发工具综合能力","upstream","public-apis/public-apis","https://www.base-api.io/","","","","apiKey","Yes","Yes","90","A · 优先试用","后端代理","建议通过服务端适配器统一鉴权、缓存、限流和错误处理。","密钥不得暴露在前端"
"396fb051a4ae","Beeceptor","Build a mock Rest API endpoint in seconds","https://beeceptor.com/","开发与基础设施","Development","Mock API 与请求回显；开发者通用工具","upstream","public-apis/public-apis","https://beeceptor.com/","","","","No","Yes","Yes","100","A · 优先试用","浏览器直连候选","适合无密钥原型；生产使用前验证限流、许可和稳定性。","仍需验证额度、条款、延迟与数据质量"
"63a8d4de2913","Bitbucket","Bitbucket API","https://developer.atlassian.com/bitbucket/api/2/reference/","开发与基础设施","Development","开发者通用工具","upstream","public-apis/public-apis","https://developer.atlassian.com/bitbucket/api/2/reference/","","","","OAuth","Yes","Unknown","75","B · 值得验证","OAuth 集成","适合用户授权型产品；优先评估回调、安全存储和撤销流程。","CORS 未知，需要浏览器实测；需要完整授权与令牌生命周期设计"
"32b7beb68f51","Blague.xyz","La plus grande API de Blagues FR/The biggest FR jokes API","https://blague.xyz/","开发与基础设施","Development","开发者通用工具","upstream","public-apis/public-apis","https://blague.xyz/","","","","apiKey","Yes","Yes","95","A · 优先试用","后端代理","建议通过服务端适配器统一鉴权、缓存、限流和错误处理。","密钥不得暴露在前端"
"5c36e43a4385","Blitapp","Schedule screenshots of web pages and sync them to your cloud","https://blitapp.com/api/","开发与基础设施","Development","网页截图与渲染","upstream","public-apis/public-apis","https://blitapp.com/api/","","","","apiKey","Yes","Unknown","83","B · 值得验证","后端代理","建议通过服务端适配器统一鉴权、缓存、限流和错误处理。","CORS 未知，需要浏览器实测；密钥不得暴露在前端"
"0f94793b3aee","Blynk-Cloud","Control IoT Devices from Blynk IoT Cloud","https://blynkapi.docs.apiary.io/#","开发与基础设施","Development","开发工具综合能力","upstream","public-apis/public-apis","https://blynkapi.docs.apiary.io/#","","","","apiKey","No","Unknown","53","C · 谨慎接入","仅研究/寻找替代","先寻找 HTTPS 替代服务，不纳入默认生产候选。","未声明 HTTPS，不建议生产接入；CORS 未知，需要浏览器实测；密钥不得暴露在前端"
"556553f976e0","Bored","Find random activities to fight boredom","https://bored-api.appbrewery.com/","开发与基础设施","Development","开发工具综合能力","upstream","public-apis/public-apis","https://bored-api.appbrewery.com/","","","","No","Yes","Unknown","88","A · 优先试用","后端代理","建议通过服务端适配器统一鉴权、缓存、限流和错误处理。","CORS 未知，需要浏览器实测"
"d61b66ced5b6","Brainshop.ai","Make A Free A.I Brain","https://brainshop.ai/","开发与基础设施","Development","开发工具综合能力","upstream","public-apis/public-apis","https://brainshop.ai/","","","","apiKey","Yes","Yes","90","A · 优先试用","后端代理","建议通过服务端适配器统一鉴权、缓存、限流和错误处理。","密钥不得暴露在前端"
"38efce30482a","BrewPage","Free hosting for HTML, JSON, key-value, files, multi-file sites with short URLs and TTL retention","https://brewpage.app","开发与基础设施","Development","开发工具综合能力","upstream","public-apis/public-apis","https://brewpage.app","","","","No","Yes","No","80","B · 值得验证","后端代理","建议通过服务端适配器统一鉴权、缓存、限流和错误处理。","浏览器不可直连，应走服务端"
"c7a2f4d8757c","Browshot","Easily make screenshots of web pages in any screen size, as any device","https://browshot.com/api/documentation","开发与基础设施","Development","网页截图与渲染","upstream","public-apis/public-apis","https://browshot.com/api/documentation","","","","apiKey","Yes","Yes","95","A · 优先试用","后端代理","建议通过服务端适配器统一鉴权、缓存、限流和错误处理。","密钥不得暴露在前端"
"55284ce4a1e3","CDNJS","Library info on CDNJS","https://api.cdnjs.com/libraries/jquery","开发与基础设施","Development","开发工具综合能力","upstream","public-apis/public-apis","https://api.cdnjs.com/libraries/jquery","","","","No","Yes","Unknown","83","B · 值得验证","后端代理","建议通过服务端适配器统一鉴权、缓存、限流和错误处理。","CORS 未知，需要浏览器实测"
"c3adcdcc3b32","Changelogs.md","Structured changelog metadata from open source projects","https://changelogs.md","开发与基础设施","Development","开发工具综合能力","upstream","public-apis/public-apis","https://changelogs.md","","","","No","Yes","Unknown","88","A · 优先试用","后端代理","建议通过服务端适配器统一鉴权、缓存、限流和错误处理。","CORS 未知，需要浏览器实测"
"c4744c702759","Ciprand","Secure random string generator","https://github.com/polarspetroll/ciprand","开发与基础设施","Development","开发工具综合能力","upstream","public-apis/public-apis","https://github.com/polarspetroll/ciprand","","","","No","Yes","No","80","B · 值得验证","后端代理","建议通过服务端适配器统一鉴权、缓存、限流和错误处理。","浏览器不可直连，应走服务端"
"b09e7f608cbe","Cloudflare","Manage DNS, CDN, Workers and other services; documented with an official OpenAPI 3.0 spec","https://developers.cloudflare.com/api/","开发与基础设施","Development","开发者通用工具","upstream","public-apis/public-apis","https://developers.cloudflare.com/api/","","","","apiKey","Yes","No","75","B · 值得验证","后端代理","建议通过服务端适配器统一鉴权、缓存、限流和错误处理。","浏览器不可直连，应走服务端；密钥不得暴露在前端"
"0452a8a505a8","Cloudflare Trace","Get IP Address, Timestamp, User Agent, Country Code, IATA, HTTP Version, TLS/SSL Version & More","https://github.com/fawazahmed0/cloudflare-trace-api","开发与基础设施","Development","开发工具综合能力","upstream","public-apis/public-apis","https://github.com/fawazahmed0/cloudflare-trace-api","","","","No","Yes","Yes","100","A · 优先试用","浏览器直连候选","适合无密钥原型；生产使用前验证限流、许可和稳定性。","仍需验证额度、条款、延迟与数据质量"
"acd06acb9d00","Codex","Online Compiler for Various Languages","https://github.com/Jaagrav/CodeX","开发与基础设施","Development","代码执行与编译","upstream","public-apis/public-apis","https://github.com/Jaagrav/CodeX","","","","No","Yes","Unknown","88","A · 优先试用","后端代理","建议通过服务端适配器统一鉴权、缓存、限流和错误处理。","CORS 未知，需要浏览器实测"
"7629a52efabc","Contentful Images","Used to retrieve and apply transformations to images","https://www.contentful.com/developers/docs/references/images-api/","开发与基础设施","Development","开发工具综合能力","upstream","public-apis/public-apis","https://www.contentful.com/developers/docs/references/images-api/","","","","apiKey","Yes","Yes","95","A · 优先试用","后端代理","建议通过服务端适配器统一鉴权、缓存、限流和错误处理。","密钥不得暴露在前端"
"5e1af08ed192","CORS Proxy","Get around the dreaded CORS error by using this proxy as a middle man","https://github.com/burhanuday/cors-proxy","开发与基础设施","Development","开发工具综合能力","upstream","public-apis/public-apis","https://github.com/burhanuday/cors-proxy","","","","No","Yes","Yes","100","A · 优先试用","浏览器直连候选","适合无密钥原型；生产使用前验证限流、许可和稳定性。","仍需验证额度、条款、延迟与数据质量"
"6bf427324850","CountAPI","Free and simple counting service. You can use it to track page hits and specific events","https://countapi.xyz","开发与基础设施","Development","开发者通用工具","upstream","public-apis/public-apis","https://countapi.xyz","","","","No","Yes","Yes","100","A · 优先试用","浏览器直连候选","适合无密钥原型；生产使用前验证限流、许可和稳定性。","仍需验证额度、条款、延迟与数据质量"
"ce0dee5ac9f1","Databricks","Service to manage your databricks account,clusters, notebooks, jobs and workspaces","https://docs.databricks.com/dev-tools/api/latest/index.html","开发与基础设施","Development","开发工具综合能力","upstream","public-apis/public-apis","https://docs.databricks.com/dev-tools/api/latest/index.html","","","","apiKey","Yes","Yes","95","A · 优先试用","后端代理","建议通过服务端适配器统一鉴权、缓存、限流和错误处理。","密钥不得暴露在前端"
"5ea8d94ad8b1","Diagrams.so","Generate editable draw.io architecture diagrams from text or infrastructure code","https://diagrams.so/developers","开发与基础设施","Development","开发工具综合能力","upstream","public-apis/public-apis","https://diagrams.so/developers","","","","apiKey","Yes","No","75","B · 值得验证","后端代理","建议通过服务端适配器统一鉴权、缓存、限流和错误处理。","浏览器不可直连，应走服务端；密钥不得暴露在前端"
"bc3868e4b984","DigitalOcean Status","Status of all DigitalOcean services","https://status.digitalocean.com/api","开发与基础设施","Development","开发工具综合能力","upstream","public-apis/public-apis","https://status.digitalocean.com/api","","","","No","Yes","Unknown","88","A · 优先试用","后端代理","建议通过服务端适配器统一鉴权、缓存、限流和错误处理。","CORS 未知，需要浏览器实测"
"109b61998fb2","DigMyName","Domain availability and registrar pricing across 52 TLDs","https://digmyname.com/api","开发与基础设施","Development","开发工具综合能力","upstream","public-apis/public-apis","https://digmyname.com/api","","","","No","Yes","Yes","100","A · 优先试用","浏览器直连候选","适合无密钥原型；生产使用前验证限流、许可和稳定性。","仍需验证额度、条款、延迟与数据质量"
"8423e485f57b","Docker Hub","Interact with Docker Hub","https://docs.docker.com/docker-hub/api/latest/","开发与基础设施","Development","开发工具综合能力","upstream","public-apis/public-apis","https://docs.docker.com/docker-hub/api/latest/","","","","apiKey","Yes","Yes","95","A · 优先试用","后端代理","建议通过服务端适配器统一鉴权、缓存、限流和错误处理。","密钥不得暴露在前端"
"022a5cbe84ca","DomainDb Info","Domain name search to find all domains containing particular words/phrases/etc","https://api.domainsdb.info/","开发与基础设施","Development","开发工具综合能力","upstream","public-apis/public-apis","https://api.domainsdb.info/","","","","No","Yes","Unknown","88","A · 优先试用","后端代理","建议通过服务端适配器统一鉴权、缓存、限流和错误处理。","CORS 未知，需要浏览器实测"
"b8a2c7385027","dotsweep","Domain availability across 1200+ TLDs with registration and renewal prices","https://dotsweep.com/docs","开发与基础设施","Development","开发工具综合能力","upstream","public-apis/public-apis","https://dotsweep.com/docs","","","","No","Yes","Yes","100","A · 优先试用","浏览器直连候选","适合无密钥原型；生产使用前验证限流、许可和稳定性。","仍需验证额度、条款、延迟与数据质量"
"f3d8089fe3bb","DownStatus","Real-time status for GitHub, AWS, Discord and 90+ services","https://isitdownstatus.com","开发与基础设施","Development","开发工具综合能力","upstream","public-apis/public-apis","https://isitdownstatus.com","","","","No","Yes","Yes","100","A · 优先试用","浏览器直连候选","适合无密钥原型；生产使用前验证限流、许可和稳定性。","仍需验证额度、条款、延迟与数据质量"
"1e09ae9cd84e","ExtendsClass JSON Storage","A simple JSON store API","https://extendsclass.com/json-storage.html","开发与基础设施","Development","开发者通用工具","upstream","public-apis/public-apis","https://extendsclass.com/json-storage.html","","","","No","Yes","Yes","95","A · 优先试用","浏览器直连候选","适合无密钥原型；生产使用前验证限流、许可和稳定性。","仍需验证额度、条款、延迟与数据质量"
"985b4f506f3d","GeekFlare","Provide numerous capabilities for important testing and monitoring methods for websites","https://apidocs.geekflare.com/docs/geekflare-api","开发与基础设施","Development","开发工具综合能力","upstream","public-apis/public-apis","https://apidocs.geekflare.com/docs/geekflare-api","","","","apiKey","Yes","Unknown","83","B · 值得验证","后端代理","建议通过服务端适配器统一鉴权、缓存、限流和错误处理。","CORS 未知，需要浏览器实测；密钥不得暴露在前端"
"331ad26144a5","Genderize.io","Estimates a gender from a first name","https://genderize.io","开发与基础设施","Development","开发工具综合能力","upstream","public-apis/public-apis","https://genderize.io","","","","No","Yes","Yes","100","A · 优先试用","浏览器直连候选","适合无密钥原型；生产使用前验证限流、许可和稳定性。","仍需验证额度、条款、延迟与数据质量"
"27e25a83631d","GETPing","Trigger an email notification with a simple GET request","https://www.getping.info","开发与基础设施","Development","开发工具综合能力","upstream","public-apis/public-apis","https://www.getping.info","","","","apiKey","Yes","Unknown","83","B · 值得验证","后端代理","建议通过服务端适配器统一鉴权、缓存、限流和错误处理。","CORS 未知，需要浏览器实测；密钥不得暴露在前端"
"b475b3908bf1","Ghost","Get Published content into your Website, App or other embedded media","https://ghost.org/","开发与基础设施","Development","开发工具综合能力","upstream","public-apis/public-apis","https://ghost.org/","","","","apiKey","Yes","Yes","95","A · 优先试用","后端代理","建议通过服务端适配器统一鉴权、缓存、限流和错误处理。","密钥不得暴露在前端"
"d9f9d119068d","GitHub","Make use of GitHub repositories, code and user info programmatically","https://docs.github.com/en/free-pro-team@latest/rest","开发与基础设施","Development","开发工具综合能力","upstream","public-apis/public-apis","https://docs.github.com/en/free-pro-team@latest/rest","","","","OAuth","Yes","Yes","92","A · 优先试用","OAuth 集成","适合用户授权型产品；优先评估回调、安全存储和撤销流程。","需要完整授权与令牌生命周期设计"
"1c34d136d74e","Gitlab","Automate GitLab interaction programmatically","https://docs.gitlab.com/ee/api/","开发与基础设施","Development","开发工具综合能力","upstream","public-apis/public-apis","https://docs.gitlab.com/ee/api/","","","","OAuth","Yes","Unknown","80","B · 值得验证","OAuth 集成","适合用户授权型产品；优先评估回调、安全存储和撤销流程。","CORS 未知，需要浏览器实测；需要完整授权与令牌生命周期设计"
"4efd572264f8","Gitter","Chat for Developers","https://developer.gitter.im/docs/welcome","开发与基础设施","Development","开发者通用工具","upstream","public-apis/public-apis","https://developer.gitter.im/docs/welcome","","","","OAuth","Yes","Unknown","75","B · 值得验证","OAuth 集成","适合用户授权型产品；优先评估回调、安全存储和撤销流程。","CORS 未知，需要浏览器实测；需要完整授权与令牌生命周期设计"
"a291df49aee5","Glitterly","Image generation API","https://developers.glitterly.app","开发与基础设施","Development","开发者通用工具","upstream","public-apis/public-apis","https://developers.glitterly.app","","","","apiKey","Yes","Yes","90","A · 优先试用","后端代理","建议通过服务端适配器统一鉴权、缓存、限流和错误处理。","密钥不得暴露在前端"
"deb9f0f48b7d","Google Docs","API to read, write, and format Google Docs documents","https://developers.google.com/docs/api/reference/rest","开发与基础设施","Development","开发者通用工具","upstream","public-apis/public-apis","https://developers.google.com/docs/api/reference/rest","","","","OAuth","Yes","Unknown","80","B · 值得验证","OAuth 集成","适合用户授权型产品；优先评估回调、安全存储和撤销流程。","CORS 未知，需要浏览器实测；需要完整授权与令牌生命周期设计"
"9d97de0253e2","Google Firebase","Google's mobile application development platform that helps build, improve, and grow app","https://firebase.google.com/docs","开发与基础设施","Development","开发工具综合能力","upstream","public-apis/public-apis","https://firebase.google.com/docs","","","","apiKey","Yes","Yes","95","A · 优先试用","后端代理","建议通过服务端适配器统一鉴权、缓存、限流和错误处理。","密钥不得暴露在前端"
"66e9c3732855","Google Fonts","Metadata for all families served by Google Fonts","https://developers.google.com/fonts/docs/developer_api","开发与基础设施","Development","开发工具综合能力","upstream","public-apis/public-apis","https://developers.google.com/fonts/docs/developer_api","","","","apiKey","Yes","Unknown","83","B · 值得验证","后端代理","建议通过服务端适配器统一鉴权、缓存、限流和错误处理。","CORS 未知，需要浏览器实测；密钥不得暴露在前端"
"d5b11bad84de","Google Keep","API to read, write, and format Google Keep notes","https://developers.google.com/keep/api/reference/rest","开发与基础设施","Development","开发者通用工具","upstream","public-apis/public-apis","https://developers.google.com/keep/api/reference/rest","","","","OAuth","Yes","Unknown","80","B · 值得验证","OAuth 集成","适合用户授权型产品；优先评估回调、安全存储和撤销流程。","CORS 未知，需要浏览器实测；需要完整授权与令牌生命周期设计"
"648233b7693a","Google Sheets","API to read, write, and format Google Sheets data","https://developers.google.com/sheets/api/reference/rest","开发与基础设施","Development","开发者通用工具","upstream","public-apis/public-apis","https://developers.google.com/sheets/api/reference/rest","","","","OAuth","Yes","Unknown","80","B · 值得验证","OAuth 集成","适合用户授权型产品；优先评估回调、安全存储和撤销流程。","CORS 未知，需要浏览器实测；需要完整授权与令牌生命周期设计"
"824df5225608","Google Slides","API to read, write, and format Google Slides presentations","https://developers.google.com/slides/api/reference/rest","开发与基础设施","Development","开发者通用工具","upstream","public-apis/public-apis","https://developers.google.com/slides/api/reference/rest","","","","OAuth","Yes","Unknown","80","B · 值得验证","OAuth 集成","适合用户授权型产品；优先评估回调、安全存储和撤销流程。","CORS 未知，需要浏览器实测；需要完整授权与令牌生命周期设计"
"dc6c9f88e164","Gorest","Online REST API for Testing and Prototyping","https://gorest.co.in/","开发与基础设施","Development","开发者通用工具","upstream","public-apis/public-apis","https://gorest.co.in/","","","","OAuth","Yes","Unknown","80","B · 值得验证","OAuth 集成","适合用户授权型产品；优先评估回调、安全存储和撤销流程。","CORS 未知，需要浏览器实测；需要完整授权与令牌生命周期设计"
"473ca62f025a","Hasura","GraphQL and REST API Engine with built in Authorization","https://hasura.io/opensource/","开发与基础设施","Development","开发者通用工具","upstream","public-apis/public-apis","https://hasura.io/opensource/","","","","apiKey","Yes","Yes","95","A · 优先试用","后端代理","建议通过服务端适配器统一鉴权、缓存、限流和错误处理。","密钥不得暴露在前端"
"ace003058314","Heroku","REST API to programmatically create apps, provision add-ons and perform other task on Heroku","https://devcenter.heroku.com/articles/platform-api-reference/","开发与基础设施","Development","开发者通用工具","upstream","public-apis/public-apis","https://devcenter.heroku.com/articles/platform-api-reference/","","","","OAuth","Yes","Yes","92","A · 优先试用","OAuth 集成","适合用户授权型产品；优先评估回调、安全存储和撤销流程。","需要完整授权与令牌生命周期设计"
"f83a5ce6553e","host-t.com","Basic DNS query via HTTP GET request","https://host-t.com","开发与基础设施","Development","开发工具综合能力","upstream","public-apis/public-apis","https://host-t.com","","","","No","Yes","No","80","B · 值得验证","后端代理","建议通过服务端适配器统一鉴权、缓存、限流和错误处理。","浏览器不可直连，应走服务端"
"ee499fc1f6a4","Host.io","Domains Data API for Developers","https://host.io","开发与基础设施","Development","开发者通用工具","upstream","public-apis/public-apis","https://host.io","","","","apiKey","Yes","Yes","95","A · 优先试用","后端代理","建议通过服务端适配器统一鉴权、缓存、限流和错误处理。","密钥不得暴露在前端"
"cc74a2f2f124","HTTP2.Pro","Test endpoints for client and server HTTP/2 protocol support","https://http2.pro/doc/api","开发与基础设施","Development","开发工具综合能力","upstream","public-apis/public-apis","https://http2.pro/doc/api","","","","No","Yes","Unknown","88","A · 优先试用","后端代理","建议通过服务端适配器统一鉴权、缓存、限流和错误处理。","CORS 未知，需要浏览器实测"
"a2be618276a5","Httpbin","A Simple HTTP Request & Response Service","https://httpbin.org/","开发与基础设施","Development","开发工具综合能力","upstream","public-apis/public-apis","https://httpbin.org/","","","","No","Yes","Yes","100","A · 优先试用","浏览器直连候选","适合无密钥原型；生产使用前验证限流、许可和稳定性。","仍需验证额度、条款、延迟与数据质量"
"e5ffe323a1b4","Httpbin Cloudflare","A Simple HTTP Request & Response Service with HTTP/3 Support by Cloudflare","https://cloudflare-quic.com/b/","开发与基础设施","Development","开发工具综合能力","upstream","public-apis/public-apis","https://cloudflare-quic.com/b/","","","","No","Yes","Yes","100","A · 优先试用","浏览器直连候选","适合无密钥原型；生产使用前验证限流、许可和稳定性。","仍需验证额度、条款、延迟与数据质量"
"5acbd91851da","Hipsum","Hipster-themed lorem ipsum generator for placeholder text","https://hipsum.co","开发与基础设施","Development","开发工具综合能力","upstream","public-apis/public-apis","https://hipsum.co","","","","No","Yes","Unknown","88","A · 优先试用","后端代理","建议通过服务端适配器统一鉴权、缓存、限流和错误处理。","CORS 未知，需要浏览器实测"
"6afacd96fbc2","Hunter","API for domain search, professional email finder, author finder and email verifier","https://hunter.io/api","开发与基础设施","Development","开发者通用工具","upstream","public-apis/public-apis","https://hunter.io/api","","","","apiKey","Yes","Unknown","83","B · 值得验证","后端代理","建议通过服务端适配器统一鉴权、缓存、限流和错误处理。","CORS 未知，需要浏览器实测；密钥不得暴露在前端"
"43856c5d39b9","IBM Text to Speech","Convert text to speech","https://cloud.ibm.com/docs/text-to-speech/getting-started.html","开发与基础设施","Development","开发工具综合能力","upstream","public-apis/public-apis","https://cloud.ibm.com/docs/text-to-speech/getting-started.html","","","","apiKey","Yes","Yes","90","A · 优先试用","后端代理","建议通过服务端适配器统一鉴权、缓存、限流和错误处理。","密钥不得暴露在前端"
"298ab7774608","Icanhazepoch","Get Epoch time","https://icanhazepoch.com","开发与基础设施","Development","开发工具综合能力","upstream","public-apis/public-apis","https://icanhazepoch.com","","","","No","Yes","Yes","95","A · 优先试用","浏览器直连候选","适合无密钥原型；生产使用前验证限流、许可和稳定性。","仍需验证额度、条款、延迟与数据质量"
"603b0ac5b3c9","Icanhazip","IP Address API","https://major.io/icanhazip-com-faq/","开发与基础设施","Development","开发者通用工具","upstream","public-apis/public-apis","https://major.io/icanhazip-com-faq/","","","","No","Yes","Yes","95","A · 优先试用","浏览器直连候选","适合无密钥原型；生产使用前验证限流、许可和稳定性。","仍需验证额度、条款、延迟与数据质量"
"81d3dd5be045","IFTTT","IFTTT Connect API","https://platform.ifttt.com/docs/connect_api","开发与基础设施","Development","开发者通用工具","upstream","public-apis/public-apis","https://platform.ifttt.com/docs/connect_api","","","","No","Yes","Unknown","83","B · 值得验证","后端代理","建议通过服务端适配器统一鉴权、缓存、限流和错误处理。","CORS 未知，需要浏览器实测"
"d4e48ee221d7","Image-Charts","Generate charts, QR codes and graph images","https://documentation.image-charts.com/","开发与基础设施","Development","二维码与条码","upstream","public-apis/public-apis","https://documentation.image-charts.com/","","","","No","Yes","Yes","100","A · 优先试用","浏览器直连候选","适合无密钥原型；生产使用前验证限流、许可和稳定性。","仍需验证额度、条款、延迟与数据质量"
"fe1f285cf49d","import.io","Retrieve structured data from a website or RSS feed","http://api.docs.import.io/","开发与基础设施","Development","开发工具综合能力","upstream","public-apis/public-apis","http://api.docs.import.io/","","","","apiKey","Yes","Unknown","73","B · 值得验证","后端代理","建议通过服务端适配器统一鉴权、缓存、限流和错误处理。","CORS 未知，需要浏览器实测；密钥不得暴露在前端"
"9c580684bb63","ip-fast.com","IP address, country and city","https://ip-fast.com/docs/","开发与基础设施","Development","开发工具综合能力","upstream","public-apis/public-apis","https://ip-fast.com/docs/","","","","No","Yes","Yes","100","A · 优先试用","浏览器直连候选","适合无密钥原型；生产使用前验证限流、许可和稳定性。","仍需验证额度、条款、延迟与数据质量"
"b98dad214505","IP2WHOIS Information Lookup","WHOIS domain name lookup","https://www.ip2whois.com/","开发与基础设施","Development","开发工具综合能力","upstream","public-apis/public-apis","https://www.ip2whois.com/","","","","apiKey","Yes","Unknown","83","B · 值得验证","后端代理","建议通过服务端适配器统一鉴权、缓存、限流和错误处理。","CORS 未知，需要浏览器实测；密钥不得暴露在前端"
"7ff3081a1041","ipfind.io","Geographic location of an IP address or any domain name along with some other useful information","https://ipfind.io","开发与基础设施","Development","开发工具综合能力","upstream","public-apis/public-apis","https://ipfind.io","","","","apiKey","Yes","Yes","95","A · 优先试用","后端代理","建议通过服务端适配器统一鉴权、缓存、限流和错误处理。","密钥不得暴露在前端"
"d51accf593f6","IPify","A simple IP Address API","https://www.ipify.org/","开发与基础设施","Development","开发者通用工具","upstream","public-apis/public-apis","https://www.ipify.org/","","","","No","Yes","Unknown","83","B · 值得验证","后端代理","建议通过服务端适配器统一鉴权、缓存、限流和错误处理。","CORS 未知，需要浏览器实测"
"a3726b12620d","IPinfo","Another simple IP Address API","https://ipinfo.io/developers","开发与基础设施","Development","开发者通用工具","upstream","public-apis/public-apis","https://ipinfo.io/developers","","","","No","Yes","Unknown","88","A · 优先试用","后端代理","建议通过服务端适配器统一鉴权、缓存、限流和错误处理。","CORS 未知，需要浏览器实测"
"9297f5ea4690","isitdownstatus","Check if websites and online services are currently down","https://isitdownstatus.com","开发与基础设施","Development","开发工具综合能力","upstream","public-apis/public-apis","https://isitdownstatus.com","","","","No","Yes","Unknown","88","A · 优先试用","后端代理","建议通过服务端适配器统一鉴权、缓存、限流和错误处理。","CORS 未知，需要浏览器实测"
"5195be8e622b","jsDelivr","Package info and download stats on jsDelivr CDN","https://github.com/jsdelivr/data.jsdelivr.com","开发与基础设施","Development","开发工具综合能力","upstream","public-apis/public-apis","https://github.com/jsdelivr/data.jsdelivr.com","","","","No","Yes","Yes","100","A · 优先试用","浏览器直连候选","适合无密钥原型；生产使用前验证限流、许可和稳定性。","仍需验证额度、条款、延迟与数据质量"
"c4e7d46bf86d","JSON 2 JSONP","Convert JSON to JSONP (on-the-fly) for easy cross-domain data requests using client-side JavaScript","https://json2jsonp.com/","开发与基础设施","Development","开发工具综合能力","upstream","public-apis/public-apis","https://json2jsonp.com/","","","","No","Yes","Unknown","88","A · 优先试用","后端代理","建议通过服务端适配器统一鉴权、缓存、限流和错误处理。","CORS 未知，需要浏览器实测"
"cd1d5fb68a23","JSONbin.io","Free JSON storage service. Ideal for small scale Web apps, Websites and Mobile apps","https://jsonbin.io","开发与基础设施","Development","开发工具综合能力","upstream","public-apis/public-apis","https://jsonbin.io","","","","apiKey","Yes","Yes","95","A · 优先试用","后端代理","建议通过服务端适配器统一鉴权、缓存、限流和错误处理。","密钥不得暴露在前端"
"4e8b1a39cd09","JSONPlaceholder","Fake REST API for testing and prototyping","https://jsonplaceholder.typicode.com","开发与基础设施","Development","开发者通用工具；Mock API 与请求回显","upstream","public-apis/public-apis","https://jsonplaceholder.typicode.com","","","","No","Yes","Yes","100","A · 优先试用","浏览器直连候选","适合无密钥原型；生产使用前验证限流、许可和稳定性。","仍需验证额度、条款、延迟与数据质量"
"7c5fe6f928b8","Keyvalue","Simple key-value storage REST API for quick prototyping","https://keyvalue.immanuel.co/","开发与基础设施","Development","开发者通用工具","upstream","public-apis/public-apis","https://keyvalue.immanuel.co/","","","","No","Yes","Unknown","88","A · 优先试用","后端代理","建议通过服务端适配器统一鉴权、缓存、限流和错误处理。","CORS 未知，需要浏览器实测"
"74bd4320993d","Kroki","Creates diagrams from textual descriptions","https://kroki.io","开发与基础设施","Development","开发工具综合能力","upstream","public-apis/public-apis","https://kroki.io","","","","No","Yes","Yes","100","A · 优先试用","浏览器直连候选","适合无密钥原型；生产使用前验证限流、许可和稳定性。","仍需验证额度、条款、延迟与数据质量"
"c6bd635ac198","License-API","Unofficial REST API for choosealicense.com","https://github.com/cmccandless/license-api/blob/master/README.md","开发与基础设施","Development","开发者通用工具","upstream","public-apis/public-apis","https://github.com/cmccandless/license-api/blob/master/README.md","","","","No","Yes","No","80","B · 值得验证","后端代理","建议通过服务端适配器统一鉴权、缓存、限流和错误处理。","浏览器不可直连，应走服务端"
"3bf01a10aaf4","Logs.to","Generate logs","https://logs.to/","开发与基础设施","Development","开发工具综合能力","upstream","public-apis/public-apis","https://logs.to/","","","","apiKey","Yes","Unknown","78","B · 值得验证","后端代理","建议通过服务端适配器统一鉴权、缓存、限流和错误处理。","CORS 未知，需要浏览器实测；密钥不得暴露在前端"
"dc3adbe83c99","Lua Decompiler","Online Lua 5.1 Decompiler","https://lua-decompiler.ferib.dev/","开发与基础设施","Development","代码执行与编译","upstream","public-apis/public-apis","https://lua-decompiler.ferib.dev/","","","","No","Yes","Yes","100","A · 优先试用","浏览器直连候选","适合无密钥原型；生产使用前验证限流、许可和稳定性。","仍需验证额度、条款、延迟与数据质量"
"bdc956a4555c","MAC address vendor lookup","Retrieve vendor details and other information regarding a given MAC address or an OUI","https://macaddress.io/api","开发与基础设施","Development","开发工具综合能力","upstream","public-apis/public-apis","https://macaddress.io/api","","","","apiKey","Yes","Yes","95","A · 优先试用","后端代理","建议通过服务端适配器统一鉴权、缓存、限流和错误处理。","密钥不得暴露在前端"
"b90350ca1bb1","Micro DB","Simple database service","https://m3o.com/db","开发与基础设施","Development","开发工具综合能力","upstream","public-apis/public-apis","https://m3o.com/db","","","","apiKey","Yes","Unknown","78","B · 值得验证","后端代理","建议通过服务端适配器统一鉴权、缓存、限流和错误处理。","CORS 未知，需要浏览器实测；密钥不得暴露在前端"
"526afcb5bd62","Micro-SaaS AI Suite","8 serverless AI APIs for sentiment analysis, copy generation, email verification, & OCR","https://microsaas-agent-api.vercel.app/openapi.json","开发与基础设施","Development","开发者通用工具","upstream","public-apis/public-apis","https://microsaas-agent-api.vercel.app/openapi.json","","","","apiKey","Yes","Unknown","83","B · 值得验证","后端代理","建议通过服务端适配器统一鉴权、缓存、限流和错误处理。","CORS 未知，需要浏览器实测；密钥不得暴露在前端"
"8f5c92a66678","MicroENV","Fake Rest API for developers","https://microenv.com/","开发与基础设施","Development","开发者通用工具；Mock API 与请求回显","upstream","public-apis/public-apis","https://microenv.com/","","","","No","Yes","Unknown","88","A · 优先试用","后端代理","建议通过服务端适配器统一鉴权、缓存、限流和错误处理。","CORS 未知，需要浏览器实测"
"a9662b4fa467","Mocky","Mock user defined test JSON for REST API endpoints","https://designer.mocky.io/","开发与基础设施","Development","开发者通用工具；Mock API 与请求回显","upstream","public-apis/public-apis","https://designer.mocky.io/","","","","No","Yes","Yes","100","A · 优先试用","浏览器直连候选","适合无密钥原型；生产使用前验证限流、许可和稳定性。","仍需验证额度、条款、延迟与数据质量"
"26d90890268b","MY IP","Get IP address information","https://www.myip.com/api-docs/","开发与基础设施","Development","开发工具综合能力","upstream","public-apis/public-apis","https://www.myip.com/api-docs/","","","","No","Yes","Unknown","88","A · 优先试用","后端代理","建议通过服务端适配器统一鉴权、缓存、限流和错误处理。","CORS 未知，需要浏览器实测"
"abde517bd98d","MyIPRightNow","Public IP address with network, location, and connection details","https://myiprightnow.com","开发与基础设施","Development","开发工具综合能力","upstream","public-apis/public-apis","https://myiprightnow.com","","","","No","Yes","Yes","100","A · 优先试用","浏览器直连候选","适合无密钥原型；生产使用前验证限流、许可和稳定性。","仍需验证额度、条款、延迟与数据质量"
"e2f9924ff79b","Nationalize.io","Estimate the nationality of a first name","https://nationalize.io","开发与基础设施","Development","开发工具综合能力","upstream","public-apis/public-apis","https://nationalize.io","","","","No","Yes","Yes","100","A · 优先试用","浏览器直连候选","适合无密钥原型；生产使用前验证限流、许可和稳定性。","仍需验证额度、条款、延迟与数据质量"
"b495c06c7355","Netlify","Netlify is a hosting service for the programmable web","https://docs.netlify.com/api/get-started/","开发与基础设施","Development","开发工具综合能力","upstream","public-apis/public-apis","https://docs.netlify.com/api/get-started/","","","","OAuth","Yes","Unknown","80","B · 值得验证","OAuth 集成","适合用户授权型产品；优先评估回调、安全存储和撤销流程。","CORS 未知，需要浏览器实测；需要完整授权与令牌生命周期设计"
"7767d89bb1d2","NetworkCalc","Network calculators, including subnets, DNS, binary, and security tools","https://networkcalc.com/api/docs","开发与基础设施","Development","开发者通用工具","upstream","public-apis/public-apis","https://networkcalc.com/api/docs","","","","No","Yes","Yes","100","A · 优先试用","浏览器直连候选","适合无密钥原型；生产使用前验证限流、许可和稳定性。","仍需验证额度、条款、延迟与数据质量"
"2c4d9a984563","npm Registry","Query information about your favorite Node.js libraries programatically","https://github.com/npm/registry/blob/master/docs/REGISTRY-API.md","开发与基础设施","Development","开发工具综合能力","upstream","public-apis/public-apis","https://github.com/npm/registry/blob/master/docs/REGISTRY-API.md","","","","No","Yes","Unknown","88","A · 优先试用","后端代理","建议通过服务端适配器统一鉴权、缓存、限流和错误处理。","CORS 未知，需要浏览器实测"
"e5c89e8ecbaf","OneSignal","Self-serve customer engagement solution for Push Notifications, Email, SMS & In-App","https://documentation.onesignal.com/docs/onesignal-api","开发与基础设施","Development","开发工具综合能力","upstream","public-apis/public-apis","https://documentation.onesignal.com/docs/onesignal-api","","","","apiKey","Yes","Unknown","83","B · 值得验证","后端代理","建议通过服务端适配器统一鉴权、缓存、限流和错误处理。","CORS 未知，需要浏览器实测；密钥不得暴露在前端"
"feaf73f7265c","Open Page Rank","API for calculating and comparing metrics of different websites using Page Rank algorithm","https://www.domcop.com/openpagerank/","开发与基础设施","Development","开发者通用工具","upstream","public-apis/public-apis","https://www.domcop.com/openpagerank/","","","","apiKey","Yes","Unknown","83","B · 值得验证","后端代理","建议通过服务端适配器统一鉴权、缓存、限流和错误处理。","CORS 未知，需要浏览器实测；密钥不得暴露在前端"
"4995898bd2ba","OpenAPIHub","The All-in-one API Platform","https://hub.openapihub.com/","开发与基础设施","Development","开发者通用工具","upstream","public-apis/public-apis","https://hub.openapihub.com/","","","","X-Mashape-Key","Yes","Unknown","76","B · 值得验证","后端代理","建议通过服务端适配器统一鉴权、缓存、限流和错误处理。","CORS 未知，需要浏览器实测；认证方式较特殊，先核对文档"
"a862349287c5","OpenGraphr","Really simple API to retrieve Open Graph data from an URL","https://opengraphr.com/docs/1.0/overview","开发与基础设施","Development","开发者通用工具","upstream","public-apis/public-apis","https://opengraphr.com/docs/1.0/overview","","","","apiKey","Yes","Unknown","83","B · 值得验证","后端代理","建议通过服务端适配器统一鉴权、缓存、限流和错误处理。","CORS 未知，需要浏览器实测；密钥不得暴露在前端"
"1eece38f800c","OpenQR","Generate QR codes and manage dynamic (editable) QR codes with scan analytics","https://openqr.uk/api","开发与基础设施","Development","二维码与条码","upstream","public-apis/public-apis","https://openqr.uk/api","","","","apiKey","Yes","Yes","95","A · 优先试用","后端代理","建议通过服务端适配器统一鉴权、缓存、限流和错误处理。","密钥不得暴露在前端"
"293eb4ddd38e","Orca Scan","Generate barcode images (QR, Code 128, EAN, Data Matrix and more) in SVG, PNG, JPG or PDF","https://orcascan.com/guides/free-barcode-image-api-0e4a4fa6","开发与基础设施","Development","二维码与条码","upstream","public-apis/public-apis","https://orcascan.com/guides/free-barcode-image-api-0e4a4fa6","","","","No","Yes","Yes","100","A · 优先试用","浏览器直连候选","适合无密钥原型；生产使用前验证限流、许可和稳定性。","仍需验证额度、条款、延迟与数据质量"
"7fc3d9e9dcf8","OutageDeck","Live status and incidents for 170+ cloud and SaaS providers from official feeds","https://outagedeck.com/developers/api","开发与基础设施","Development","开发工具综合能力","upstream","public-apis/public-apis","https://outagedeck.com/developers/api","","","","No","Yes","Yes","100","A · 优先试用","浏览器直连候选","适合无密钥原型；生产使用前验证限流、许可和稳定性。","仍需验证额度、条款、延迟与数据质量"
"1d7d73ef10dd","oyyi","API for Fake Data, image/video conversion, optimization, pdf optimization and thumbnail generation","https://oyyi.xyz/docs/1.0","开发与基础设施","Development","开发者通用工具","upstream","public-apis/public-apis","https://oyyi.xyz/docs/1.0","","","","No","Yes","Yes","100","A · 优先试用","浏览器直连候选","适合无密钥原型；生产使用前验证限流、许可和稳定性。","仍需验证额度、条款、延迟与数据质量"
"f82ed3301aa5","PageCDN","Public API for javascript, css and font libraries on PageCDN","https://pagecdn.com/docs/public-api","开发与基础设施","Development","开发者通用工具","upstream","public-apis/public-apis","https://pagecdn.com/docs/public-api","","","","apiKey","Yes","Yes","95","A · 优先试用","后端代理","建议通过服务端适配器统一鉴权、缓存、限流和错误处理。","密钥不得暴露在前端"
"52fbbde214cc","Phone Specs","Real-time smartphone specifications database for 263 devices","https://phone-specs-api-production.up.railway.app/docs","开发与基础设施","Development","开发工具综合能力","upstream","public-apis/public-apis","https://phone-specs-api-production.up.railway.app/docs","","","","No","Yes","Yes","100","A · 优先试用","浏览器直连候选","适合无密钥原型；生产使用前验证限流、许可和稳定性。","仍需验证额度、条款、延迟与数据质量"
"24d980520cea","Postman","Tool for testing APIs","https://www.postman.com/postman/workspace/postman-public-workspace/documentation/12959542-c8142d51-e97c-46b6-bd77-52bb66712c9a","开发与基础设施","Development","开发者通用工具","upstream","public-apis/public-apis","https://www.postman.com/postman/workspace/postman-public-workspace/documentation/12959542-c8142d51-e97c-46b6-bd77-52bb66712c9a","","","","apiKey","Yes","Unknown","78","B · 值得验证","后端代理","建议通过服务端适配器统一鉴权、缓存、限流和错误处理。","CORS 未知，需要浏览器实测；密钥不得暴露在前端"
"f568b7096a57","ProxyCrawl","Scraping and crawling anticaptcha service","https://proxycrawl.com","开发与基础设施","Development","网页抓取与结构化提取；开发者通用工具","upstream","public-apis/public-apis","https://proxycrawl.com","","","","apiKey","Yes","Unknown","83","B · 值得验证","后端代理","建议通过服务端适配器统一鉴权、缓存、限流和错误处理。","CORS 未知，需要浏览器实测；密钥不得暴露在前端"
"a7b1993ccdb9","ProxyForge","Free auto-updating list of live-tested proxies (HTTP/HTTPS/SOCKS4/SOCKS5), refreshed every 6 h","https://proxyforge.dev","开发与基础设施","Development","开发工具综合能力","upstream","public-apis/public-apis","https://proxyforge.dev","","","","No","Yes","Yes","100","A · 优先试用","浏览器直连候选","适合无密钥原型；生产使用前验证限流、许可和稳定性。","仍需验证额度、条款、延迟与数据质量"
"5971be67c1a9","ProxyKingdom","Rotating Proxy API that produces a working proxy on every request","https://proxykingdom.com","开发与基础设施","Development","开发者通用工具","upstream","public-apis/public-apis","https://proxykingdom.com","","","","apiKey","Yes","Yes","95","A · 优先试用","后端代理","建议通过服务端适配器统一鉴权、缓存、限流和错误处理。","密钥不得暴露在前端"
"c42074422c83","Pusher Beams","Push notifications for Android & iOS","https://pusher.com/beams","开发与基础设施","Development","开发工具综合能力","upstream","public-apis/public-apis","https://pusher.com/beams","","","","apiKey","Yes","Unknown","83","B · 值得验证","后端代理","建议通过服务端适配器统一鉴权、缓存、限流和错误处理。","CORS 未知，需要浏览器实测；密钥不得暴露在前端"
"124eb1401e90","QR & Barcode","QR codes and barcodes (Code 128, EAN-13, Data Matrix, PDF417 + more). SVG or PNG output","https://solsigs.com/qrapi/","开发与基础设施","Development","二维码与条码","upstream","public-apis/public-apis","https://solsigs.com/qrapi/","","","","No","Yes","Yes","100","A · 优先试用","浏览器直连候选","适合无密钥原型；生产使用前验证限流、许可和稳定性。","仍需验证额度、条款、延迟与数据质量"
"51d310b3bfa2","QR code","Create an easy to read QR code and URL shortener","https://www.qrtag.net/api/","开发与基础设施","Development","二维码与条码","upstream","public-apis/public-apis","https://www.qrtag.net/api/","","","","No","Yes","Yes","100","A · 优先试用","浏览器直连候选","适合无密钥原型；生产使用前验证限流、许可和稳定性。","仍需验证额度、条款、延迟与数据质量"
"a75736ca0b61","QR code","Generate and decode / read QR code graphics","http://goqr.me/api/","开发与基础设施","Development","二维码与条码","upstream","public-apis/public-apis","http://goqr.me/api/","","","","No","Yes","Unknown","78","B · 值得验证","后端代理","建议通过服务端适配器统一鉴权、缓存、限流和错误处理。","CORS 未知，需要浏览器实测"
"75a1d4c914c2","QR Code Crafter","Generate static QR codes in SVG, PNG, JPG, WebP, PDF, or EPS","https://qrcodecrafter.com/qr-code-api","开发与基础设施","Development","二维码与条码","upstream","public-apis/public-apis","https://qrcodecrafter.com/qr-code-api","","","","No","Yes","Yes","100","A · 优先试用","浏览器直连候选","适合无密钥原型；生产使用前验证限流、许可和稳定性。","仍需验证额度、条款、延迟与数据质量"
"6f5a9fe981c6","Qrcode Monkey","Integrate custom and unique looking QR codes into your system or workflow","https://www.qrcode-monkey.com/qr-code-api-with-logo/","开发与基础设施","Development","Webhook 与自动化连接；二维码与条码","upstream","public-apis/public-apis","https://www.qrcode-monkey.com/qr-code-api-with-logo/","","","","No","Yes","Unknown","88","A · 优先试用","后端代理","建议通过服务端适配器统一鉴权、缓存、限流和错误处理。","CORS 未知，需要浏览器实测"
"782f71ade694","QuickChart","Generate chart and graph images","https://quickchart.io/","开发与基础设施","Development","开发工具综合能力","upstream","public-apis/public-apis","https://quickchart.io/","","","","No","Yes","Yes","100","A · 优先试用","浏览器直连候选","适合无密钥原型；生产使用前验证限流、许可和稳定性。","仍需验证额度、条款、延迟与数据质量"
"772e3f95d145","Random Stuff","Can be used to get AI Response, jokes, memes, and much more at lightning-fast speed","https://api-docs.pgamerx.com/","开发与基础设施","Development","开发工具综合能力","upstream","public-apis/public-apis","https://api-docs.pgamerx.com/","","","","apiKey","Yes","Yes","95","A · 优先试用","后端代理","建议通过服务端适配器统一鉴权、缓存、限流和错误处理。","密钥不得暴露在前端"
"03ac69d4d234","Rejax","Reverse AJAX service to notify clients","https://rejax.io/","开发与基础设施","Development","开发工具综合能力","upstream","public-apis/public-apis","https://rejax.io/","","","","apiKey","Yes","No","75","B · 值得验证","后端代理","建议通过服务端适配器统一鉴权、缓存、限流和错误处理。","浏览器不可直连，应走服务端；密钥不得暴露在前端"
"ee55d28fc90f","ReqRes","A hosted REST-API ready to respond to your AJAX requests","https://reqres.in/ ","开发与基础设施","Development","二维码与条码；开发者通用工具","upstream","public-apis/public-apis","https://reqres.in/ ","","","","No","Yes","Unknown","88","A · 优先试用","后端代理","建议通过服务端适配器统一鉴权、缓存、限流和错误处理。","CORS 未知，需要浏览器实测"
"1e2593dc2dca","RSS feed to JSON","Returns RSS feed in JSON format using feed URL","https://rss-to-json-serverless-api.vercel.app","开发与基础设施","Development","开发工具综合能力","upstream","public-apis/public-apis","https://rss-to-json-serverless-api.vercel.app","","","","No","Yes","Yes","100","A · 优先试用","浏览器直连候选","适合无密钥原型；生产使用前验证限流、许可和稳定性。","仍需验证额度、条款、延迟与数据质量"
"8a34416b609d","SavePage.io","A free, RESTful API used to screenshot any desktop, or mobile website","https://www.savepage.io","开发与基础设施","Development","开发者通用工具；网页截图与渲染","upstream","public-apis/public-apis","https://www.savepage.io","","","","apiKey","Yes","Yes","95","A · 优先试用","后端代理","建议通过服务端适配器统一鉴权、缓存、限流和错误处理。","密钥不得暴露在前端"
"c4a94d9c8e55","ScrapeNinja","Scraping API with Chrome fingerprint and residential proxies","https://scrapeninja.net","开发与基础设施","Development","开发者通用工具；网页抓取与结构化提取","upstream","public-apis/public-apis","https://scrapeninja.net","","","","apiKey","Yes","Unknown","83","B · 值得验证","后端代理","建议通过服务端适配器统一鉴权、缓存、限流和错误处理。","CORS 未知，需要浏览器实测；密钥不得暴露在前端"
"86387a50c253","ScraperApi","Easily build scalable web scrapers","https://www.scraperapi.com","开发与基础设施","Development","开发者通用工具；网页抓取与结构化提取","upstream","public-apis/public-apis","https://www.scraperapi.com","","","","apiKey","Yes","Unknown","83","B · 值得验证","后端代理","建议通过服务端适配器统一鉴权、缓存、限流和错误处理。","CORS 未知，需要浏览器实测；密钥不得暴露在前端"
"126c5350e340","scraperBox","Undetectable web scraping API","https://scraperbox.com/","开发与基础设施","Development","开发者通用工具；网页抓取与结构化提取","upstream","public-apis/public-apis","https://scraperbox.com/","","","","apiKey","Yes","Yes","95","A · 优先试用","后端代理","建议通过服务端适配器统一鉴权、缓存、限流和错误处理。","密钥不得暴露在前端"
"25d18708f696","scrapestack","Real-time, Scalable Proxy & Web Scraping REST API","https://scrapestack.com/","开发与基础设施","Development","开发者通用工具；网页抓取与结构化提取","upstream","public-apis/public-apis","https://scrapestack.com/","","","","apiKey","Yes","Unknown","83","B · 值得验证","后端代理","建议通过服务端适配器统一鉴权、缓存、限流和错误处理。","CORS 未知，需要浏览器实测；密钥不得暴露在前端"
"806c60f776b1","ScrapingAnt","Headless Chrome scraping with a simple API","https://scrapingant.com","开发与基础设施","Development","开发者通用工具；网页抓取与结构化提取","upstream","public-apis/public-apis","https://scrapingant.com","","","","apiKey","Yes","Unknown","83","B · 值得验证","后端代理","建议通过服务端适配器统一鉴权、缓存、限流和错误处理。","CORS 未知，需要浏览器实测；密钥不得暴露在前端"
"a4b44eea2e00","ScrapingDog","Proxy API for Web scraping","https://www.scrapingdog.com/","开发与基础设施","Development","开发者通用工具；网页抓取与结构化提取","upstream","public-apis/public-apis","https://www.scrapingdog.com/","","","","apiKey","Yes","Unknown","83","B · 值得验证","后端代理","建议通过服务端适配器统一鉴权、缓存、限流和错误处理。","CORS 未知，需要浏览器实测；密钥不得暴露在前端"
"53d10a28bc0e","Screenshot","Take programmatic screenshots of web pages from any website","https://www.abstractapi.com/website-screenshot-api","开发与基础设施","Development","网页截图与渲染","upstream","public-apis/public-apis","https://www.abstractapi.com/website-screenshot-api","","","","apiKey","Yes","Yes","95","A · 优先试用","后端代理","建议通过服务端适配器统一鉴权、缓存、限流和错误处理。","密钥不得暴露在前端"
"2c78bca64bfb","ScreenshotAPI.net","Create pixel-perfect website screenshots","https://screenshotapi.net/","开发与基础设施","Development","开发者通用工具；网页截图与渲染","upstream","public-apis/public-apis","https://screenshotapi.net/","","","","apiKey","Yes","Yes","95","A · 优先试用","后端代理","建议通过服务端适配器统一鉴权、缓存、限流和错误处理。","密钥不得暴露在前端"
"2a328a375caf","Serialif Color","Color conversion, complementary, grayscale and contrasted text","https://color.serialif.com/","开发与基础设施","Development","开发工具综合能力","upstream","public-apis/public-apis","https://color.serialif.com/","","","","No","Yes","No","80","B · 值得验证","后端代理","建议通过服务端适配器统一鉴权、缓存、限流和错误处理。","浏览器不可直连，应走服务端"
"230a52e0f50b","serpstack","Real-Time & Accurate Google Search Results API","https://serpstack.com/","开发与基础设施","Development","开发者通用工具；网页抓取与结构化提取","upstream","public-apis/public-apis","https://serpstack.com/","","","","apiKey","Yes","Yes","95","A · 优先试用","后端代理","建议通过服务端适配器统一鉴权、缓存、限流和错误处理。","密钥不得暴露在前端"
"e83c258f002a","Sheetsu","Easy google sheets integration","https://sheetsu.com/","开发与基础设施","Development","Webhook 与自动化连接","upstream","public-apis/public-apis","https://sheetsu.com/","","","","apiKey","Yes","Unknown","83","B · 值得验证","后端代理","建议通过服务端适配器统一鉴权、缓存、限流和错误处理。","CORS 未知，需要浏览器实测；密钥不得暴露在前端"
"51a6abfffc61","SHOUTCLOUD","ALL-CAPS AS A SERVICE","http://shoutcloud.io/","开发与基础设施","Development","开发工具综合能力","upstream","public-apis/public-apis","http://shoutcloud.io/","","","","No","No","Unknown","43","D · 建议替代","仅研究/寻找替代","先寻找 HTTPS 替代服务，不纳入默认生产候选。","未声明 HTTPS，不建议生产接入；CORS 未知，需要浏览器实测"
"016d93aa364f","SiteIntel","Extract metadata, tech stack, emails, and screenshots from any URL","https://siteintel.duckdns.org","开发与基础设施","Development","网页截图与渲染","upstream","public-apis/public-apis","https://siteintel.duckdns.org","","","","apiKey","Yes","Unknown","83","B · 值得验证","后端代理","建议通过服务端适配器统一鉴权、缓存、限流和错误处理。","CORS 未知，需要浏览器实测；密钥不得暴露在前端"
"9acd2fb33dd0","Sonar","Project Sonar DNS Enumeration API","https://github.com/Cgboal/SonarSearch","开发与基础设施","Development","开发者通用工具","upstream","public-apis/public-apis","https://github.com/Cgboal/SonarSearch","","","","No","Yes","Yes","100","A · 优先试用","浏览器直连候选","适合无密钥原型；生产使用前验证限流、许可和稳定性。","仍需验证额度、条款、延迟与数据质量"
"f55ca0cb69b9","SonarQube","SonarQube REST APIs to detect bugs, code smells & security vulnerabilities","https://sonarcloud.io/web_api","开发与基础设施","Development","开发者通用工具","upstream","public-apis/public-apis","https://sonarcloud.io/web_api","","","","OAuth","Yes","Unknown","80","B · 值得验证","OAuth 集成","适合用户授权型产品；优先评估回调、安全存储和撤销流程。","CORS 未知，需要浏览器实测；需要完整授权与令牌生命周期设计"
"47b5b2011019","StackExchange","Q&A forum for developers","https://api.stackexchange.com/","开发与基础设施","Development","开发者通用工具","upstream","public-apis/public-apis","https://api.stackexchange.com/","","","","OAuth","Yes","Unknown","80","B · 值得验证","OAuth 集成","适合用户授权型产品；优先评估回调、安全存储和撤销流程。","CORS 未知，需要浏览器实测；需要完整授权与令牌生命周期设计"
"a629170224f9","Statically","A free CDN for developers","https://statically.io/","开发与基础设施","Development","开发者通用工具","upstream","public-apis/public-apis","https://statically.io/","","","","No","Yes","Yes","100","A · 优先试用","浏览器直连候选","适合无密钥原型；生产使用前验证限流、许可和稳定性。","仍需验证额度、条款、延迟与数据质量"
"c881d05e6b22","Supportivekoala","Autogenerate images with template","https://developers.supportivekoala.com/","开发与基础设施","Development","开发工具综合能力","upstream","public-apis/public-apis","https://developers.supportivekoala.com/","","","","apiKey","Yes","Yes","95","A · 优先试用","后端代理","建议通过服务端适配器统一鉴权、缓存、限流和错误处理。","密钥不得暴露在前端"
"62b79d7cdb1c","Suprsonic","Unified agent API: search, scrape, enrich, image gen, TTS, STT, messaging. One key, 20+ capabilities","https://suprsonic.ai","开发与基础设施","Development","开发者通用工具；网页抓取与结构化提取","upstream","public-apis/public-apis","https://suprsonic.ai","","","","apiKey","Yes","Yes","95","A · 优先试用","后端代理","建议通过服务端适配器统一鉴权、缓存、限流和错误处理。","密钥不得暴露在前端"
"57cb8fb9462f","Talordata","SERP data from major search engines with a free trial","https://docs.talordata.com/","开发与基础设施","Development","网页抓取与结构化提取","upstream","public-apis/public-apis","https://docs.talordata.com/","","","","apiKey","Yes","Unknown","83","B · 值得验证","后端代理","建议通过服务端适配器统一鉴权、缓存、限流和错误处理。","CORS 未知，需要浏览器实测；密钥不得暴露在前端"
"a6b619d3bfa4","Thunder Client","API testing tool","https://www.thunderclient.com/","开发与基础设施","Development","开发者通用工具","upstream","public-apis/public-apis","https://www.thunderclient.com/","","","","No","Yes","Yes","95","A · 优先试用","浏览器直连候选","适合无密钥原型；生产使用前验证限流、许可和稳定性。","仍需验证额度、条款、延迟与数据质量"
"4ea48ff0f134","Thunderbit","Extract web pages as Markdown or structured data for AI apps","https://thunderbit.com/docs/introduction","开发与基础设施","Development","开发工具综合能力","upstream","public-apis/public-apis","https://thunderbit.com/docs/introduction","","","","apiKey","Yes","Unknown","83","B · 值得验证","后端代理","建议通过服务端适配器统一鉴权、缓存、限流和错误处理。","CORS 未知，需要浏览器实测；密钥不得暴露在前端"
"043feb670410","TinyMind Agent Tools","Free APIs by an AI agent on a VPS: actor lookup, word-of-the-day, poems, jokes, ping","https://tinymind.eu/api/","开发与基础设施","Development","开发者通用工具","upstream","public-apis/public-apis","https://tinymind.eu/api/","","","","No","Yes","Yes","100","A · 优先试用","浏览器直连候选","适合无密钥原型；生产使用前验证限流、许可和稳定性。","仍需验证额度、条款、延迟与数据质量"
"edf611c53c78","Tyk","Api and service management platform","https://tyk.io/open-source/","开发与基础设施","Development","开发者通用工具","upstream","public-apis/public-apis","https://tyk.io/open-source/","","","","apiKey","Yes","Yes","95","A · 优先试用","后端代理","建议通过服务端适配器统一鉴权、缓存、限流和错误处理。","密钥不得暴露在前端"
"11872f638f1a","Utilorax","203 JSON endpoints: hashing, encoding, unit conversion, text, dates and file conversion","https://utilorax.com/api","开发与基础设施","Development","开发工具综合能力","upstream","public-apis/public-apis","https://utilorax.com/api","","","","apiKey","Yes","Yes","95","A · 优先试用","后端代理","建议通过服务端适配器统一鉴权、缓存、限流和错误处理。","密钥不得暴露在前端"
"afc625c57b80","Wandbox","Code compiler supporting 35+ languages mentioned at wandbox.org","https://github.com/melpon/wandbox/blob/master/kennel2/API.rst","开发与基础设施","Development","代码执行与编译","upstream","public-apis/public-apis","https://github.com/melpon/wandbox/blob/master/kennel2/API.rst","","","","No","Yes","Unknown","88","A · 优先试用","后端代理","建议通过服务端适配器统一鉴权、缓存、限流和错误处理。","CORS 未知，需要浏览器实测"
"77ccf09fb9f3","Web Metadata & Contact Extractor","Extract SEO metadata, contact emails, social links, and tech stack (<200ms)","https://rapidapi.com/josejuanjocoding/api/web-metadata-and-contact-extractor","开发与基础设施","Development","开发工具综合能力","upstream","public-apis/public-apis","https://rapidapi.com/josejuanjocoding/api/web-metadata-and-contact-extractor","","","","apiKey","Yes","Yes","95","A · 优先试用","后端代理","建议通过服务端适配器统一鉴权、缓存、限流和错误处理。","密钥不得暴露在前端"
"8c895531f23c","Webclaw","Web content extraction for LLMs with scrape, crawl, search, and summarize","https://webclaw.io/docs/api","开发与基础设施","Development","网页抓取与结构化提取","upstream","public-apis/public-apis","https://webclaw.io/docs/api","","","","apiKey","Yes","Yes","95","A · 优先试用","后端代理","建议通过服务端适配器统一鉴权、缓存、限流和错误处理。","密钥不得暴露在前端"
"f6f78158cecc","WebScraping.AI","Web Scraping API with built-in proxies and JS rendering","https://webscraping.ai/","开发与基础设施","Development","开发者通用工具；网页抓取与结构化提取","upstream","public-apis/public-apis","https://webscraping.ai/","","","","apiKey","Yes","Yes","95","A · 优先试用","后端代理","建议通过服务端适配器统一鉴权、缓存、限流和错误处理。","密钥不得暴露在前端"
"b96db58b048f","ZenRows","Web Scraping API that bypasses anti-bot solutions while offering JS rendering, and rotating proxies","https://www.zenrows.com/","开发与基础设施","Development","开发者通用工具；网页抓取与结构化提取","upstream","public-apis/public-apis","https://www.zenrows.com/","","","","apiKey","Yes","Unknown","83","B · 值得验证","后端代理","建议通过服务端适配器统一鉴权、缓存、限流和错误处理。","CORS 未知，需要浏览器实测；密钥不得暴露在前端"
"e772cd6bf0fc","Chinese Character Web","Chinese character definitions and pronunciations","http://ccdb.hemiola.com/","公共与知识数据","Dictionaries","词义、词性与例句；发音与音标；古文、字符与历史语料","upstream","public-apis/public-apis","http://ccdb.hemiola.com/","","","","No","No","No","40","D · 建议替代","仅研究/寻找替代","先寻找 HTTPS 替代服务，不纳入默认生产候选。","未声明 HTTPS，不建议生产接入；浏览器不可直连，应走服务端"
"b9189ae4efbc","Chinese Text Project","Online open-access digital library for pre-modern Chinese texts","https://ctext.org/tools/api","公共与知识数据","Dictionaries","古文、字符与历史语料","upstream","public-apis/public-apis","https://ctext.org/tools/api","","","","No","Yes","Unknown","88","A · 优先试用","后端代理","建议通过服务端适配器统一鉴权、缓存、限流和错误处理。","CORS 未知，需要浏览器实测"
"64bb463869b8","Collins","Bilingual Dictionary and Thesaurus Data","https://api.collinsdictionary.com/api/v1/documentation/html/","公共与知识数据","Dictionaries","词义、词性与例句；双语词典与翻译释义；同义词、反义词与词语联想","upstream","public-apis/public-apis","https://api.collinsdictionary.com/api/v1/documentation/html/","","","","apiKey","Yes","Unknown","83","B · 值得验证","后端代理","建议通过服务端适配器统一鉴权、缓存、限流和错误处理。","CORS 未知，需要浏览器实测；密钥不得暴露在前端"
"1374485674ad","Free Dictionary","Definitions, phonetics, pronounciations, parts of speech, examples, synonyms","https://dictionaryapi.dev/","公共与知识数据","Dictionaries","词义、词性与例句；发音与音标；同义词、反义词与词语联想","upstream","public-apis/public-apis","https://dictionaryapi.dev/","","","","No","Yes","Unknown","88","A · 优先试用","后端代理","建议通过服务端适配器统一鉴权、缓存、限流和错误处理。","CORS 未知，需要浏览器实测"
"53f127709ae8","Indonesia Dictionary","Indonesia dictionary many words","https://new-kbbi-api.herokuapp.com/","公共与知识数据","Dictionaries","词义、词性与例句","upstream","public-apis/public-apis","https://new-kbbi-api.herokuapp.com/","","","","No","Yes","Unknown","88","A · 优先试用","后端代理","建议通过服务端适配器统一鉴权、缓存、限流和错误处理。","CORS 未知，需要浏览器实测"
"4e76c6cc9ba0","Lingua Robot","Word definitions, pronunciations, synonyms, antonyms and others","https://www.linguarobot.io","公共与知识数据","Dictionaries","同义词、反义词与词语联想；词义、词性与例句；发音与音标","upstream","public-apis/public-apis","https://www.linguarobot.io","","","","apiKey","Yes","Yes","95","A · 优先试用","后端代理","建议通过服务端适配器统一鉴权、缓存、限流和错误处理。","密钥不得暴露在前端"
"60d2259d3d75","Merriam-Webster","Dictionary and Thesaurus Data","https://dictionaryapi.com/","公共与知识数据","Dictionaries","词义、词性与例句；同义词、反义词与词语联想","upstream","public-apis/public-apis","https://dictionaryapi.com/","","","","apiKey","Yes","Unknown","83","B · 值得验证","后端代理","建议通过服务端适配器统一鉴权、缓存、限流和错误处理。","CORS 未知，需要浏览器实测；密钥不得暴露在前端"
"5d9743b30f59","OwlBot","Definitions with example sentence and photo if available","https://owlbot.info/","公共与知识数据","Dictionaries","词义、词性与例句","upstream","public-apis/public-apis","https://owlbot.info/","","","","apiKey","Yes","Yes","95","A · 优先试用","后端代理","建议通过服务端适配器统一鉴权、缓存、限流和错误处理。","密钥不得暴露在前端"
"2a6aae8aa6ec","Oxford","Dictionary Data","https://developer.oxforddictionaries.com/","公共与知识数据","Dictionaries","词义、词性与例句","upstream","public-apis/public-apis","https://developer.oxforddictionaries.com/","","","","apiKey","Yes","No","70","B · 值得验证","后端代理","建议通过服务端适配器统一鉴权、缓存、限流和错误处理。","浏览器不可直连，应走服务端；密钥不得暴露在前端"
"3944f2afda91","Synonyms","Synonyms, thesaurus and antonyms information for any given word","https://www.synonyms.com/synonyms_api.php","公共与知识数据","Dictionaries","同义词、反义词与词语联想","upstream","public-apis/public-apis","https://www.synonyms.com/synonyms_api.php","","","","apiKey","Yes","Unknown","83","B · 值得验证","后端代理","建议通过服务端适配器统一鉴权、缓存、限流和错误处理。","CORS 未知，需要浏览器实测；密钥不得暴露在前端"
"2d19184c9001","Wiktionary","Collaborative dictionary data","https://en.wiktionary.org/w/api.php","公共与知识数据","Dictionaries","词义、词性与例句","upstream","public-apis/public-apis","https://en.wiktionary.org/w/api.php","","","","No","Yes","Yes","100","A · 优先试用","浏览器直连候选","适合无密钥原型；生产使用前验证限流、许可和稳定性。","仍需验证额度、条款、延迟与数据质量"
"9dc1789263fd","Wordnik","Dictionary Data","https://developer.wordnik.com","公共与知识数据","Dictionaries","词义、词性与例句","upstream","public-apis/public-apis","https://developer.wordnik.com","","","","apiKey","Yes","Unknown","78","B · 值得验证","后端代理","建议通过服务端适配器统一鉴权、缓存、限流和错误处理。","CORS 未知，需要浏览器实测；密钥不得暴露在前端"
"9c137384fbba","Words","Definitions and synonyms for more than 150,000 words","https://www.wordsapi.com/docs/","公共与知识数据","Dictionaries","词义、词性与例句；同义词、反义词与词语联想","upstream","public-apis/public-apis","https://www.wordsapi.com/docs/","","","","apiKey","Yes","Unknown","83","B · 值得验证","后端代理","建议通过服务端适配器统一鉴权、缓存、限流和错误处理。","CORS 未知，需要浏览器实测；密钥不得暴露在前端"
"e87c1ce5eabf","Airtable","Integrate with Airtable","https://airtable.com/api","生产力与职业","Documents & Productivity","表格与轻量数据库","upstream","public-apis/public-apis","https://airtable.com/api","","","","apiKey","Yes","Unknown","78","B · 值得验证","后端代理","建议通过服务端适配器统一鉴权、缓存、限流和错误处理。","CORS 未知，需要浏览器实测；密钥不得暴露在前端"
"d7fc0c58acae","Api2Convert","Online File Conversion API","https://www.api2convert.com/","生产力与职业","Documents & Productivity","文件格式转换","upstream","public-apis/public-apis","https://www.api2convert.com/","","","","apiKey","Yes","Unknown","83","B · 值得验证","后端代理","建议通过服务端适配器统一鉴权、缓存、限流和错误处理。","CORS 未知，需要浏览器实测；密钥不得暴露在前端"
"2b462c2bfbc1","apilayer pdflayer","HTML/URL to PDF","https://pdflayer.com","生产力与职业","Documents & Productivity","PDF 生成","upstream","public-apis/public-apis","https://pdflayer.com","","","","apiKey","Yes","Unknown","78","B · 值得验证","后端代理","建议通过服务端适配器统一鉴权、缓存、限流和错误处理。","CORS 未知，需要浏览器实测；密钥不得暴露在前端"
"1e1631ec8b82","Asana","Programmatic access to all data in your asana system","https://developers.asana.com/docs","生产力与职业","Documents & Productivity","任务与项目管理","upstream","public-apis/public-apis","https://developers.asana.com/docs","","","","apiKey","Yes","Yes","95","A · 优先试用","后端代理","建议通过服务端适配器统一鉴权、缓存、限流和错误处理。","密钥不得暴露在前端"
"831247dd58dc","BuildPDF","Convert HTML, images, and text to PDF","https://buildpdf.co/api/docs","生产力与职业","Documents & Productivity","PDF 生成","upstream","public-apis/public-apis","https://buildpdf.co/api/docs","","","","apiKey","Yes","Yes","95","A · 优先试用","后端代理","建议通过服务端适配器统一鉴权、缓存、限流和错误处理。","密钥不得暴露在前端"
"2982cd973832","ClickUp","ClickUp is a robust, cloud-based project management tool for boosting productivity","https://clickup.com/api","生产力与职业","Documents & Productivity","任务与项目管理","upstream","public-apis/public-apis","https://clickup.com/api","","","","OAuth","Yes","Unknown","80","B · 值得验证","OAuth 集成","适合用户授权型产品；优先评估回调、安全存储和撤销流程。","CORS 未知，需要浏览器实测；需要完整授权与令牌生命周期设计"
"854a59798e3d","Clockify","Clockify's REST-based API can be used to push/pull data to/from it & integrate it with other systems","https://clockify.me/developers-api ","生产力与职业","Documents & Productivity","文档与生产力综合能力","upstream","public-apis/public-apis","https://clockify.me/developers-api ","","","","apiKey","Yes","Unknown","83","B · 值得验证","后端代理","建议通过服务端适配器统一鉴权、缓存、限流和错误处理。","CORS 未知，需要浏览器实测；密钥不得暴露在前端"
"c74f021491f5","CloudConvert","Online file converter for audio, video, document, ebook, archive, image, spreadsheet, presentation","https://cloudconvert.com/api/v2","生产力与职业","Documents & Productivity","表格与轻量数据库；文件格式转换","upstream","public-apis/public-apis","https://cloudconvert.com/api/v2","","","","apiKey","Yes","Unknown","83","B · 值得验证","后端代理","建议通过服务端适配器统一鉴权、缓存、限流和错误处理。","CORS 未知，需要浏览器实测；密钥不得暴露在前端"
"55e05e83ca8f","Cloudmersive Document and Data Conversion","HTML/URL to PDF/PNG, Office documents to PDF, image conversion","https://cloudmersive.com/convert-api","生产力与职业","Documents & Productivity","PDF 生成","upstream","public-apis/public-apis","https://cloudmersive.com/convert-api","","","","apiKey","Yes","Yes","95","A · 优先试用","后端代理","建议通过服务端适配器统一鉴权、缓存、限流和错误处理。","密钥不得暴露在前端"
"de337470be35","Code::Stats","Automatic time tracking for programmers","https://codestats.net/api-docs","生产力与职业","Documents & Productivity","文档与生产力综合能力","upstream","public-apis/public-apis","https://codestats.net/api-docs","","","","apiKey","Yes","No","75","B · 值得验证","后端代理","建议通过服务端适配器统一鉴权、缓存、限流和错误处理。","浏览器不可直连，应走服务端；密钥不得暴露在前端"
"9c804a7f8bf1","CraftMyPDF","Generate PDF documents from templates with a drop-and-drop editor and a simple API","https://craftmypdf.com","生产力与职业","Documents & Productivity","PDF 生成","upstream","public-apis/public-apis","https://craftmypdf.com","","","","apiKey","Yes","No","75","B · 值得验证","后端代理","建议通过服务端适配器统一鉴权、缓存、限流和错误处理。","浏览器不可直连，应走服务端；密钥不得暴露在前端"
"c1b4722c76d6","DocStruct","AI extraction of invoices, receipts, bank statements & contracts into structured JSON/CSV","https://docstruct.pages.dev","生产力与职业","Documents & Productivity","文档与生产力综合能力","upstream","public-apis/public-apis","https://docstruct.pages.dev","","","","No","Yes","Yes","100","A · 优先试用","浏览器直连候选","适合无密钥原型；生产使用前验证限流、许可和稳定性。","仍需验证额度、条款、延迟与数据质量"
"6443212de233","Flowdash","Automate business workflows","https://docs.flowdash.com/docs/api-introduction","生产力与职业","Documents & Productivity","文档与生产力综合能力","upstream","public-apis/public-apis","https://docs.flowdash.com/docs/api-introduction","","","","apiKey","Yes","Unknown","83","B · 值得验证","后端代理","建议通过服务端适配器统一鉴权、缓存、限流和错误处理。","CORS 未知，需要浏览器实测；密钥不得暴露在前端"
"8a03bf4ecb3d","Html2PDF","HTML/URL to PDF","https://html2pdf.app/","生产力与职业","Documents & Productivity","PDF 生成","upstream","public-apis/public-apis","https://html2pdf.app/","","","","apiKey","Yes","Unknown","78","B · 值得验证","后端代理","建议通过服务端适配器统一鉴权、缓存、限流和错误处理。","CORS 未知，需要浏览器实测；密钥不得暴露在前端"
"d1eca30ac4df","iLovePDF","Convert, merge, split, extract text and add page numbers for PDFs. Free for 250 documents/month","https://developer.ilovepdf.com/","生产力与职业","Documents & Productivity","OCR 与文档信息提取","upstream","public-apis/public-apis","https://developer.ilovepdf.com/","","","","apiKey","Yes","Yes","95","A · 优先试用","后端代理","建议通过服务端适配器统一鉴权、缓存、限流和错误处理。","密钥不得暴露在前端"
"89385cbbfda8","JIRA","JIRA is a proprietary issue tracking product that allows bug tracking and agile project management","https://developer.atlassian.com/server/jira/platform/rest-apis/","生产力与职业","Documents & Productivity","任务与项目管理","upstream","public-apis/public-apis","https://developer.atlassian.com/server/jira/platform/rest-apis/","","","","OAuth","Yes","Unknown","80","B · 值得验证","OAuth 集成","适合用户授权型产品；优先评估回调、安全存储和撤销流程。","CORS 未知，需要浏览器实测；需要完整授权与令牌生命周期设计"
"fef25af93944","Mattermost","An open source platform for developer collaboration","https://api.mattermost.com/","生产力与职业","Documents & Productivity","电子签名与表单","upstream","public-apis/public-apis","https://api.mattermost.com/","","","","OAuth","Yes","Unknown","80","B · 值得验证","OAuth 集成","适合用户授权型产品；优先评估回调、安全存储和撤销流程。","CORS 未知，需要浏览器实测；需要完整授权与令牌生命周期设计"
"08a95a9a270a","Mercury","Web parser","https://mercury.postlight.com/web-parser/","生产力与职业","Documents & Productivity","文档与生产力综合能力","upstream","public-apis/public-apis","https://mercury.postlight.com/web-parser/","","","","apiKey","Yes","Unknown","78","B · 值得验证","后端代理","建议通过服务端适配器统一鉴权、缓存、限流和错误处理。","CORS 未知，需要浏览器实测；密钥不得暴露在前端"
"cc7446a3b76f","Monday","Programmatically access and update data inside a monday.com account","https://api.developer.monday.com/docs","生产力与职业","Documents & Productivity","文档与生产力综合能力","upstream","public-apis/public-apis","https://api.developer.monday.com/docs","","","","apiKey","Yes","Unknown","83","B · 值得验证","后端代理","建议通过服务端适配器统一鉴权、缓存、限流和错误处理。","CORS 未知，需要浏览器实测；密钥不得暴露在前端"
"9cdb3d00386f","Notion","Integrate with Notion","https://developers.notion.com/docs/getting-started","生产力与职业","Documents & Productivity","文档与生产力综合能力","upstream","public-apis/public-apis","https://developers.notion.com/docs/getting-started","","","","OAuth","Yes","Unknown","75","B · 值得验证","OAuth 集成","适合用户授权型产品；优先评估回调、安全存储和撤销流程。","CORS 未知，需要浏览器实测；需要完整授权与令牌生命周期设计"
"b9a68e891bba","OCR.Space","OCR text extraction from images and PDFs with a free tier","https://ocr.space/ocrapi","生产力与职业","Documents & Productivity","OCR 与文档信息提取","upstream","public-apis/public-apis","https://ocr.space/ocrapi","","","","apiKey","Yes","Unknown","83","B · 值得验证","后端代理","建议通过服务端适配器统一鉴权、缓存、限流和错误处理。","CORS 未知，需要浏览器实测；密钥不得暴露在前端"
"111237c79562","PandaDoc","DocGen and eSignatures API","https://developers.pandadoc.com","生产力与职业","Documents & Productivity","电子签名与表单","upstream","public-apis/public-apis","https://developers.pandadoc.com","","","","apiKey","Yes","No","75","B · 值得验证","后端代理","建议通过服务端适配器统一鉴权、缓存、限流和错误处理。","浏览器不可直连，应走服务端；密钥不得暴露在前端"
"92a6a81297d8","PDFFleet","HTML and URL to PDF API with templates and a free tier","https://pdffleet.com","生产力与职业","Documents & Productivity","PDF 生成","upstream","public-apis/public-apis","https://pdffleet.com","","","","apiKey","Yes","Yes","95","A · 优先试用","后端代理","建议通过服务端适配器统一鉴权、缓存、限流和错误处理。","密钥不得暴露在前端"
"e6757ccad414","Pocket","Bookmarking service","https://getpocket.com/developer/","生产力与职业","Documents & Productivity","文档与生产力综合能力","upstream","public-apis/public-apis","https://getpocket.com/developer/","","","","OAuth","Yes","Unknown","75","B · 值得验证","OAuth 集成","适合用户授权型产品；优先评估回调、安全存储和撤销流程。","CORS 未知，需要浏览器实测；需要完整授权与令牌生命周期设计"
"9ee541615a87","Podio","File sharing and productivity","https://developers.podio.com","生产力与职业","Documents & Productivity","文档与生产力综合能力","upstream","public-apis/public-apis","https://developers.podio.com","","","","OAuth","Yes","Unknown","80","B · 值得验证","OAuth 集成","适合用户授权型产品；优先评估回调、安全存储和撤销流程。","CORS 未知，需要浏览器实测；需要完整授权与令牌生命周期设计"
"d35eb24feb4c","PolyDoc","HTML/URL to PDF and screenshots, plus Factur-X/ZUGFeRD e-invoices; free tier","https://polydoc.tech","生产力与职业","Documents & Productivity","PDF 生成","upstream","public-apis/public-apis","https://polydoc.tech","","","","apiKey","Yes","Unknown","83","B · 值得验证","后端代理","建议通过服务端适配器统一鉴权、缓存、限流和错误处理。","CORS 未知，需要浏览器实测；密钥不得暴露在前端"
"a5bd90978d36","PrexView","Data from XML or JSON to PDF, HTML or Image","https://prexview.com","生产力与职业","Documents & Productivity","文档与生产力综合能力","upstream","public-apis/public-apis","https://prexview.com","","","","apiKey","Yes","Unknown","83","B · 值得验证","后端代理","建议通过服务端适配器统一鉴权、缓存、限流和错误处理。","CORS 未知，需要浏览器实测；密钥不得暴露在前端"
"ec1777bbaef1","Renderly","HTML to PDF conversion API built on Chromium","https://renderlyapi.com","生产力与职业","Documents & Productivity","PDF 生成","upstream","public-apis/public-apis","https://renderlyapi.com","","","","apiKey","Yes","Yes","95","A · 优先试用","后端代理","建议通过服务端适配器统一鉴权、缓存、限流和错误处理。","密钥不得暴露在前端"
"e41a1d0fc098","Rendex","Render HTML, Markdown, or URLs to PNG/JPEG/WebP/PDF, with extraction and templating","https://rendex.dev","生产力与职业","Documents & Productivity","PDF 生成","upstream","public-apis/public-apis","https://rendex.dev","","","","apiKey","Yes","Unknown","83","B · 值得验证","后端代理","建议通过服务端适配器统一鉴权、缓存、限流和错误处理。","CORS 未知，需要浏览器实测；密钥不得暴露在前端"
"f562106140b2","Restpack","Provides screenshot, HTML to PDF and content extraction APIs","https://restpack.io/","生产力与职业","Documents & Productivity","PDF 生成","upstream","public-apis/public-apis","https://restpack.io/","","","","apiKey","Yes","Unknown","83","B · 值得验证","后端代理","建议通过服务端适配器统一鉴权、缓存、限流和错误处理。","CORS 未知，需要浏览器实测；密钥不得暴露在前端"
"bc9983be4e0b","RunConvert","Convert video, audio, image, and document files programmatically","https://www.runconvert.com/docs","生产力与职业","Documents & Productivity","文件格式转换","upstream","public-apis/public-apis","https://www.runconvert.com/docs","","","","apiKey","Yes","No","75","B · 值得验证","后端代理","建议通过服务端适配器统一鉴权、缓存、限流和错误处理。","浏览器不可直连，应走服务端；密钥不得暴露在前端"
"91cec39a0e64","Todoist","Todo Lists","https://developer.todoist.com","生产力与职业","Documents & Productivity","文档与生产力综合能力","upstream","public-apis/public-apis","https://developer.todoist.com","","","","OAuth","Yes","Unknown","75","B · 值得验证","OAuth 集成","适合用户授权型产品；优先评估回调、安全存储和撤销流程。","CORS 未知，需要浏览器实测；需要完整授权与令牌生命周期设计"
"742b8e7c9cfc","Smart Image Enhancement","Performs image upscaling by adding detail to images through multiple super-resolution algorithms","https://apilayer.com/marketplace/image_enhancement-api","生产力与职业","Documents & Productivity","电子签名与表单","upstream","public-apis/public-apis","https://apilayer.com/marketplace/image_enhancement-api","","","","apiKey","Yes","Unknown","83","B · 值得验证","后端代理","建议通过服务端适配器统一鉴权、缓存、限流和错误处理。","CORS 未知，需要浏览器实测；密钥不得暴露在前端"
"a1bd01338e2d","staffSign","Digital employment contract API with QES/eIDAS support for HR and staffing","https://staffsign.de/docs","生产力与职业","Documents & Productivity","文档与生产力综合能力","upstream","public-apis/public-apis","https://staffsign.de/docs","","","","apiKey","Yes","Yes","95","A · 优先试用","后端代理","建议通过服务端适配器统一鉴权、缓存、限流和错误处理。","密钥不得暴露在前端"
"8d69b2972d66","Vector Express v2.0","Free vector file converting API","https://vector.express","生产力与职业","Documents & Productivity","文档与生产力综合能力","upstream","public-apis/public-apis","https://vector.express","","","","No","Yes","No","80","B · 值得验证","后端代理","建议通过服务端适配器统一鉴权、缓存、限流和错误处理。","浏览器不可直连，应走服务端"
"5a520390e3b9","WakaTime","Automated time tracking leaderboards for programmers","https://wakatime.com/developers","生产力与职业","Documents & Productivity","文档与生产力综合能力","upstream","public-apis/public-apis","https://wakatime.com/developers","","","","No","Yes","Unknown","88","A · 优先试用","后端代理","建议通过服务端适配器统一鉴权、缓存、限流和错误处理。","CORS 未知，需要浏览器实测"
"ab2af8b26591","Zube","Full stack project management","https://zube.io/docs/api","生产力与职业","Documents & Productivity","任务与项目管理","upstream","public-apis/public-apis","https://zube.io/docs/api","","","","OAuth","Yes","Unknown","80","B · 值得验证","OAuth 集成","适合用户授权型产品；优先评估回调、安全存储和撤销流程。","CORS 未知，需要浏览器实测；需要完整授权与令牌生命周期设计"
"73d65019e8f3","Zero Retention PDF","Zero-retention HTML to PDF conversion","https://xeropdf.com","生产力与职业","Documents & Productivity","PDF 生成","upstream","public-apis/public-apis","https://xeropdf.com","","","","apiKey","Yes","Unknown","83","B · 值得验证","后端代理","建议通过服务端适配器统一鉴权、缓存、限流和错误处理。","CORS 未知，需要浏览器实测；密钥不得暴露在前端"
"dfdaf96289cd","mailboxlayer","Email address validation","https://mailboxlayer.com?utm_source=Github&utm_medium=Referral&utm_campaign=Public-apis-repo-Best-sellers","安全与身份","Email","邮箱地址有效性验证；收件箱与邮件读取","upstream","public-apis/public-apis","https://mailboxlayer.com?utm_source=Github&utm_medium=Referral&utm_campaign=Public-apis-repo-Best-sellers","","","","apiKey","Yes","Unknown","83","B · 值得验证","后端代理","建议通过服务端适配器统一鉴权、缓存、限流和错误处理。","CORS 未知，需要浏览器实测；密钥不得暴露在前端"
"572509f0a2ab","AGPC Domain Check","Check a domain's SPF, DKIM, DMARC and MX with a graded shareable report","https://guild.tradeuniquecapital.com/api","安全与身份","Email","邮件域名与送达配置","upstream","public-apis/public-apis","https://guild.tradeuniquecapital.com/api","","","","No","Yes","Yes","100","A · 优先试用","浏览器直连候选","适合无密钥原型；生产使用前验证限流、许可和稳定性。","仍需验证额度、条款、延迟与数据质量"
"a0fa3e9d0e2d","Atomic Mail","Email for AI agents: programmatic inbox creation and send/receive over JMAP","https://atomic-mail.github.io/atomic-mail-agentic/","安全与身份","Email","收件箱与邮件读取","upstream","public-apis/public-apis","https://atomic-mail.github.io/atomic-mail-agentic/","","","","apiKey","Yes","Unknown","83","B · 值得验证","后端代理","建议通过服务端适配器统一鉴权、缓存、限流和错误处理。","CORS 未知，需要浏览器实测；密钥不得暴露在前端"
"2b4f66f920de","Cloudmersive Validate","Validate email addresses, phone numbers, VAT numbers and domain names","https://cloudmersive.com/validate-api","安全与身份","Email","邮箱地址有效性验证","upstream","public-apis/public-apis","https://cloudmersive.com/validate-api","","","","apiKey","Yes","Yes","95","A · 优先试用","后端代理","建议通过服务端适配器统一鉴权、缓存、限流和错误处理。","密钥不得暴露在前端"
"6d3498cc27ac","Disify","Validate and detect disposable and temporary email addresses","https://www.disify.com/","安全与身份","Email","临时邮箱识别","upstream","public-apis/public-apis","https://www.disify.com/","","","","No","Yes","Yes","100","A · 优先试用","浏览器直连候选","适合无密钥原型；生产使用前验证限流、许可和稳定性。","仍需验证额度、条款、延迟与数据质量"
"734f02d7d0ca","DropMail","GraphQL API for creating and managing ephemeral e-mail inboxes","https://dropmail.me/api/#live-demo","安全与身份","Email","临时邮箱识别；收件箱与邮件读取","upstream","public-apis/public-apis","https://dropmail.me/api/#live-demo","","","","No","Yes","Unknown","88","A · 优先试用","后端代理","建议通过服务端适配器统一鉴权、缓存、限流和错误处理。","CORS 未知，需要浏览器实测"
"a8822757f1fb","EmailJS","Send emails directly from client-side JavaScript without a backend server","https://www.emailjs.com/docs/","安全与身份","Email","事务邮件与批量发送","upstream","public-apis/public-apis","https://www.emailjs.com/docs/","","","","apiKey","Yes","Yes","95","A · 优先试用","后端代理","建议通过服务端适配器统一鉴权、缓存、限流和错误处理。","密钥不得暴露在前端"
"b3a583aad3fe","Email Validation","Validate email addresses for deliverability and spam","https://www.abstractapi.com/email-verification-validation-api","安全与身份","Email","邮件域名与送达配置；邮箱地址有效性验证","upstream","public-apis/public-apis","https://www.abstractapi.com/email-verification-validation-api","","","","apiKey","Yes","Yes","95","A · 优先试用","后端代理","建议通过服务端适配器统一鉴权、缓存、限流和错误处理。","密钥不得暴露在前端"
"960b68498a57","EVA","Validate email addresses","https://eva.pingutil.com/","安全与身份","Email","邮箱地址有效性验证","upstream","public-apis/public-apis","https://eva.pingutil.com/","","","","No","Yes","Yes","100","A · 优先试用","浏览器直连候选","适合无密钥原型；生产使用前验证限流、许可和稳定性。","仍需验证额度、条款、延迟与数据质量"
"63f6c2604e3a","Guerrilla Mail","Disposable temporary Email addresses","https://www.guerrillamail.com/GuerrillaMailAPI.html","安全与身份","Email","临时邮箱识别","upstream","public-apis/public-apis","https://www.guerrillamail.com/GuerrillaMailAPI.html","","","","No","Yes","Unknown","88","A · 优先试用","后端代理","建议通过服务端适配器统一鉴权、缓存、限流和错误处理。","CORS 未知，需要浏览器实测"
"32242de137a6","ImprovMX","API for free email forwarding service","https://improvmx.com/api","安全与身份","Email","邮件域名与送达配置","upstream","public-apis/public-apis","https://improvmx.com/api","","","","apiKey","Yes","Unknown","83","B · 值得验证","后端代理","建议通过服务端适配器统一鉴权、缓存、限流和错误处理。","CORS 未知，需要浏览器实测；密钥不得暴露在前端"
"32a263705aec","Kickbox","Email verification API","https://open.kickbox.com/","安全与身份","Email","电子邮件综合能力","upstream","public-apis/public-apis","https://open.kickbox.com/","","","","No","Yes","Yes","95","A · 优先试用","浏览器直连候选","适合无密钥原型；生产使用前验证限流、许可和稳定性。","仍需验证额度、条款、延迟与数据质量"
"d6abb0b3b9e6","Kiprio Email Validate","Free email validation: MX check, disposable detection, syntax","https://kiprio.com/v1/email-validate","安全与身份","Email","临时邮箱识别；邮件域名与送达配置","upstream","public-apis/public-apis","https://kiprio.com/v1/email-validate","","","","apiKey","Yes","Yes","95","A · 优先试用","后端代理","建议通过服务端适配器统一鉴权、缓存、限流和错误处理。","密钥不得暴露在前端"
"0d44c5f73c0b","mail.gw","10 Minute Mail","https://docs.mail.gw","安全与身份","Email","电子邮件综合能力","upstream","public-apis/public-apis","https://docs.mail.gw","","","","No","Yes","Yes","95","A · 优先试用","浏览器直连候选","适合无密钥原型；生产使用前验证限流、许可和稳定性。","仍需验证额度、条款、延迟与数据质量"
"6e9a235f2db7","mail.tm","Temporary Email Service","https://docs.mail.tm","安全与身份","Email","临时邮箱识别","upstream","public-apis/public-apis","https://docs.mail.tm","","","","No","Yes","Yes","95","A · 优先试用","浏览器直连候选","适合无密钥原型；生产使用前验证限流、许可和稳定性。","仍需验证额度、条款、延迟与数据质量"
"3c36e4288792","MailboxValidator","Validate email address to improve deliverability","https://www.mailboxvalidator.com/api-email-free","安全与身份","Email","收件箱与邮件读取；邮件域名与送达配置；邮箱地址有效性验证","upstream","public-apis/public-apis","https://www.mailboxvalidator.com/api-email-free","","","","apiKey","Yes","Unknown","83","B · 值得验证","后端代理","建议通过服务端适配器统一鉴权、缓存、限流和错误处理。","CORS 未知，需要浏览器实测；密钥不得暴露在前端"
"d4669278d504","MailCheck.ai","Prevent users to sign up with temporary email addresses","https://www.mailcheck.ai/#documentation","安全与身份","Email","临时邮箱识别","upstream","public-apis/public-apis","https://www.mailcheck.ai/#documentation","","","","No","Yes","Unknown","88","A · 优先试用","后端代理","建议通过服务端适配器统一鉴权、缓存、限流和错误处理。","CORS 未知，需要浏览器实测"
"56b82301ce2c","Mailtrap","Email API and SMTP for sending transactional and bulk emails, with email testing sandbox for safe development","https://mailtrap.io","安全与身份","Email","事务邮件与批量发送","upstream","public-apis/public-apis","https://mailtrap.io","","","","apiKey","Yes","Unknown","83","B · 值得验证","后端代理","建议通过服务端适配器统一鉴权、缓存、限流和错误处理。","CORS 未知，需要浏览器实测；密钥不得暴露在前端"
"ab597f0dca2d","PostStack","EU-hosted email API for transactional and marketing email, with contacts, broadcasts, and analytics","https://poststack.dev/docs","安全与身份","Email","事务邮件与批量发送","upstream","public-apis/public-apis","https://poststack.dev/docs","","","","apiKey","Yes","No","75","B · 值得验证","后端代理","建议通过服务端适配器统一鉴权、缓存、限流和错误处理。","浏览器不可直连，应走服务端；密钥不得暴露在前端"
"2584f79d1289","Sendgrid","A cloud-based SMTP provider that allows you to send emails without having to maintain email servers","https://docs.sendgrid.com/api-reference/","安全与身份","Email","事务邮件与批量发送","upstream","public-apis/public-apis","https://docs.sendgrid.com/api-reference/","","","","apiKey","Yes","Unknown","83","B · 值得验证","后端代理","建议通过服务端适配器统一鉴权、缓存、限流和错误处理。","CORS 未知，需要浏览器实测；密钥不得暴露在前端"
"68c68c35e819","Sendinblue","A service that provides solutions relating to marketing and/or transactional email and/or SMS","https://developers.sendinblue.com/docs","安全与身份","Email","事务邮件与批量发送","upstream","public-apis/public-apis","https://developers.sendinblue.com/docs","","","","apiKey","Yes","Unknown","83","B · 值得验证","后端代理","建议通过服务端适配器统一鉴权、缓存、限流和错误处理。","CORS 未知，需要浏览器实测；密钥不得暴露在前端"
"fc045d82b5c1","uchecker","Bulk email verification with full SMTP server responses","https://api.uchecker.net/docs","安全与身份","Email","事务邮件与批量发送","upstream","public-apis/public-apis","https://api.uchecker.net/docs","","","","apiKey","Yes","Unknown","83","B · 值得验证","后端代理","建议通过服务端适配器统一鉴权、缓存、限流和错误处理。","CORS 未知，需要浏览器实测；密钥不得暴露在前端"
"420cc4f13e60","Verifier","Verifies that a given email is real","https://verifier.meetchopra.com/docs#/","安全与身份","Email","电子邮件综合能力","upstream","public-apis/public-apis","https://verifier.meetchopra.com/docs#/","","","","apiKey","Yes","Yes","95","A · 优先试用","后端代理","建议通过服务端适配器统一鉴权、缓存、限流和错误处理。","密钥不得暴露在前端"
"7ff31c242fc2","Anycrap","35,000+ absurdist AI-generated product concepts with names, descriptions, and images","https://anycrap.shop/developers","文化与媒体","Entertainment","创意概念与随机灵感","upstream","public-apis/public-apis","https://anycrap.shop/developers","","","","apiKey","Yes","Yes","95","A · 优先试用","后端代理","建议通过服务端适配器统一鉴权、缓存、限流和错误处理。","密钥不得暴露在前端"
"f57684f65eed","chucknorris.io","JSON API for hand curated Chuck Norris jokes","https://api.chucknorris.io","文化与媒体","Entertainment","笑话、事实与随机娱乐内容","upstream","public-apis/public-apis","https://api.chucknorris.io","","","","No","Yes","Unknown","88","A · 优先试用","后端代理","建议通过服务端适配器统一鉴权、缓存、限流和错误处理。","CORS 未知，需要浏览器实测"
"eab36472aaaa","Corporate Buzz Words","REST API for Corporate Buzz Words","https://github.com/sameerkumar18/corporate-bs-generator-api","文化与媒体","Entertainment","笑话、事实与随机娱乐内容","upstream","public-apis/public-apis","https://github.com/sameerkumar18/corporate-bs-generator-api","","","","No","Yes","Yes","100","A · 优先试用","浏览器直连候选","适合无密钥原型；生产使用前验证限流、许可和稳定性。","仍需验证额度、条款、延迟与数据质量"
"1aa17257677d","CosmyDay Astrology","Natal charts and sky events computed from Swiss Ephemeris","https://cosmyday.com/api-docs","文化与媒体","Entertainment","星座、占星与天象","upstream","public-apis/public-apis","https://cosmyday.com/api-docs","","","","No","Yes","Yes","100","A · 优先试用","浏览器直连候选","适合无密钥原型；生产使用前验证限流、许可和稳定性。","仍需验证额度、条款、延迟与数据质量"
"37a7e151dd48","Excuser","Get random excuses for various situations","https://excuser.herokuapp.com/","文化与媒体","Entertainment","笑话、事实与随机娱乐内容","upstream","public-apis/public-apis","https://excuser.herokuapp.com/","","","","No","Yes","Unknown","88","A · 优先试用","后端代理","建议通过服务端适配器统一鉴权、缓存、限流和错误处理。","CORS 未知，需要浏览器实测"
"3fa6af24754b","Fun Fact","A simple HTTPS api that can randomly select and return a fact from the FFA database","https://api.aakhilv.me","文化与媒体","Entertainment","笑话、事实与随机娱乐内容","upstream","public-apis/public-apis","https://api.aakhilv.me","","","","No","Yes","Yes","100","A · 优先试用","浏览器直连候选","适合无密钥原型；生产使用前验证限流、许可和稳定性。","仍需验证额度、条款、延迟与数据质量"
"bb8e9a599705","Imgflip","Gets an array of popular memes","https://imgflip.com/api","文化与媒体","Entertainment","娱乐综合能力","upstream","public-apis/public-apis","https://imgflip.com/api","","","","No","Yes","Unknown","88","A · 优先试用","后端代理","建议通过服务端适配器统一鉴权、缓存、限流和错误处理。","CORS 未知，需要浏览器实测"
"385e1bd69e26","JokeAPI","Programmable jokes in multiple languages with filtering options","https://v2.jokeapi.dev/","文化与媒体","Entertainment","笑话、事实与随机娱乐内容","upstream","public-apis/public-apis","https://v2.jokeapi.dev/","","","","No","Yes","Yes","100","A · 优先试用","浏览器直连候选","适合无密钥原型；生产使用前验证限流、许可和稳定性。","仍需验证额度、条款、延迟与数据质量"
"1a096e4fd575","justmeme.wtf","Free meme API with 2400+ templates, search, trending, and AI generation","https://justmeme.wtf/api-docs","文化与媒体","Entertainment","娱乐综合能力","upstream","public-apis/public-apis","https://justmeme.wtf/api-docs","","","","No","Yes","Yes","100","A · 优先试用","浏览器直连候选","适合无密钥原型；生产使用前验证限流、许可和稳定性。","仍需验证额度、条款、延迟与数据质量"
"5d2df47b6de5","Meme Maker","REST API for create your own meme","https://mememaker.github.io/API/","文化与媒体","Entertainment","娱乐综合能力","upstream","public-apis/public-apis","https://mememaker.github.io/API/","","","","No","Yes","Unknown","88","A · 优先试用","后端代理","建议通过服务端适配器统一鉴权、缓存、限流和错误处理。","CORS 未知，需要浏览器实测"
"f56e2adcfe3d","Memesio","Meme creation API with templates, editable captions and hosted share links","https://memesio.com/developers/api","文化与媒体","Entertainment","娱乐综合能力","upstream","public-apis/public-apis","https://memesio.com/developers/api","","","","No","Yes","No","80","B · 值得验证","后端代理","建议通过服务端适配器统一鉴权、缓存、限流和错误处理。","浏览器不可直连，应走服务端"
"20efb805efa9","NaMoMemes","Memes on Narendra Modi","https://github.com/theIYD/NaMoMemes","文化与媒体","Entertainment","娱乐综合能力","upstream","public-apis/public-apis","https://github.com/theIYD/NaMoMemes","","","","No","Yes","Unknown","83","B · 值得验证","后端代理","建议通过服务端适配器统一鉴权、缓存、限流和错误处理。","CORS 未知，需要浏览器实测"
"49be1e4e26f4","PotterDB","Harry Potter universe database with characters, spells, potions and more","https://docs.potterdb.com/","文化与媒体","Entertainment","娱乐综合能力","upstream","public-apis/public-apis","https://docs.potterdb.com/","","","","No","Yes","Yes","100","A · 优先试用","浏览器直连候选","适合无密钥原型；生产使用前验证限流、许可和稳定性。","仍需验证额度、条款、延迟与数据质量"
"5f57872c6014","Random Useless Facts","Get useless, but true facts","https://uselessfacts.jsph.pl/","文化与媒体","Entertainment","笑话、事实与随机娱乐内容","upstream","public-apis/public-apis","https://uselessfacts.jsph.pl/","","","","No","Yes","Unknown","88","A · 优先试用","后端代理","建议通过服务端适配器统一鉴权、缓存、限流和错误处理。","CORS 未知，需要浏览器实测"
"c2fdcc4d1901","TasteDive","Content-based recommendations for movies, music, TV shows, books, games, and podcasts","https://tastedive.com/read/api","文化与媒体","Entertainment","娱乐综合能力","upstream","public-apis/public-apis","https://tastedive.com/read/api","","","","apiKey","Yes","No","75","B · 值得验证","后端代理","建议通过服务端适配器统一鉴权、缓存、限流和错误处理。","浏览器不可直连，应走服务端；密钥不得暴露在前端"
"6e9597178267","Techy","JSON and Plaintext API for tech-savvy sounding phrases","https://techy-api.vercel.app/","文化与媒体","Entertainment","娱乐综合能力","upstream","public-apis/public-apis","https://techy-api.vercel.app/","","","","No","Yes","Unknown","88","A · 优先试用","后端代理","建议通过服务端适配器统一鉴权、缓存、限流和错误处理。","CORS 未知，需要浏览器实测"
"a91f702ba258","Yo Momma Jokes","REST API for Yo Momma Jokes","https://github.com/beanboi7/yomomma-apiv2","文化与媒体","Entertainment","笑话、事实与随机娱乐内容","upstream","public-apis/public-apis","https://github.com/beanboi7/yomomma-apiv2","","","","No","Yes","Unknown","88","A · 优先试用","后端代理","建议通过服务端适配器统一鉴权、缓存、限流和错误处理。","CORS 未知，需要浏览器实测"
"747540cc1f42","BreezoMeter Pollen","Daily Forecast pollen conditions data for a specific location","https://docs.breezometer.com/api-documentation/pollen-api/v2/","自然与生命","Environment","花粉与过敏风险","upstream","public-apis/public-apis","https://docs.breezometer.com/api-documentation/pollen-api/v2/","","","","apiKey","Yes","Unknown","83","B · 值得验证","后端代理","建议通过服务端适配器统一鉴权、缓存、限流和错误处理。","CORS 未知，需要浏览器实测；密钥不得暴露在前端"
"3e1b9c5827dd","Carbon Interface","API to calculate carbon (C02) emissions estimates for common C02 emitting activities","https://docs.carboninterface.com/","自然与生命","Environment","碳排放与碳足迹","upstream","public-apis/public-apis","https://docs.carboninterface.com/","","","","apiKey","Yes","Yes","95","A · 优先试用","后端代理","建议通过服务端适配器统一鉴权、缓存、限流和错误处理。","密钥不得暴露在前端"
"9ff4d010d8df","Climatiq","Calculate the environmental footprint created by a broad range of emission-generating activities","https://docs.climatiq.io","自然与生命","Environment","碳排放与碳足迹","upstream","public-apis/public-apis","https://docs.climatiq.io","","","","apiKey","Yes","Yes","95","A · 优先试用","后端代理","建议通过服务端适配器统一鉴权、缓存、限流和错误处理。","密钥不得暴露在前端"
"1c191f79da8f","Cloverly","API calculates the impact of common carbon-intensive activities in real time","https://www.cloverly.com/carbon-offset-documentation","自然与生命","Environment","碳排放与碳足迹","upstream","public-apis/public-apis","https://www.cloverly.com/carbon-offset-documentation","","","","apiKey","Yes","Unknown","83","B · 值得验证","后端代理","建议通过服务端适配器统一鉴权、缓存、限流和错误处理。","CORS 未知，需要浏览器实测；密钥不得暴露在前端"
"736d6ac4859b","CO2 Offset","API calculates and validates the carbon footprint","https://co2offset.io/api.html","自然与生命","Environment","碳排放与碳足迹","upstream","public-apis/public-apis","https://co2offset.io/api.html","","","","No","Yes","Unknown","88","A · 优先试用","后端代理","建议通过服务端适配器统一鉴权、缓存、限流和错误处理。","CORS 未知，需要浏览器实测"
"0e731adb3ad5","Danish data service Energi","Open energy data from Energinet to society","https://www.energidataservice.dk/","自然与生命","Environment","能源、电力与电网","upstream","public-apis/public-apis","https://www.energidataservice.dk/","","","","No","Yes","Unknown","88","A · 优先试用","后端代理","建议通过服务端适配器统一鉴权、缓存、限流和错误处理。","CORS 未知，需要浏览器实测"
"1b9e744d7c22","GrünstromIndex","Green Power Index for Germany (Grünstromindex/GSI)","https://gruenstromindex.de/","自然与生命","Environment","能源、电力与电网","upstream","public-apis/public-apis","https://gruenstromindex.de/","","","","No","No","Yes","70","B · 值得验证","仅研究/寻找替代","先寻找 HTTPS 替代服务，不纳入默认生产候选。","未声明 HTTPS，不建议生产接入"
"836d7025c8d7","IQAir","Air quality and weather data","https://www.iqair.com/air-pollution-data-api","自然与生命","Environment","空气质量与污染物","upstream","public-apis/public-apis","https://www.iqair.com/air-pollution-data-api","","","","apiKey","Yes","Unknown","83","B · 值得验证","后端代理","建议通过服务端适配器统一鉴权、缓存、限流和错误处理。","CORS 未知，需要浏览器实测；密钥不得暴露在前端"
"4b2967c6780d","kanari","Real-time worldwide wildfire detections, water bomber tracking and open fire archive","https://kanari.io/en/api","自然与生命","Environment","水质、海洋与生态环境；自然灾害与地质事件","upstream","public-apis/public-apis","https://kanari.io/en/api","","","","No","Yes","Yes","100","A · 优先试用","浏览器直连候选","适合无密钥原型；生产使用前验证限流、许可和稳定性。","仍需验证额度、条款、延迟与数据质量"
"862acecf37e9","Luchtmeetnet","Predicted and actual air quality components for The Netherlands (RIVM)","https://api-docs.luchtmeetnet.nl/","自然与生命","Environment","空气质量与污染物","upstream","public-apis/public-apis","https://api-docs.luchtmeetnet.nl/","","","","No","Yes","Unknown","88","A · 优先试用","后端代理","建议通过服务端适配器统一鉴权、缓存、限流和错误处理。","CORS 未知，需要浏览器实测"
"01442a2649a1","National Grid ESO","Open data from Great Britain’s Electricity System Operator","https://data.nationalgrideso.com/","自然与生命","Environment","能源、电力与电网","upstream","public-apis/public-apis","https://data.nationalgrideso.com/","","","","No","Yes","Unknown","88","A · 优先试用","后端代理","建议通过服务端适配器统一鉴权、缓存、限流和错误处理。","CORS 未知，需要浏览器实测"
"f3cc71488461","OpenAQ","Open air quality data","https://docs.openaq.org/","自然与生命","Environment","空气质量与污染物","upstream","public-apis/public-apis","https://docs.openaq.org/","","","","apiKey","Yes","Unknown","78","B · 值得验证","后端代理","建议通过服务端适配器统一鉴权、缓存、限流和错误处理。","CORS 未知，需要浏览器实测；密钥不得暴露在前端"
"5d4090b4843a","PM2.5 Open Data Portal","Open low-cost PM2.5 sensor data","https://pm25.lass-net.org/#apis","自然与生命","Environment","空气质量与污染物","upstream","public-apis/public-apis","https://pm25.lass-net.org/#apis","","","","No","Yes","Unknown","88","A · 优先试用","后端代理","建议通过服务端适配器统一鉴权、缓存、限流和错误处理。","CORS 未知，需要浏览器实测"
"9d640d3787db","PM25.in","Air quality of China","http://www.pm25.in/api_doc","自然与生命","Environment","空气质量与污染物","upstream","public-apis/public-apis","http://www.pm25.in/api_doc","","","","apiKey","No","Unknown","38","D · 建议替代","仅研究/寻找替代","先寻找 HTTPS 替代服务，不纳入默认生产候选。","未声明 HTTPS，不建议生产接入；CORS 未知，需要浏览器实测；密钥不得暴露在前端"
"0cc7c3d3a12c","PVWatts","Energy production photovoltaic (PV) energy systems","https://developer.nrel.gov/docs/solar/pvwatts/v6/","自然与生命","Environment","能源、电力与电网","upstream","public-apis/public-apis","https://developer.nrel.gov/docs/solar/pvwatts/v6/","","","","apiKey","Yes","Unknown","83","B · 值得验证","后端代理","建议通过服务端适配器统一鉴权、缓存、限流和错误处理。","CORS 未知，需要浏览器实测；密钥不得暴露在前端"
"a47128001543","Solematica","Compare Italian solar (photovoltaic) installer offers, energy prices (PUN/ARERA) and satellite roof data","https://www.solematica.it/sviluppatori","自然与生命","Environment","能源、电力与电网","upstream","public-apis/public-apis","https://www.solematica.it/sviluppatori","","","","No","Yes","No","80","B · 值得验证","后端代理","建议通过服务端适配器统一鉴权、缓存、限流和错误处理。","浏览器不可直连，应走服务端"
"c81d53b36dda","Srp Energy","Hourly usage energy report for Srp customers","https://srpenergy-api-client-python.readthedocs.io/en/latest/api.html","自然与生命","Environment","能源、电力与电网","upstream","public-apis/public-apis","https://srpenergy-api-client-python.readthedocs.io/en/latest/api.html","","","","apiKey","Yes","No","75","B · 值得验证","后端代理","建议通过服务端适配器统一鉴权、缓存、限流和错误处理。","浏览器不可直连，应走服务端；密钥不得暴露在前端"
"a0a5b4ff19d5","SustainMetrics","18,000+ GHG emission factors from DEFRA, EPA, ADEME, Ember","https://www.sustainmetrics.net/api","自然与生命","Environment","碳排放与碳足迹","upstream","public-apis/public-apis","https://www.sustainmetrics.net/api","","","","apiKey","Yes","Yes","95","A · 优先试用","后端代理","建议通过服务端适配器统一鉴权、缓存、限流和错误处理。","密钥不得暴露在前端"
"bff3f1d7c2bf","UK Carbon Intensity","The Official Carbon Intensity API for Great Britain developed by National Grid","https://carbon-intensity.github.io/api-definitions/#carbon-intensity-api-v1-0-0","自然与生命","Environment","能源、电力与电网；碳排放与碳足迹","upstream","public-apis/public-apis","https://carbon-intensity.github.io/api-definitions/#carbon-intensity-api-v1-0-0","","","","No","Yes","Unknown","88","A · 优先试用","后端代理","建议通过服务端适配器统一鉴权、缓存、限流和错误处理。","CORS 未知，需要浏览器实测"
"053c80a3416d","Website Carbon","API to estimate the carbon footprint of loading web pages","https://api.websitecarbon.com/","自然与生命","Environment","碳排放与碳足迹","upstream","public-apis/public-apis","https://api.websitecarbon.com/","","","","No","Yes","Unknown","88","A · 优先试用","后端代理","建议通过服务端适配器统一鉴权、缓存、限流和错误处理。","CORS 未知，需要浏览器实测"
"69ae12264d6c","Eventbrite","Find events","https://www.eventbrite.com/platform/api/","生产力与职业","Events","本地活动发现","upstream","public-apis/public-apis","https://www.eventbrite.com/platform/api/","","","","OAuth","Yes","Unknown","75","B · 值得验证","OAuth 集成","适合用户授权型产品；优先评估回调、安全存储和撤销流程。","CORS 未知，需要浏览器实测；需要完整授权与令牌生命周期设计"
"405fd0635697","SeatGeek","Search events, venues and performers","https://platform.seatgeek.com/","生产力与职业","Events","票务、场馆与演出；本地活动发现","upstream","public-apis/public-apis","https://platform.seatgeek.com/","","","","apiKey","Yes","Unknown","83","B · 值得验证","后端代理","建议通过服务端适配器统一鉴权、缓存、限流和错误处理。","CORS 未知，需要浏览器实测；密钥不得暴露在前端"
"50aa47610728","Ticketmaster","Search events, attractions, or venues","http://developer.ticketmaster.com/products-and-docs/apis/getting-started/","生产力与职业","Events","票务、场馆与演出；本地活动发现","upstream","public-apis/public-apis","http://developer.ticketmaster.com/products-and-docs/apis/getting-started/","","","","apiKey","Yes","Unknown","73","B · 值得验证","后端代理","建议通过服务端适配器统一鉴权、缓存、限流和错误处理。","CORS 未知，需要浏览器实测；密钥不得暴露在前端"
"7b5be0f28728","Marketstack","Real-Time, Intraday & Historical Market Data API","https://marketstack.com/?utm_source=Github&utm_medium=Referral&utm_campaign=Public-apis-repo-Best-sellers","金融与商业","Finance","股票实时与历史行情","upstream","public-apis/public-apis","https://marketstack.com/?utm_source=Github&utm_medium=Referral&utm_campaign=Public-apis-repo-Best-sellers","","","","apiKey","Yes","Unknown","83","B · 值得验证","后端代理","建议通过服务端适配器统一鉴权、缓存、限流和错误处理。","CORS 未知，需要浏览器实测；密钥不得暴露在前端"
"5961fb05fe90","Aletheia","Insider trading data, earnings call analysis, financial statements, and more","https://aletheiaapi.com/","金融与商业","Finance","公司财务与基本面；券商交易与投资账户","upstream","public-apis/public-apis","https://aletheiaapi.com/","","","","apiKey","Yes","Yes","95","A · 优先试用","后端代理","建议通过服务端适配器统一鉴权、缓存、限流和错误处理。","密钥不得暴露在前端"
"da4dfe81848c","Alpaca","Realtime and historical market data on all US equities and ETFs","https://alpaca.markets/docs/api-documentation/api-v2/market-data/alpaca-data-api-v2/","金融与商业","Finance","股票实时与历史行情；券商交易与投资账户","upstream","public-apis/public-apis","https://alpaca.markets/docs/api-documentation/api-v2/market-data/alpaca-data-api-v2/","","","","apiKey","Yes","Yes","95","A · 优先试用","后端代理","建议通过服务端适配器统一鉴权、缓存、限流和错误处理。","密钥不得暴露在前端"
"1276b09dedec","Alpha Vantage","Realtime and historical stock data","https://www.alphavantage.co/","金融与商业","Finance","股票实时与历史行情","upstream","public-apis/public-apis","https://www.alphavantage.co/","","","","apiKey","Yes","Unknown","83","B · 值得验证","后端代理","建议通过服务端适配器统一鉴权、缓存、限流和错误处理。","CORS 未知，需要浏览器实测；密钥不得暴露在前端"
"a679b5c14343","Banco do Brasil","All Banco do Brasil financial transaction APIs","https://developers.bb.com.br/home","金融与商业","Finance","银行账户与开放银行","upstream","public-apis/public-apis","https://developers.bb.com.br/home","","","","OAuth","Yes","Yes","92","A · 优先试用","OAuth 集成","适合用户授权型产品；优先评估回调、安全存储和撤销流程。","需要完整授权与令牌生命周期设计"
"90cfc41c7125","Bank Data","Instant IBAN and SWIFT number validation across the globe","https://apilayer.com/marketplace/bank_data-api","金融与商业","Finance","IBAN、SWIFT 与银行识别","upstream","public-apis/public-apis","https://apilayer.com/marketplace/bank_data-api","","","","apiKey","Yes","Unknown","83","B · 值得验证","后端代理","建议通过服务端适配器统一鉴权、缓存、限流和错误处理。","CORS 未知，需要浏览器实测；密钥不得暴露在前端"
"c35dc9b0bb79","Billplz","Payment platform","https://www.billplz.com/api","金融与商业","Finance","金融综合能力","upstream","public-apis/public-apis","https://www.billplz.com/api","","","","apiKey","Yes","Unknown","78","B · 值得验证","后端代理","建议通过服务端适配器统一鉴权、缓存、限流和错误处理。","CORS 未知，需要浏览器实测；密钥不得暴露在前端"
"8cd2cff8c600","Binlist","Public access to a database of IIN/BIN information","https://binlist.net/","金融与商业","Finance","金融综合能力","upstream","public-apis/public-apis","https://binlist.net/","","","","No","Yes","Unknown","88","A · 优先试用","后端代理","建议通过服务端适配器统一鉴权、缓存、限流和错误处理。","CORS 未知，需要浏览器实测"
"79c819dc7e34","Boleto.Cloud","A api to generate boletos in Brazil","https://boleto.cloud/","金融与商业","Finance","金融综合能力","upstream","public-apis/public-apis","https://boleto.cloud/","","","","apiKey","Yes","Unknown","83","B · 值得验证","后端代理","建议通过服务端适配器统一鉴权、缓存、限流和错误处理。","CORS 未知，需要浏览器实测；密钥不得暴露在前端"
"1ff8cf573323","BriefTape","Real-time AI-summarized SEC filings, Fed, FDA and BLS data, ticker-tagged","https://brieftape.com","金融与商业","Finance","金融综合能力","upstream","public-apis/public-apis","https://brieftape.com","","","","apiKey","Yes","Yes","95","A · 优先试用","后端代理","建议通过服务端适配器统一鉴权、缓存、限流和错误处理。","密钥不得暴露在前端"
"3eeb7ba4547c","Citi","All Citigroup account and statement data APIs","https://sandbox.developerhub.citi.com/api-catalog-list","金融与商业","Finance","金融综合能力","upstream","public-apis/public-apis","https://sandbox.developerhub.citi.com/api-catalog-list","","","","apiKey","Yes","Unknown","83","B · 值得验证","后端代理","建议通过服务端适配器统一鉴权、缓存、限流和错误处理。","CORS 未知，需要浏览器实测；密钥不得暴露在前端"
"80ba5c5e666c","CongressInvests","Real-time U.S. congressional stock trade disclosures from Senate EFD and House Clerk","https://congressinvests.com","金融与商业","Finance","金融综合能力","upstream","public-apis/public-apis","https://congressinvests.com","","","","apiKey","Yes","Yes","95","A · 优先试用","后端代理","建议通过服务端适配器统一鉴权、缓存、限流和错误处理。","密钥不得暴露在前端"
"8fca61239bef","Dino.markets","Matched Kalshi and Polymarket prediction-market data, cross-venue spreads","https://dino.markets/docs","金融与商业","Finance","股票实时与历史行情","upstream","public-apis/public-apis","https://dino.markets/docs","","","","apiKey","Yes","No","75","B · 值得验证","后端代理","建议通过服务端适配器统一鉴权、缓存、限流和错误处理。","浏览器不可直连，应走服务端；密钥不得暴露在前端"
"448131bc0408","Econdb","Global macroeconomic data","https://www.econdb.com/api/","金融与商业","Finance","宏观经济与央行数据","upstream","public-apis/public-apis","https://www.econdb.com/api/","","","","No","Yes","Yes","100","A · 优先试用","浏览器直连候选","适合无密钥原型；生产使用前验证限流、许可和稳定性。","仍需验证额度、条款、延迟与数据质量"
"303f45aa0dd2","EconPulse","Live economic data — CPI, PPI, energy, treasury rates, BTC premium","https://econpulse.io","金融与商业","Finance","宏观经济与央行数据","upstream","public-apis/public-apis","https://econpulse.io","","","","apiKey","Yes","Yes","95","A · 优先试用","后端代理","建议通过服务端适配器统一鉴权、缓存、限流和错误处理。","密钥不得暴露在前端"
"f45bad9d24d8","Edgrapi","Clean SEC EDGAR company financials, ratios, filings and 10-K/10-Q sections as normalized JSON","https://edgrapi.com","金融与商业","Finance","金融综合能力","upstream","public-apis/public-apis","https://edgrapi.com","","","","apiKey","Yes","Unknown","83","B · 值得验证","后端代理","建议通过服务端适配器统一鉴权、缓存、限流和错误处理。","CORS 未知，需要浏览器实测；密钥不得暴露在前端"
"7c2be8c91bb3","Fed Treasury","U.S. Department of the Treasury Data","https://fiscaldata.treasury.gov/api-documentation/","金融与商业","Finance","金融综合能力","upstream","public-apis/public-apis","https://fiscaldata.treasury.gov/api-documentation/","","","","No","Yes","Unknown","88","A · 优先试用","后端代理","建议通过服务端适配器统一鉴权、缓存、限流和错误处理。","CORS 未知，需要浏览器实测"
"16da3cd2eff1","Filingrail","SEC EDGAR filings, XBRL financials, Form 4 insider trades, 8-K events and 13F holdings","https://rapidapi.com/hudson-enterprises-llc-hudson-enterprises-llc-default/api/filingrail","金融与商业","Finance","金融综合能力","upstream","public-apis/public-apis","https://rapidapi.com/hudson-enterprises-llc-hudson-enterprises-llc-default/api/filingrail","","","","apiKey","Yes","Unknown","83","B · 值得验证","后端代理","建议通过服务端适配器统一鉴权、缓存、限流和错误处理。","CORS 未知，需要浏览器实测；密钥不得暴露在前端"
"0a2977de70fa","Finage","Finage is a stock, currency, cryptocurrency, indices, and ETFs real-time & historical data provider","https://finage.co.uk","金融与商业","Finance","股票实时与历史行情","upstream","public-apis/public-apis","https://finage.co.uk","","","","apiKey","Yes","Unknown","83","B · 值得验证","后端代理","建议通过服务端适配器统一鉴权、缓存、限流和错误处理。","CORS 未知，需要浏览器实测；密钥不得暴露在前端"
"9efa5a611152","Financial Modeling Prep","Realtime and historical stock data","https://site.financialmodelingprep.com/developer/docs","金融与商业","Finance","股票实时与历史行情","upstream","public-apis/public-apis","https://site.financialmodelingprep.com/developer/docs","","","","apiKey","Yes","Unknown","83","B · 值得验证","后端代理","建议通过服务端适配器统一鉴权、缓存、限流和错误处理。","CORS 未知，需要浏览器实测；密钥不得暴露在前端"
"d73f04dafad6","Finnhub","Real-Time RESTful APIs and Websocket for Stocks, Currencies, and Crypto","https://finnhub.io/docs/api","金融与商业","Finance","金融综合能力","upstream","public-apis/public-apis","https://finnhub.io/docs/api","","","","apiKey","Yes","Unknown","83","B · 值得验证","后端代理","建议通过服务端适配器统一鉴权、缓存、限流和错误处理。","CORS 未知，需要浏览器实测；密钥不得暴露在前端"
"ad3a5754ef00","FRED","Economic data from the Federal Reserve Bank of St. Louis","https://fred.stlouisfed.org/docs/api/fred/","金融与商业","Finance","宏观经济与央行数据","upstream","public-apis/public-apis","https://fred.stlouisfed.org/docs/api/fred/","","","","apiKey","Yes","Yes","95","A · 优先试用","后端代理","建议通过服务端适配器统一鉴权、缓存、限流和错误处理。","密钥不得暴露在前端"
"246e72602a0a","Front Accounting APIs","Front accounting is multilingual and multicurrency software for small businesses","https://frontaccounting.com/fawiki/index.php?n=Devel.SimpleAPIModule","金融与商业","Finance","金融综合能力","upstream","public-apis/public-apis","https://frontaccounting.com/fawiki/index.php?n=Devel.SimpleAPIModule","","","","OAuth","Yes","Yes","92","A · 优先试用","OAuth 集成","适合用户授权型产品；优先评估回调、安全存储和撤销流程。","需要完整授权与令牌生命周期设计"
"ef93ab1f77bf","Goldprice.dev","Cross-validated gold, silver & copper spot, futures & 30-year history in 13 currencies","https://goldprice.dev/docs","金融与商业","Finance","金融综合能力","upstream","public-apis/public-apis","https://goldprice.dev/docs","","","","No","Yes","Unknown","88","A · 优先试用","后端代理","建议通过服务端适配器统一鉴权、缓存、限流和错误处理。","CORS 未知，需要浏览器实测"
"e7f6ea9cb52f","Halal Terminal","Shariah-compliant stock and ETF screening across 5 methodologies, zakat and purification","https://api.halalterminal.com/docs","金融与商业","Finance","金融综合能力","upstream","public-apis/public-apis","https://api.halalterminal.com/docs","","","","apiKey","Yes","Yes","95","A · 优先试用","后端代理","建议通过服务端适配器统一鉴权、缓存、限流和错误处理。","密钥不得暴露在前端"
"a8a331722037","Helium","News with media bias scoring, balanced news synthesis, live market data, AI options pricing","https://heliumtrades.com/mcp-page/","金融与商业","Finance","股票实时与历史行情","upstream","public-apis/public-apis","https://heliumtrades.com/mcp-page/","","","","No","Yes","Yes","100","A · 优先试用","浏览器直连候选","适合无密钥原型；生产使用前验证限流、许可和稳定性。","仍需验证额度、条款、延迟与数据质量"
"739baae802ec","Hotstoks","Stock market data powered by SQL","https://hotstoks.com?utm_source=public-apis","金融与商业","Finance","股票实时与历史行情","upstream","public-apis/public-apis","https://hotstoks.com?utm_source=public-apis","","","","apiKey","Yes","Yes","95","A · 优先试用","后端代理","建议通过服务端适配器统一鉴权、缓存、限流和错误处理。","密钥不得暴露在前端"
"512e94454320","IBANforge","IBAN validation and BIC/SWIFT lookup for 89 countries with 121k+ BIC entries","https://api.ibanforge.com","金融与商业","Finance","IBAN、SWIFT 与银行识别","upstream","public-apis/public-apis","https://api.ibanforge.com","","","","apiKey","Yes","No","75","B · 值得验证","后端代理","建议通过服务端适配器统一鉴权、缓存、限流和错误处理。","浏览器不可直连，应走服务端；密钥不得暴露在前端"
"2e7489a334ab","IEX Cloud","Realtime & Historical Stock and Market Data","https://iexcloud.io/docs/api/","金融与商业","Finance","股票实时与历史行情","upstream","public-apis/public-apis","https://iexcloud.io/docs/api/","","","","apiKey","Yes","Yes","95","A · 优先试用","后端代理","建议通过服务端适配器统一鉴权、缓存、限流和错误处理。","密钥不得暴露在前端"
"f61267d8e8f7","IG","Spreadbetting and CFD Market Data","https://labs.ig.com/gettingstarted","金融与商业","Finance","股票实时与历史行情","upstream","public-apis/public-apis","https://labs.ig.com/gettingstarted","","","","apiKey","Yes","Unknown","83","B · 值得验证","后端代理","建议通过服务端适配器统一鉴权、缓存、限流和错误处理。","CORS 未知，需要浏览器实测；密钥不得暴露在前端"
"311f279847bc","Indian Mutual Fund","Get complete history of India Mutual Funds Data","https://www.mfapi.in/","金融与商业","Finance","金融综合能力","upstream","public-apis/public-apis","https://www.mfapi.in/","","","","No","Yes","Unknown","88","A · 优先试用","后端代理","建议通过服务端适配器统一鉴权、缓存、限流和错误处理。","CORS 未知，需要浏览器实测"
"b6f4b1b3e813","Intrinio","A wide selection of financial data feeds","https://intrinio.com/","金融与商业","Finance","金融综合能力","upstream","public-apis/public-apis","https://intrinio.com/","","","","apiKey","Yes","Unknown","83","B · 值得验证","后端代理","建议通过服务端适配器统一鉴权、缓存、限流和错误处理。","CORS 未知，需要浏览器实测；密钥不得暴露在前端"
"86933e38db5a","Klarna","Klarna payment and shopping service","https://docs.klarna.com/klarna-payments/api/payments-api/","金融与商业","Finance","金融综合能力","upstream","public-apis/public-apis","https://docs.klarna.com/klarna-payments/api/payments-api/","","","","apiKey","Yes","Unknown","83","B · 值得验证","后端代理","建议通过服务端适配器统一鉴权、缓存、限流和错误处理。","CORS 未知，需要浏览器实测；密钥不得暴露在前端"
"07983f1c6258","MercadoPago","Mercado Pago API reference - all the information you need to develop your integrations","https://www.mercadopago.com.br/developers/es/reference","金融与商业","Finance","金融综合能力","upstream","public-apis/public-apis","https://www.mercadopago.com.br/developers/es/reference","","","","apiKey","Yes","Unknown","83","B · 值得验证","后端代理","建议通过服务端适配器统一鉴权、缓存、限流和错误处理。","CORS 未知，需要浏览器实测；密钥不得暴露在前端"
"a9d5d1b526cf","Mono","Connect with users’ bank accounts and access transaction data in Africa","https://mono.co/","金融与商业","Finance","银行账户与开放银行","upstream","public-apis/public-apis","https://mono.co/","","","","apiKey","Yes","Unknown","83","B · 值得验证","后端代理","建议通过服务端适配器统一鉴权、缓存、限流和错误处理。","CORS 未知，需要浏览器实测；密钥不得暴露在前端"
"c38b840f463e","Moov","The Moov API makes it simple for platforms to send, receive, and store money","https://docs.moov.io/api/","金融与商业","Finance","金融综合能力","upstream","public-apis/public-apis","https://docs.moov.io/api/","","","","apiKey","Yes","Unknown","83","B · 值得验证","后端代理","建议通过服务端适配器统一鉴权、缓存、限流和错误处理。","CORS 未知，需要浏览器实测；密钥不得暴露在前端"
"b78ca09dd1ab","NORTH7 Agent","Trading signals, market analysis and geopolitical intelligence","https://north7.ai/v1/docs","金融与商业","Finance","券商交易与投资账户","upstream","public-apis/public-apis","https://north7.ai/v1/docs","","","","apiKey","Yes","Yes","95","A · 优先试用","后端代理","建议通过服务端适配器统一鉴权、缓存、限流和错误处理。","密钥不得暴露在前端"
"781e103b4473","Nordigen","Connect to bank accounts using official bank APIs and get raw transaction data","https://nordigen.com/en/account_information_documenation/integration/quickstart_guide/","金融与商业","Finance","银行账户与开放银行","upstream","public-apis/public-apis","https://nordigen.com/en/account_information_documenation/integration/quickstart_guide/","","","","apiKey","Yes","Unknown","83","B · 值得验证","后端代理","建议通过服务端适配器统一鉴权、缓存、限流和错误处理。","CORS 未知，需要浏览器实测；密钥不得暴露在前端"
"f5d0535b0303","OpenFIGI","Equity, index, futures, options symbology from Bloomberg LP","https://www.openfigi.com/api","金融与商业","Finance","金融综合能力","upstream","public-apis/public-apis","https://www.openfigi.com/api","","","","apiKey","Yes","Yes","95","A · 优先试用","后端代理","建议通过服务端适配器统一鉴权、缓存、限流和错误处理。","密钥不得暴露在前端"
"5f428300c5da","Plaid","Connect with user's bank accounts and access transaction data","https://www.plaid.com/docs","金融与商业","Finance","银行账户与开放银行","upstream","public-apis/public-apis","https://www.plaid.com/docs","","","","apiKey","Yes","Unknown","83","B · 值得验证","后端代理","建议通过服务端适配器统一鉴权、缓存、限流和错误处理。","CORS 未知，需要浏览器实测；密钥不得暴露在前端"
"b1878f0288b6","Polygon","Historical stock market data","https://polygon.io/","金融与商业","Finance","股票实时与历史行情","upstream","public-apis/public-apis","https://polygon.io/","","","","apiKey","Yes","Unknown","83","B · 值得验证","后端代理","建议通过服务端适配器统一鉴权、缓存、限流和错误处理。","CORS 未知，需要浏览器实测；密钥不得暴露在前端"
"00cda4988ab7","Portfolio Optimizer","Portfolio analysis and optimization","https://portfoliooptimizer.io/","金融与商业","Finance","券商交易与投资账户","upstream","public-apis/public-apis","https://portfoliooptimizer.io/","","","","No","Yes","Yes","100","A · 优先试用","浏览器直连候选","适合无密钥原型；生产使用前验证限流、许可和稳定性。","仍需验证额度、条款、延迟与数据质量"
"7a8cf04b8e8d","Razorpay IFSC","Indian Financial Systems Code (Bank Branch Codes)","https://razorpay.com/docs/","金融与商业","Finance","金融综合能力","upstream","public-apis/public-apis","https://razorpay.com/docs/","","","","No","Yes","Unknown","88","A · 优先试用","后端代理","建议通过服务端适配器统一鉴权、缓存、限流和错误处理。","CORS 未知，需要浏览器实测"
"80812ce59642","Real Time Finance","Websocket API to access realtime stock data","https://github.com/Real-time-finance/finance-websocket-API/","金融与商业","Finance","股票实时与历史行情","upstream","public-apis/public-apis","https://github.com/Real-time-finance/finance-websocket-API/","","","","apiKey","No","Unknown","53","C · 谨慎接入","仅研究/寻找替代","先寻找 HTTPS 替代服务，不纳入默认生产候选。","未声明 HTTPS，不建议生产接入；CORS 未知，需要浏览器实测；密钥不得暴露在前端"
"52fc7ad13963","SEC EDGAR Data","API to access annual reports of public US companies","https://www.sec.gov/edgar/sec-api-documentation","金融与商业","Finance","金融综合能力","upstream","public-apis/public-apis","https://www.sec.gov/edgar/sec-api-documentation","","","","No","Yes","Yes","100","A · 优先试用","浏览器直连候选","适合无密钥原型；生产使用前验证限流、许可和稳定性。","仍需验证额度、条款、延迟与数据质量"
"00cd0eb3a77a","SmartAPI","Gain access to set of <SmartAPI> and create end-to-end broking services","https://smartapi.angelbroking.com/","金融与商业","Finance","金融综合能力","upstream","public-apis/public-apis","https://smartapi.angelbroking.com/","","","","apiKey","Yes","Unknown","83","B · 值得验证","后端代理","建议通过服务端适配器统一鉴权、缓存、限流和错误处理。","CORS 未知，需要浏览器实测；密钥不得暴露在前端"
"1728a4a44dce","StockData","Real-Time, Intraday & Historical Market Data, News and Sentiment API","https://www.StockData.org","金融与商业","Finance","股票实时与历史行情","upstream","public-apis/public-apis","https://www.StockData.org","","","","apiKey","Yes","Yes","95","A · 优先试用","后端代理","建议通过服务端适配器统一鉴权、缓存、限流和错误处理。","密钥不得暴露在前端"
"7dc1cc50942b","StockFit","SEC filings, financial statements, earnings, ETF holdings and ownership data","https://api.stockfit.io/docs","金融与商业","Finance","公司财务与基本面","upstream","public-apis/public-apis","https://api.stockfit.io/docs","","","","apiKey","Yes","Yes","95","A · 优先试用","后端代理","建议通过服务端适配器统一鉴权、缓存、限流和错误处理。","密钥不得暴露在前端"
"3c8fc62f6448","Styvio","Realtime and historical stock data and current stock sentiment","https://www.Styvio.com","金融与商业","Finance","股票实时与历史行情","upstream","public-apis/public-apis","https://www.Styvio.com","","","","apiKey","Yes","Unknown","83","B · 值得验证","后端代理","建议通过服务端适配器统一鉴权、缓存、限流和错误处理。","CORS 未知，需要浏览器实测；密钥不得暴露在前端"
"9776e55de740","Sugra","One API for market data, economics, commodities, climate, and global news. LLM-ready JSON","https://sugra.ai","金融与商业","Finance","股票实时与历史行情；宏观经济与央行数据","upstream","public-apis/public-apis","https://sugra.ai","","","","apiKey","Yes","Yes","95","A · 优先试用","后端代理","建议通过服务端适配器统一鉴权、缓存、限流和错误处理。","密钥不得暴露在前端"
"749be3a6ffe1","Tax Data","Instant VAT number and tax validation across the globe","https://apilayer.com/marketplace/tax_data-api","金融与商业","Finance","税务、发票与财务计算","upstream","public-apis/public-apis","https://apilayer.com/marketplace/tax_data-api","","","","apiKey","Yes","Unknown","83","B · 值得验证","后端代理","建议通过服务端适配器统一鉴权、缓存、限流和错误处理。","CORS 未知，需要浏览器实测；密钥不得暴露在前端"
"421f728e558d","Top 5 Stocks","Daily AI-ranked stock and crypto watchlists","https://top5stocks.netlify.app/developers","金融与商业","Finance","金融综合能力","upstream","public-apis/public-apis","https://top5stocks.netlify.app/developers","","","","No","Yes","Unknown","88","A · 优先试用","后端代理","建议通过服务端适配器统一鉴权、缓存、限流和错误处理。","CORS 未知，需要浏览器实测"
"b7db83dc5b78","Tradier","US equity/option market data (delayed, intraday, historical)","https://developer.tradier.com","金融与商业","Finance","股票实时与历史行情","upstream","public-apis/public-apis","https://developer.tradier.com","","","","OAuth","Yes","Yes","92","A · 优先试用","OAuth 集成","适合用户授权型产品；优先评估回调、安全存储和撤销流程。","需要完整授权与令牌生命周期设计"
"cd9722ac15a3","Twelve Data","Stock market data (real-time & historical)","https://twelvedata.com/","金融与商业","Finance","股票实时与历史行情","upstream","public-apis/public-apis","https://twelvedata.com/","","","","apiKey","Yes","Unknown","83","B · 值得验证","后端代理","建议通过服务端适配器统一鉴权、缓存、限流和错误处理。","CORS 未知，需要浏览器实测；密钥不得暴露在前端"
"4edd7831eab9","VAT Validation","Validate VAT numbers and calculate VAT rates","https://www.abstractapi.com/vat-validation-rates-api","金融与商业","Finance","税务、发票与财务计算","upstream","public-apis/public-apis","https://www.abstractapi.com/vat-validation-rates-api","","","","apiKey","Yes","Yes","95","A · 优先试用","后端代理","建议通过服务端适配器统一鉴权、缓存、限流和错误处理。","密钥不得暴露在前端"
"d5c4697e906c","WallstreetBets","WallstreetBets Stock Comments Sentiment Analysis","https://dashboard.nbshare.io/apps/reddit/api/","金融与商业","Finance","金融综合能力","upstream","public-apis/public-apis","https://dashboard.nbshare.io/apps/reddit/api/","","","","No","Yes","Unknown","88","A · 优先试用","后端代理","建议通过服务端适配器统一鉴权、缓存、限流和错误处理。","CORS 未知，需要浏览器实测"
"2d5dd2d7717b","Yahoo Finance","Real time low latency Yahoo Finance API for stock market, crypto currencies, and currency exchange","https://www.yahoofinanceapi.com/","金融与商业","Finance","金融综合能力","upstream","public-apis/public-apis","https://www.yahoofinanceapi.com/","","","","apiKey","Yes","Yes","95","A · 优先试用","后端代理","建议通过服务端适配器统一鉴权、缓存、限流和错误处理。","密钥不得暴露在前端"
"769a3668d906","YNAB","Budgeting & Planning","https://api.youneedabudget.com/","金融与商业","Finance","金融综合能力","upstream","public-apis/public-apis","https://api.youneedabudget.com/","","","","OAuth","Yes","Yes","87","A · 优先试用","OAuth 集成","适合用户授权型产品；优先评估回调、安全存储和撤销流程。","需要完整授权与令牌生命周期设计"
"a2ea24099fe9","Zelothorn","Plain-English explanations of US public companies with SEC filings and earnings data","https://zelothorn.com/developers","金融与商业","Finance","公司财务与基本面","upstream","public-apis/public-apis","https://zelothorn.com/developers","","","","No","Yes","Yes","100","A · 优先试用","浏览器直连候选","适合无密钥原型；生产使用前验证限流、许可和稳定性。","仍需验证额度、条款、延迟与数据质量"
"39c4b8adef11","Zoho Books","Online accounting software, built for your business","https://www.zoho.com/books/api/v3/","金融与商业","Finance","金融综合能力","upstream","public-apis/public-apis","https://www.zoho.com/books/api/v3/","","","","OAuth","Yes","Unknown","80","B · 值得验证","OAuth 集成","适合用户授权型产品；优先评估回调、安全存储和撤销流程。","CORS 未知，需要浏览器实测；需要完整授权与令牌生命周期设计"
"75e92cf9dc9b","BaconMockup","Resizable bacon placeholder images","https://baconmockup.com/","测试与内容供给","Food & Drink","食物图片与占位素材","upstream","public-apis/public-apis","https://baconmockup.com/","","","","No","Yes","Yes","100","A · 优先试用","浏览器直连候选","适合无密钥原型；生产使用前验证限流、许可和稳定性。","仍需验证额度、条款、延迟与数据质量"
"4aa437ba5b50","Chomp","Data about various grocery products and foods","https://chompthis.com/api/","测试与内容供给","Food & Drink","食品与杂货商品数据","upstream","public-apis/public-apis","https://chompthis.com/api/","","","","apiKey","Yes","Unknown","83","B · 值得验证","后端代理","建议通过服务端适配器统一鉴权、缓存、限流和错误处理。","CORS 未知，需要浏览器实测；密钥不得暴露在前端"
"55c66b34eefd","Coffee","Random pictures of coffee","https://coffee.alexflipnote.dev/","测试与内容供给","Food & Drink","咖啡、酒类与饮品；食物图片与占位素材","upstream","public-apis/public-apis","https://coffee.alexflipnote.dev/","","","","No","Yes","Unknown","88","A · 优先试用","后端代理","建议通过服务端适配器统一鉴权、缓存、限流和错误处理。","CORS 未知，需要浏览器实测"
"30b1771360a8","Edamam nutrition","Nutrition Analysis","https://developer.edamam.com/edamam-docs-nutrition-api","测试与内容供给","Food & Drink","营养成分与热量分析","upstream","public-apis/public-apis","https://developer.edamam.com/edamam-docs-nutrition-api","","","","apiKey","Yes","Unknown","78","B · 值得验证","后端代理","建议通过服务端适配器统一鉴权、缓存、限流和错误处理。","CORS 未知，需要浏览器实测；密钥不得暴露在前端"
"d7230cfb761c","Edamam recipes","Recipe Search","https://developer.edamam.com/edamam-docs-recipe-api","测试与内容供给","Food & Drink","食谱搜索与菜谱生成","upstream","public-apis/public-apis","https://developer.edamam.com/edamam-docs-recipe-api","","","","apiKey","Yes","Unknown","78","B · 值得验证","后端代理","建议通过服务端适配器统一鉴权、缓存、限流和错误处理。","CORS 未知，需要浏览器实测；密钥不得暴露在前端"
"a6b9b6c47de2","Food Info","Nutrition data for millions of foods from six national food composition datasets","https://food-info.org/developer","测试与内容供给","Food & Drink","营养成分与热量分析","upstream","public-apis/public-apis","https://food-info.org/developer","","","","apiKey","Yes","No","75","B · 值得验证","后端代理","建议通过服务端适配器统一鉴权、缓存、限流和错误处理。","浏览器不可直连，应走服务端；密钥不得暴露在前端"
"bbda4b63c759","Foodish","Random pictures of food dishes","https://github.com/surhud004/Foodish#readme","测试与内容供给","Food & Drink","食物图片与占位素材","upstream","public-apis/public-apis","https://github.com/surhud004/Foodish#readme","","","","No","Yes","Yes","100","A · 优先试用","浏览器直连候选","适合无密钥原型；生产使用前验证限流、许可和稳定性。","仍需验证额度、条款、延迟与数据质量"
"af4894ecd9b6","Fruityvice","Data about all kinds of fruit","https://www.fruityvice.com","测试与内容供给","Food & Drink","餐饮与营养综合能力","upstream","public-apis/public-apis","https://www.fruityvice.com","","","","No","Yes","Unknown","88","A · 优先试用","后端代理","建议通过服务端适配器统一鉴权、缓存、限流和错误处理。","CORS 未知，需要浏览器实测"
"e4fac19e5aef","Kroger","Supermarket Data","https://developer.kroger.com/reference","测试与内容供给","Food & Drink","餐饮与营养综合能力","upstream","public-apis/public-apis","https://developer.kroger.com/reference","","","","apiKey","Yes","Unknown","78","B · 值得验证","后端代理","建议通过服务端适配器统一鉴权、缓存、限流和错误处理。","CORS 未知，需要浏览器实测；密钥不得暴露在前端"
"0f75ad8bfd91","LCBO","Alcohol","https://lcboapi.com/","测试与内容供给","Food & Drink","餐饮与营养综合能力","upstream","public-apis/public-apis","https://lcboapi.com/","","","","apiKey","Yes","Unknown","73","B · 值得验证","后端代理","建议通过服务端适配器统一鉴权、缓存、限流和错误处理。","CORS 未知，需要浏览器实测；密钥不得暴露在前端"
"6a7ac86e580a","Open Brewery DB","Breweries, Cideries and Craft Beer Bottle Shops","https://www.openbrewerydb.org","测试与内容供给","Food & Drink","咖啡、酒类与饮品","upstream","public-apis/public-apis","https://www.openbrewerydb.org","","","","No","Yes","Yes","100","A · 优先试用","浏览器直连候选","适合无密钥原型；生产使用前验证限流、许可和稳定性。","仍需验证额度、条款、延迟与数据质量"
"5395fd987696","Open Food Facts","Food Products Database","https://world.openfoodfacts.org/data","测试与内容供给","Food & Drink","食品与杂货商品数据","upstream","public-apis/public-apis","https://world.openfoodfacts.org/data","","","","No","Yes","Unknown","83","B · 值得验证","后端代理","建议通过服务端适配器统一鉴权、缓存、限流和错误处理。","CORS 未知，需要浏览器实测"
"43a704697cde","PunkAPI","Brewdog Beer Recipes","https://punkapi.com/","测试与内容供给","Food & Drink","咖啡、酒类与饮品；食谱搜索与菜谱生成","upstream","public-apis/public-apis","https://punkapi.com/","","","","No","Yes","Unknown","83","B · 值得验证","后端代理","建议通过服务端适配器统一鉴权、缓存、限流和错误处理。","CORS 未知，需要浏览器实测"
"007c3bd5f1d9","RecipeAPI","Recipes, ingredients, nutrition data and cooking instructions","https://recipeapi.io","测试与内容供给","Food & Drink","食谱搜索与菜谱生成；营养成分与热量分析","upstream","public-apis/public-apis","https://recipeapi.io","","","","apiKey","Yes","Yes","95","A · 优先试用","后端代理","建议通过服务端适配器统一鉴权、缓存、限流和错误处理。","密钥不得暴露在前端"
"c3d3a343224f","Rustybeer","Beer brewing tools","https://rustybeer.herokuapp.com/","测试与内容供给","Food & Drink","咖啡、酒类与饮品","upstream","public-apis/public-apis","https://rustybeer.herokuapp.com/","","","","No","Yes","No","75","B · 值得验证","后端代理","建议通过服务端适配器统一鉴权、缓存、限流和错误处理。","浏览器不可直连，应走服务端"
"36dd0b816a78","Spoonacular","Recipes, Food Products, and Meal Planning","https://spoonacular.com/food-api","测试与内容供给","Food & Drink","食谱搜索与菜谱生成；食品与杂货商品数据","upstream","public-apis/public-apis","https://spoonacular.com/food-api","","","","apiKey","Yes","Unknown","83","B · 值得验证","后端代理","建议通过服务端适配器统一鉴权、缓存、限流和错误处理。","CORS 未知，需要浏览器实测；密钥不得暴露在前端"
"0bd98a670e25","Systembolaget","Govornment owned liqour store in Sweden","https://api-portal.systembolaget.se","测试与内容供给","Food & Drink","餐饮与营养综合能力","upstream","public-apis/public-apis","https://api-portal.systembolaget.se","","","","apiKey","Yes","Unknown","83","B · 值得验证","后端代理","建议通过服务端适配器统一鉴权、缓存、限流和错误处理。","CORS 未知，需要浏览器实测；密钥不得暴露在前端"
"4d138a4b3a98","TacoFancy","Community-driven taco database","https://github.com/evz/tacofancy-api","测试与内容供给","Food & Drink","餐饮与营养综合能力","upstream","public-apis/public-apis","https://github.com/evz/tacofancy-api","","","","No","No","Unknown","58","C · 谨慎接入","仅研究/寻找替代","先寻找 HTTPS 替代服务，不纳入默认生产候选。","未声明 HTTPS，不建议生产接入；CORS 未知，需要浏览器实测"
"0701a0557485","Tasty","API to query data about recipe, plan, ingredients","https://rapidapi.com/apidojo/api/tasty/","测试与内容供给","Food & Drink","食谱搜索与菜谱生成","upstream","public-apis/public-apis","https://rapidapi.com/apidojo/api/tasty/","","","","apiKey","Yes","Unknown","83","B · 值得验证","后端代理","建议通过服务端适配器统一鉴权、缓存、限流和错误处理。","CORS 未知，需要浏览器实测；密钥不得暴露在前端"
"111c98decf45","The Report of the Week","Food & Drink Reviews","https://github.com/andyklimczak/TheReportOfTheWeek-API","测试与内容供给","Food & Drink","咖啡、酒类与饮品","upstream","public-apis/public-apis","https://github.com/andyklimczak/TheReportOfTheWeek-API","","","","No","Yes","Unknown","83","B · 值得验证","后端代理","建议通过服务端适配器统一鉴权、缓存、限流和错误处理。","CORS 未知，需要浏览器实测"
"6153a565ef36","TheCocktailDB","Cocktail Recipes","https://www.thecocktaildb.com/api.php","测试与内容供给","Food & Drink","咖啡、酒类与饮品；食谱搜索与菜谱生成","upstream","public-apis/public-apis","https://www.thecocktaildb.com/api.php","","","","apiKey","Yes","Yes","90","A · 优先试用","后端代理","建议通过服务端适配器统一鉴权、缓存、限流和错误处理。","密钥不得暴露在前端"
"0b09768d698c","TheMealDB","Meal Recipes","https://www.themealdb.com/api.php","测试与内容供给","Food & Drink","食谱搜索与菜谱生成","upstream","public-apis/public-apis","https://www.themealdb.com/api.php","","","","apiKey","Yes","Yes","90","A · 优先试用","后端代理","建议通过服务端适配器统一鉴权、缓存、限流和错误处理。","密钥不得暴露在前端"
"b7c7bfdb3368","Untappd","Social beer sharing","https://untappd.com/api/docs","测试与内容供给","Food & Drink","咖啡、酒类与饮品","upstream","public-apis/public-apis","https://untappd.com/api/docs","","","","OAuth","Yes","Unknown","75","B · 值得验证","OAuth 集成","适合用户授权型产品；优先评估回调、安全存储和撤销流程。","CORS 未知，需要浏览器实测；需要完整授权与令牌生命周期设计"
"25178edbdd44","What's on the menu?","NYPL human-transcribed historical menu collection","http://nypl.github.io/menus-api/","测试与内容供给","Food & Drink","餐厅、菜单与外卖","upstream","public-apis/public-apis","http://nypl.github.io/menus-api/","","","","apiKey","No","Unknown","43","D · 建议替代","仅研究/寻找替代","先寻找 HTTPS 替代服务，不纳入默认生产候选。","未声明 HTTPS，不建议生产接入；CORS 未知，需要浏览器实测；密钥不得暴露在前端"
"4abedbb65f08","WhiskyHunter","Past online whisky auctions statistical data","https://whiskyhunter.net/api/","测试与内容供给","Food & Drink","餐饮与营养综合能力","upstream","public-apis/public-apis","https://whiskyhunter.net/api/","","","","No","Yes","Unknown","88","A · 优先试用","后端代理","建议通过服务端适配器统一鉴权、缓存、限流和错误处理。","CORS 未知，需要浏览器实测"
"eee6d16056af","Zestful","Parse recipe ingredients","https://zestfuldata.com/","测试与内容供给","Food & Drink","食谱搜索与菜谱生成","upstream","public-apis/public-apis","https://zestfuldata.com/","","","","apiKey","Yes","Yes","95","A · 优先试用","后端代理","建议通过服务端适配器统一鉴权、缓存、限流和错误处理。","密钥不得暴露在前端"
"c28ae7b0d530","AmiiboAPI","Nintendo Amiibo Information","https://amiiboapi.com/","文化与媒体","Games & Comics","游戏与漫画综合能力","upstream","public-apis/public-apis","https://amiiboapi.com/","","","","No","Yes","Yes","100","A · 优先试用","浏览器直连候选","适合无密钥原型；生产使用前验证限流、许可和稳定性。","仍需验证额度、条款、延迟与数据质量"
"39bb3ba62819","Animal Crossing: New Horizons","API for critters, fossils, art, music, furniture and villagers","http://acnhapi.com/","文化与媒体","Games & Comics","游戏资料与内容百科","upstream","public-apis/public-apis","http://acnhapi.com/","","","","No","Yes","Unknown","78","B · 值得验证","后端代理","建议通过服务端适配器统一鉴权、缓存、限流和错误处理。","CORS 未知，需要浏览器实测"
"72f1bcda66c0","Astroworld","Free Minecraft data: mobs, biomes, items, enchantments, structures, commands, versions, achievements, trades","https://api.astroworldmc.com","文化与媒体","Games & Comics","游戏资料与内容百科","upstream","public-apis/public-apis","https://api.astroworldmc.com","","","","No","Yes","Yes","100","A · 优先试用","浏览器直连候选","适合无密钥原型；生产使用前验证限流、许可和稳定性。","仍需验证额度、条款、延迟与数据质量"
"81130a17e497","Autochess VNG","Rest Api for Autochess VNG","https://github.com/didadadida93/autochess-vng-api","文化与媒体","Games & Comics","游戏与漫画综合能力","upstream","public-apis/public-apis","https://github.com/didadadida93/autochess-vng-api","","","","No","Yes","Yes","100","A · 优先试用","浏览器直连候选","适合无密钥原型；生产使用前验证限流、许可和稳定性。","仍需验证额度、条款、延迟与数据质量"
"baeff7944281","Barter.VG","Provides information about Game, DLC, Bundles, Giveaways, Trading","https://github.com/bartervg/barter.vg/wiki","文化与媒体","Games & Comics","游戏价格、折扣与赠送","upstream","public-apis/public-apis","https://github.com/bartervg/barter.vg/wiki","","","","No","Yes","Yes","100","A · 优先试用","浏览器直连候选","适合无密钥原型；生产使用前验证限流、许可和稳定性。","仍需验证额度、条款、延迟与数据质量"
"d0b5be023ef0","Battle.net","Diablo III, Hearthstone, StarCraft II and World of Warcraft game data APIs","https://develop.battle.net/documentation/guides/getting-started","文化与媒体","Games & Comics","玩家、比赛与战绩；游戏资料与内容百科","upstream","public-apis/public-apis","https://develop.battle.net/documentation/guides/getting-started","","","","OAuth","Yes","Yes","92","A · 优先试用","OAuth 集成","适合用户授权型产品；优先评估回调、安全存储和撤销流程。","需要完整授权与令牌生命周期设计"
"797392497165","Board Game Geek","Board games, RPG and videogames","https://boardgamegeek.com/wiki/page/BGG_XML_API2","文化与媒体","Games & Comics","游戏与漫画综合能力","upstream","public-apis/public-apis","https://boardgamegeek.com/wiki/page/BGG_XML_API2","","","","No","Yes","No","80","B · 值得验证","后端代理","建议通过服务端适配器统一鉴权、缓存、限流和错误处理。","浏览器不可直连，应走服务端"
"6dafc7e47766","Brawl Stars","Brawl Stars Game Information","https://developer.brawlstars.com","文化与媒体","Games & Comics","游戏与漫画综合能力","upstream","public-apis/public-apis","https://developer.brawlstars.com","","","","apiKey","Yes","Unknown","83","B · 值得验证","后端代理","建议通过服务端适配器统一鉴权、缓存、限流和错误处理。","CORS 未知，需要浏览器实测；密钥不得暴露在前端"
"35c5d05168d7","Bugsnax","Get information about Bugsnax","https://www.bugsnaxapi.com/","文化与媒体","Games & Comics","游戏与漫画综合能力","upstream","public-apis/public-apis","https://www.bugsnaxapi.com/","","","","No","Yes","Yes","100","A · 优先试用","浏览器直连候选","适合无密钥原型；生产使用前验证限流、许可和稳定性。","仍需验证额度、条款、延迟与数据质量"
"2e9d333b3d47","Call of Duty Mobile","Unofficial API for CODM player data and daily cache claiming","https://callofdutymobile.vercel.app/","文化与媒体","Games & Comics","玩家、比赛与战绩","upstream","public-apis/public-apis","https://callofdutymobile.vercel.app/","","","","No","Yes","Unknown","88","A · 优先试用","后端代理","建议通过服务端适配器统一鉴权、缓存、限流和错误处理。","CORS 未知，需要浏览器实测"
"d4a3c8ecf3d5","CheapShark","Steam/PC Game Prices and Deals","https://www.cheapshark.com/api","文化与媒体","Games & Comics","游戏价格、折扣与赠送","upstream","public-apis/public-apis","https://www.cheapshark.com/api","","","","No","Yes","Yes","100","A · 优先试用","浏览器直连候选","适合无密钥原型；生产使用前验证限流、许可和稳定性。","仍需验证额度、条款、延迟与数据质量"
"fb6d0986e92a","Chess.com","Chess.com read-only REST API","https://www.chess.com/news/view/published-data-api","文化与媒体","Games & Comics","游戏与漫画综合能力","upstream","public-apis/public-apis","https://www.chess.com/news/view/published-data-api","","","","No","Yes","Unknown","88","A · 优先试用","后端代理","建议通过服务端适配器统一鉴权、缓存、限流和错误处理。","CORS 未知，需要浏览器实测"
"0910ccaf074a","Chuck Norris Database","Jokes","http://www.icndb.com/api/","文化与媒体","Games & Comics","游戏资料与内容百科","upstream","public-apis/public-apis","http://www.icndb.com/api/","","","","No","No","Unknown","38","D · 建议替代","仅研究/寻找替代","先寻找 HTTPS 替代服务，不纳入默认生产候选。","未声明 HTTPS，不建议生产接入；CORS 未知，需要浏览器实测"
"c6bce47c15e6","Clash of Clans","Clash of Clans Game Information","https://developer.clashofclans.com","文化与媒体","Games & Comics","游戏与漫画综合能力","upstream","public-apis/public-apis","https://developer.clashofclans.com","","","","apiKey","Yes","Unknown","83","B · 值得验证","后端代理","建议通过服务端适配器统一鉴权、缓存、限流和错误处理。","CORS 未知，需要浏览器实测；密钥不得暴露在前端"
"fe51ec574421","Clash Royale","Clash Royale Game Information","https://developer.clashroyale.com","文化与媒体","Games & Comics","游戏与漫画综合能力","upstream","public-apis/public-apis","https://developer.clashroyale.com","","","","apiKey","Yes","Unknown","83","B · 值得验证","后端代理","建议通过服务端适配器统一鉴权、缓存、限流和错误处理。","CORS 未知，需要浏览器实测；密钥不得暴露在前端"
"58dbc741a152","Comic Vine","Comics","https://comicvine.gamespot.com/api/documentation","文化与媒体","Games & Comics","漫画、超级英雄与条漫","upstream","public-apis/public-apis","https://comicvine.gamespot.com/api/documentation","","","","No","Yes","Unknown","78","B · 值得验证","后端代理","建议通过服务端适配器统一鉴权、缓存、限流和错误处理。","CORS 未知，需要浏览器实测"
"6090dc44be0a","Crafatar","API for Minecraft skins and faces","https://crafatar.com","文化与媒体","Games & Comics","游戏资料与内容百科","upstream","public-apis/public-apis","https://crafatar.com","","","","No","Yes","Yes","100","A · 优先试用","浏览器直连候选","适合无密钥原型；生产使用前验证限流、许可和稳定性。","仍需验证额度、条款、延迟与数据质量"
"05878af6c6dc","Cross Universe","Cross Universe Card Data","https://crossuniverse.psychpsyo.com/apiDocs.html","文化与媒体","Games & Comics","游戏题库、随机内容与辅助工具","upstream","public-apis/public-apis","https://crossuniverse.psychpsyo.com/apiDocs.html","","","","No","Yes","Yes","100","A · 优先试用","浏览器直连候选","适合无密钥原型；生产使用前验证限流、许可和稳定性。","仍需验证额度、条款、延迟与数据质量"
"73931c48e783","Deck of Cards","Deck of Cards","http://deckofcardsapi.com/","文化与媒体","Games & Comics","游戏题库、随机内容与辅助工具","upstream","public-apis/public-apis","http://deckofcardsapi.com/","","","","No","No","Unknown","43","D · 建议替代","仅研究/寻找替代","先寻找 HTTPS 替代服务，不纳入默认生产候选。","未声明 HTTPS，不建议生产接入；CORS 未知，需要浏览器实测"
"09cd922e26ec","Destiny The Game","Bungie Platform API","https://bungie-net.github.io/multi/index.html","文化与媒体","Games & Comics","游戏与漫画综合能力","upstream","public-apis/public-apis","https://bungie-net.github.io/multi/index.html","","","","apiKey","Yes","Unknown","78","B · 值得验证","后端代理","建议通过服务端适配器统一鉴权、缓存、限流和错误处理。","CORS 未知，需要浏览器实测；密钥不得暴露在前端"
"82099befb634","Digimon Information","Provides information about digimon creatures","https://digimon-api.vercel.app/","文化与媒体","Games & Comics","游戏与漫画综合能力","upstream","public-apis/public-apis","https://digimon-api.vercel.app/","","","","No","Yes","Unknown","88","A · 优先试用","后端代理","建议通过服务端适配器统一鉴权、缓存、限流和错误处理。","CORS 未知，需要浏览器实测"
"aa47fa00145f","Digimon TCG","Search for Digimon cards in digimoncard.io","https://documenter.getpostman.com/view/14059948/TzecB4fH","文化与媒体","Games & Comics","游戏题库、随机内容与辅助工具","upstream","public-apis/public-apis","https://documenter.getpostman.com/view/14059948/TzecB4fH","","","","No","Yes","Unknown","88","A · 优先试用","后端代理","建议通过服务端适配器统一鉴权、缓存、限流和错误处理。","CORS 未知，需要浏览器实测"
"fc358e3f9473","Disney","Information of Disney characters","https://disneyapi.dev","文化与媒体","Games & Comics","游戏资料与内容百科","upstream","public-apis/public-apis","https://disneyapi.dev","","","","No","Yes","Yes","100","A · 优先试用","浏览器直连候选","适合无密钥原型；生产使用前验证限流、许可和稳定性。","仍需验证额度、条款、延迟与数据质量"
"6ad981123404","Dota 2","Provides information about Player stats , Match stats, Rankings for Dota 2","https://docs.opendota.com/","文化与媒体","Games & Comics","玩家、比赛与战绩","upstream","public-apis/public-apis","https://docs.opendota.com/","","","","apiKey","Yes","Unknown","83","B · 值得验证","后端代理","建议通过服务端适配器统一鉴权、缓存、限流和错误处理。","CORS 未知，需要浏览器实测；密钥不得暴露在前端"
"5f40d0c374f7","Dungeons and Dragons","Reference for 5th edition spells, classes, monsters, and more","https://www.dnd5eapi.co/docs/","文化与媒体","Games & Comics","游戏与漫画综合能力","upstream","public-apis/public-apis","https://www.dnd5eapi.co/docs/","","","","No","No","No","50","C · 谨慎接入","仅研究/寻找替代","先寻找 HTTPS 替代服务，不纳入默认生产候选。","未声明 HTTPS，不建议生产接入；浏览器不可直连，应走服务端"
"ad173a32ab04","Dungeons and Dragons (Alternate)","Includes all monsters and spells from the SRD (System Reference Document) as well as a search API","https://open5e.com/","文化与媒体","Games & Comics","游戏与漫画综合能力","upstream","public-apis/public-apis","https://open5e.com/","","","","No","Yes","Yes","100","A · 优先试用","浏览器直连候选","适合无密钥原型；生产使用前验证限流、许可和稳定性。","仍需验证额度、条款、延迟与数据质量"
"048d283a792b","Eve Online","Third-Party Developer Documentation","https://esi.evetech.net/ui","文化与媒体","Games & Comics","游戏与漫画综合能力","upstream","public-apis/public-apis","https://esi.evetech.net/ui","","","","OAuth","Yes","Unknown","80","B · 值得验证","OAuth 集成","适合用户授权型产品；优先评估回调、安全存储和撤销流程。","CORS 未知，需要浏览器实测；需要完整授权与令牌生命周期设计"
"2904a0ba693b","FFXIV Collect","Final Fantasy XIV data on collectables","https://ffxivcollect.com/","文化与媒体","Games & Comics","游戏与漫画综合能力","upstream","public-apis/public-apis","https://ffxivcollect.com/","","","","No","Yes","Yes","100","A · 优先试用","浏览器直连候选","适合无密钥原型；生产使用前验证限流、许可和稳定性。","仍需验证额度、条款、延迟与数据质量"
"22e6d62eaf37","FIFA Ultimate Team","FIFA Ultimate Team items API","https://www.easports.com/fifa/ultimate-team/api/fut/item","文化与媒体","Games & Comics","游戏资料与内容百科","upstream","public-apis/public-apis","https://www.easports.com/fifa/ultimate-team/api/fut/item","","","","No","Yes","Unknown","88","A · 优先试用","后端代理","建议通过服务端适配器统一鉴权、缓存、限流和错误处理。","CORS 未知，需要浏览器实测"
"f5c7d1163e1b","Final Fantasy XIV","Final Fantasy XIV Game data API","https://xivapi.com/","文化与媒体","Games & Comics","游戏资料与内容百科","upstream","public-apis/public-apis","https://xivapi.com/","","","","No","Yes","Yes","100","A · 优先试用","浏览器直连候选","适合无密钥原型；生产使用前验证限流、许可和稳定性。","仍需验证额度、条款、延迟与数据质量"
"0f6e17822b3f","Fortnite","Fortnite Stats","https://fortnitetracker.com/site-api","文化与媒体","Games & Comics","玩家、比赛与战绩","upstream","public-apis/public-apis","https://fortnitetracker.com/site-api","","","","apiKey","Yes","Unknown","78","B · 值得验证","后端代理","建议通过服务端适配器统一鉴权、缓存、限流和错误处理。","CORS 未知，需要浏览器实测；密钥不得暴露在前端"
"405d9573f77b","Forza","Show random image of car from Forza","https://docs.forza-api.tk","文化与媒体","Games & Comics","游戏题库、随机内容与辅助工具","upstream","public-apis/public-apis","https://docs.forza-api.tk","","","","No","Yes","Unknown","88","A · 优先试用","后端代理","建议通过服务端适配器统一鉴权、缓存、限流和错误处理。","CORS 未知，需要浏览器实测"
"0660a2d2cf10","FreeToGame","Free-To-Play Games Database","https://www.freetogame.com/api-doc","文化与媒体","Games & Comics","游戏资料与内容百科","upstream","public-apis/public-apis","https://www.freetogame.com/api-doc","","","","No","Yes","Yes","100","A · 优先试用","浏览器直连候选","适合无密钥原型；生产使用前验证限流、许可和稳定性。","仍需验证额度、条款、延迟与数据质量"
"aa9f87f63e13","Fun Facts","Random Fun Facts","https://asli-fun-fact-api.herokuapp.com/","文化与媒体","Games & Comics","游戏题库、随机内容与辅助工具","upstream","public-apis/public-apis","https://asli-fun-fact-api.herokuapp.com/","","","","No","Yes","Yes","95","A · 优先试用","浏览器直连候选","适合无密钥原型；生产使用前验证限流、许可和稳定性。","仍需验证额度、条款、延迟与数据质量"
"08c2c3acc070","FunTranslations","Translate Text into funny languages","https://api.funtranslations.com/","文化与媒体","Games & Comics","游戏与漫画综合能力","upstream","public-apis/public-apis","https://api.funtranslations.com/","","","","No","Yes","Yes","100","A · 优先试用","浏览器直连候选","适合无密钥原型；生产使用前验证限流、许可和稳定性。","仍需验证额度、条款、延迟与数据质量"
"9eea379f3056","GamerPower","Game Giveaways Tracker","https://www.gamerpower.com/api-read","文化与媒体","Games & Comics","游戏价格、折扣与赠送","upstream","public-apis/public-apis","https://www.gamerpower.com/api-read","","","","No","Yes","Yes","95","A · 优先试用","浏览器直连候选","适合无密钥原型；生产使用前验证限流、许可和稳定性。","仍需验证额度、条款、延迟与数据质量"
"91fe90d3f774","GDBrowser","Easy way to use the Geometry Dash Servers","https://gdbrowser.com/api","文化与媒体","Games & Comics","游戏服务器与在线状态","upstream","public-apis/public-apis","https://gdbrowser.com/api","","","","No","Yes","Unknown","88","A · 优先试用","后端代理","建议通过服务端适配器统一鉴权、缓存、限流和错误处理。","CORS 未知，需要浏览器实测"
"3fc2492056fb","Geek-Jokes","Fetch a random geeky/programming related joke for use in all sorts of applications","https://github.com/sameerkumar18/geek-joke-api","文化与媒体","Games & Comics","游戏题库、随机内容与辅助工具","upstream","public-apis/public-apis","https://github.com/sameerkumar18/geek-joke-api","","","","No","Yes","Yes","100","A · 优先试用","浏览器直连候选","适合无密钥原型；生产使用前验证限流、许可和稳定性。","仍需验证额度、条款、延迟与数据质量"
"64dce8976ef5","Genshin Impact","Genshin Impact game data","https://genshin.dev","文化与媒体","Games & Comics","游戏资料与内容百科","upstream","public-apis/public-apis","https://genshin.dev","","","","No","Yes","Yes","100","A · 优先试用","浏览器直连候选","适合无密钥原型；生产使用前验证限流、许可和稳定性。","仍需验证额度、条款、延迟与数据质量"
"11bf49462a02","Giant Bomb","Video Games","https://www.giantbomb.com/api/documentation","文化与媒体","Games & Comics","游戏与漫画综合能力","upstream","public-apis/public-apis","https://www.giantbomb.com/api/documentation","","","","apiKey","Yes","Unknown","78","B · 值得验证","后端代理","建议通过服务端适配器统一鉴权、缓存、限流和错误处理。","CORS 未知，需要浏览器实测；密钥不得暴露在前端"
"ead1291dc716","GraphQL Pokemon","GraphQL powered Pokemon API. Supports generations 1 through 8","https://github.com/favware/graphql-pokemon","文化与媒体","Games & Comics","游戏与漫画综合能力","upstream","public-apis/public-apis","https://github.com/favware/graphql-pokemon","","","","No","Yes","Yes","100","A · 优先试用","浏览器直连候选","适合无密钥原型；生产使用前验证限流、许可和稳定性。","仍需验证额度、条款、延迟与数据质量"
"bcfa6c677cf5","Guild Wars 2","Guild Wars 2 Game Information","https://wiki.guildwars2.com/wiki/API:Main","文化与媒体","Games & Comics","游戏与漫画综合能力","upstream","public-apis/public-apis","https://wiki.guildwars2.com/wiki/API:Main","","","","apiKey","Yes","Unknown","83","B · 值得验证","后端代理","建议通过服务端适配器统一鉴权、缓存、限流和错误处理。","CORS 未知，需要浏览器实测；密钥不得暴露在前端"
"3c75227e9c45","GW2Spidy","GW2Spidy API, Items data on the Guild Wars 2 Trade Market","https://github.com/rubensayshi/gw2spidy/wiki","文化与媒体","Games & Comics","游戏资料与内容百科","upstream","public-apis/public-apis","https://github.com/rubensayshi/gw2spidy/wiki","","","","No","Yes","Unknown","88","A · 优先试用","后端代理","建议通过服务端适配器统一鉴权、缓存、限流和错误处理。","CORS 未知，需要浏览器实测"
"0491239f855a","Halo","Halo 5 and Halo Wars 2 Information","https://developer.haloapi.com/","文化与媒体","Games & Comics","游戏与漫画综合能力","upstream","public-apis/public-apis","https://developer.haloapi.com/","","","","apiKey","Yes","Unknown","83","B · 值得验证","后端代理","建议通过服务端适配器统一鉴权、缓存、限流和错误处理。","CORS 未知，需要浏览器实测；密钥不得暴露在前端"
"fb2d79250cde","Hearthstone","Hearthstone Cards Information","http://hearthstoneapi.com/","文化与媒体","Games & Comics","游戏题库、随机内容与辅助工具","upstream","public-apis/public-apis","http://hearthstoneapi.com/","","","","X-Mashape-Key","Yes","Unknown","66","C · 谨慎接入","后端代理","建议通过服务端适配器统一鉴权、缓存、限流和错误处理。","CORS 未知，需要浏览器实测；认证方式较特殊，先核对文档"
"05c9546da6f6","Humble Bundle","Humble Bundle's current bundles","https://rapidapi.com/Ziggoto/api/humble-bundle","文化与媒体","Games & Comics","游戏与漫画综合能力","upstream","public-apis/public-apis","https://rapidapi.com/Ziggoto/api/humble-bundle","","","","apiKey","Yes","Unknown","83","B · 值得验证","后端代理","建议通过服务端适配器统一鉴权、缓存、限流和错误处理。","CORS 未知，需要浏览器实测；密钥不得暴露在前端"
"8ffd6260005c","Humor","Humor, Jokes, and Memes","https://humorapi.com","文化与媒体","Games & Comics","游戏与漫画综合能力","upstream","public-apis/public-apis","https://humorapi.com","","","","apiKey","Yes","Unknown","78","B · 值得验证","后端代理","建议通过服务端适配器统一鉴权、缓存、限流和错误处理。","CORS 未知，需要浏览器实测；密钥不得暴露在前端"
"85bf8a78fe85","Hypixel","Hypixel player stats","https://api.hypixel.net/","文化与媒体","Games & Comics","玩家、比赛与战绩","upstream","public-apis/public-apis","https://api.hypixel.net/","","","","apiKey","Yes","Unknown","78","B · 值得验证","后端代理","建议通过服务端适配器统一鉴权、缓存、限流和错误处理。","CORS 未知，需要浏览器实测；密钥不得暴露在前端"
"2e30870d19b9","Hyrule Compendium","Data on all interactive items from The Legend of Zelda: BOTW","https://github.com/gadhagod/Hyrule-Compendium-API","文化与媒体","Games & Comics","游戏资料与内容百科","upstream","public-apis/public-apis","https://github.com/gadhagod/Hyrule-Compendium-API","","","","No","Yes","Unknown","88","A · 优先试用","后端代理","建议通过服务端适配器统一鉴权、缓存、限流和错误处理。","CORS 未知，需要浏览器实测"
"9497ea9f305e","Hytale","Hytale blog posts and jobs","https://hytale-api.com/","文化与媒体","Games & Comics","游戏与漫画综合能力","upstream","public-apis/public-apis","https://hytale-api.com/","","","","No","Yes","Unknown","88","A · 优先试用","后端代理","建议通过服务端适配器统一鉴权、缓存、限流和错误处理。","CORS 未知，需要浏览器实测"
"28a240be13cb","IGDB.com","Video Game Database","https://api-docs.igdb.com","文化与媒体","Games & Comics","游戏资料与内容百科","upstream","public-apis/public-apis","https://api-docs.igdb.com","","","","apiKey","Yes","Unknown","78","B · 值得验证","后端代理","建议通过服务端适配器统一鉴权、缓存、限流和错误处理。","CORS 未知，需要浏览器实测；密钥不得暴露在前端"
"0274c37ab363","JokeAPI","Programming, Miscellaneous and Dark Jokes","https://sv443.net/jokeapi/v2/","文化与媒体","Games & Comics","游戏与漫画综合能力","upstream","public-apis/public-apis","https://sv443.net/jokeapi/v2/","","","","No","Yes","Yes","100","A · 优先试用","浏览器直连候选","适合无密钥原型；生产使用前验证限流、许可和稳定性。","仍需验证额度、条款、延迟与数据质量"
"1f8c0c6aea77","Jokes One","Joke of the day and large category of jokes accessible via REST API","https://jokes.one/api/joke/","文化与媒体","Games & Comics","游戏与漫画综合能力","upstream","public-apis/public-apis","https://jokes.one/api/joke/","","","","apiKey","Yes","Yes","95","A · 优先试用","后端代理","建议通过服务端适配器统一鉴权、缓存、限流和错误处理。","密钥不得暴露在前端"
"2f6b807367e6","Jservice","Jeopardy Question Database","http://jservice.io","文化与媒体","Games & Comics","游戏资料与内容百科","upstream","public-apis/public-apis","http://jservice.io","","","","No","No","Unknown","48","D · 建议替代","仅研究/寻找替代","先寻找 HTTPS 替代服务，不纳入默认生产候选。","未声明 HTTPS，不建议生产接入；CORS 未知，需要浏览器实测"
"1c6e45262f8c","KrakenKeys","Steam game key price comparison across 20+ stores, deals, and price history","https://krakenkeys.com/api-docs","文化与媒体","Games & Comics","游戏价格、折扣与赠送","upstream","public-apis/public-apis","https://krakenkeys.com/api-docs","","","","apiKey","Yes","No","75","B · 值得验证","后端代理","建议通过服务端适配器统一鉴权、缓存、限流和错误处理。","浏览器不可直连，应走服务端；密钥不得暴露在前端"
"1f90d4195bf7","Lichess","Access to all data of users, games, puzzles and etc on Lichess","https://lichess.org/api","文化与媒体","Games & Comics","游戏与漫画综合能力","upstream","public-apis/public-apis","https://lichess.org/api","","","","OAuth","Yes","Unknown","80","B · 值得验证","OAuth 集成","适合用户授权型产品；优先评估回调、安全存储和撤销流程。","CORS 未知，需要浏览器实测；需要完整授权与令牌生命周期设计"
"cf90dd668284","Magic The Gathering","Magic The Gathering Game Information","http://magicthegathering.io/","文化与媒体","Games & Comics","游戏与漫画综合能力","upstream","public-apis/public-apis","http://magicthegathering.io/","","","","No","No","Unknown","48","D · 建议替代","仅研究/寻找替代","先寻找 HTTPS 替代服务，不纳入默认生产候选。","未声明 HTTPS，不建议生产接入；CORS 未知，需要浏览器实测"
"3ce950e5a105","Mario Kart Tour","API for Drivers, Karts, Gliders and Courses","https://mario-kart-tour-api.herokuapp.com/","文化与媒体","Games & Comics","游戏与漫画综合能力","upstream","public-apis/public-apis","https://mario-kart-tour-api.herokuapp.com/","","","","OAuth","Yes","Unknown","80","B · 值得验证","OAuth 集成","适合用户授权型产品；优先评估回调、安全存储和撤销流程。","CORS 未知，需要浏览器实测；需要完整授权与令牌生命周期设计"
"5c0ba5f1aac8","Marvel","Marvel Comics","https://developer.marvel.com","文化与媒体","Games & Comics","漫画、超级英雄与条漫","upstream","public-apis/public-apis","https://developer.marvel.com","","","","apiKey","Yes","Unknown","78","B · 值得验证","后端代理","建议通过服务端适配器统一鉴权、缓存、限流和错误处理。","CORS 未知，需要浏览器实测；密钥不得暴露在前端"
"8e659476b36b","Minecraft Server Status","API to get Information about a Minecraft Server","https://api.mcsrvstat.us","文化与媒体","Games & Comics","游戏服务器与在线状态；游戏资料与内容百科","upstream","public-apis/public-apis","https://api.mcsrvstat.us","","","","No","Yes","No","80","B · 值得验证","后端代理","建议通过服务端适配器统一鉴权、缓存、限流和错误处理。","浏览器不可直连，应走服务端"
"dcd1d87f4cfa","MMO Games","MMO Games Database, News and Giveaways","https://www.mmobomb.com/api","文化与媒体","Games & Comics","游戏价格、折扣与赠送；游戏资料与内容百科","upstream","public-apis/public-apis","https://www.mmobomb.com/api","","","","No","Yes","No","80","B · 值得验证","后端代理","建议通过服务端适配器统一鉴权、缓存、限流和错误处理。","浏览器不可直连，应走服务端"
"bac1aa5666f1","mod.io","Cross Platform Mod API","https://docs.mod.io","文化与媒体","Games & Comics","游戏与漫画综合能力","upstream","public-apis/public-apis","https://docs.mod.io","","","","apiKey","Yes","Unknown","78","B · 值得验证","后端代理","建议通过服务端适配器统一鉴权、缓存、限流和错误处理。","CORS 未知，需要浏览器实测；密钥不得暴露在前端"
"9ea0dcc75948","Mojang","Mojang / Minecraft API","https://wiki.vg/Mojang_API","文化与媒体","Games & Comics","游戏资料与内容百科","upstream","public-apis/public-apis","https://wiki.vg/Mojang_API","","","","apiKey","Yes","Unknown","78","B · 值得验证","后端代理","建议通过服务端适配器统一鉴权、缓存、限流和错误处理。","CORS 未知，需要浏览器实测；密钥不得暴露在前端"
"1f6296bbb787","Monster Hunter World","Monster Hunter World data","https://docs.mhw-db.com/","文化与媒体","Games & Comics","游戏与漫画综合能力","upstream","public-apis/public-apis","https://docs.mhw-db.com/","","","","No","Yes","Yes","100","A · 优先试用","浏览器直连候选","适合无密钥原型；生产使用前验证限流、许可和稳定性。","仍需验证额度、条款、延迟与数据质量"
"a2714cb830c5","Open Trivia","Trivia Questions","https://opentdb.com/api_config.php","文化与媒体","Games & Comics","游戏题库、随机内容与辅助工具","upstream","public-apis/public-apis","https://opentdb.com/api_config.php","","","","No","Yes","Unknown","83","B · 值得验证","后端代理","建议通过服务端适配器统一鉴权、缓存、限流和错误处理。","CORS 未知，需要浏览器实测"
"dc6edcd2da2a","PandaScore","E-sports games and results","https://developers.pandascore.co/","文化与媒体","Games & Comics","游戏与漫画综合能力","upstream","public-apis/public-apis","https://developers.pandascore.co/","","","","apiKey","Yes","Unknown","83","B · 值得验证","后端代理","建议通过服务端适配器统一鉴权、缓存、限流和错误处理。","CORS 未知，需要浏览器实测；密钥不得暴露在前端"
"6c348f62ecb1","Path of Exile","Path of Exile Game Information","https://www.pathofexile.com/developer/docs","文化与媒体","Games & Comics","游戏与漫画综合能力","upstream","public-apis/public-apis","https://www.pathofexile.com/developer/docs","","","","OAuth","Yes","Unknown","80","B · 值得验证","OAuth 集成","适合用户授权型产品；优先评估回调、安全存储和撤销流程。","CORS 未知，需要浏览器实测；需要完整授权与令牌生命周期设计"
"e810e302fbab","PlayerDB","Query Minecraft, Steam and XBox Accounts","https://playerdb.co/","文化与媒体","Games & Comics","玩家、比赛与战绩；游戏资料与内容百科","upstream","public-apis/public-apis","https://playerdb.co/","","","","No","Yes","Unknown","88","A · 优先试用","后端代理","建议通过服务端适配器统一鉴权、缓存、限流和错误处理。","CORS 未知，需要浏览器实测"
"1d7b204ef4da","Pokéapi","Pokémon Information","https://pokeapi.co","文化与媒体","Games & Comics","游戏与漫画综合能力","upstream","public-apis/public-apis","https://pokeapi.co","","","","No","Yes","Unknown","83","B · 值得验证","后端代理","建议通过服务端适配器统一鉴权、缓存、限流和错误处理。","CORS 未知，需要浏览器实测"
"5defc82f6e12","PokéAPI (GraphQL)","The Unofficial GraphQL for PokeAPI","https://github.com/mazipan/graphql-pokeapi","文化与媒体","Games & Comics","游戏与漫画综合能力","upstream","public-apis/public-apis","https://github.com/mazipan/graphql-pokeapi","","","","No","Yes","Yes","100","A · 优先试用","浏览器直连候选","适合无密钥原型；生产使用前验证限流、许可和稳定性。","仍需验证额度、条款、延迟与数据质量"
"cb593c0c10a2","Pokémon TCG","Pokémon TCG Information","https://pokemontcg.io","文化与媒体","Games & Comics","游戏与漫画综合能力","upstream","public-apis/public-apis","https://pokemontcg.io","","","","No","Yes","Unknown","83","B · 值得验证","后端代理","建议通过服务端适配器统一鉴权、缓存、限流和错误处理。","CORS 未知，需要浏览器实测"
"2a88befe1742","PokéSprite","Database of Pokémon sprites and icons","https://msikma.github.io/pokesprite/","文化与媒体","Games & Comics","游戏资料与内容百科","upstream","public-apis/public-apis","https://msikma.github.io/pokesprite/","","","","No","Yes","Yes","100","A · 优先试用","浏览器直连候选","适合无密钥原型；生产使用前验证限流、许可和稳定性。","仍需验证额度、条款、延迟与数据质量"
"c85232c31192","Psychonauts","Psychonauts World Characters Information and PSI Powers","https://psychonauts-api.netlify.app/","文化与媒体","Games & Comics","游戏资料与内容百科","upstream","public-apis/public-apis","https://psychonauts-api.netlify.app/","","","","No","Yes","Yes","100","A · 优先试用","浏览器直连候选","适合无密钥原型；生产使用前验证限流、许可和稳定性。","仍需验证额度、条款、延迟与数据质量"
"406236362853","PUBG","Access in-game PUBG data","https://developer.pubg.com/","文化与媒体","Games & Comics","游戏与漫画综合能力","upstream","public-apis/public-apis","https://developer.pubg.com/","","","","apiKey","Yes","Yes","95","A · 优先试用","后端代理","建议通过服务端适配器统一鉴权、缓存、限流和错误处理。","密钥不得暴露在前端"
"0310bba41687","Puyo Nexus","Puyo Puyo information from Puyo Nexus Wiki","https://github.com/deltadex7/puyodb-api-deno","文化与媒体","Games & Comics","游戏与漫画综合能力","upstream","public-apis/public-apis","https://github.com/deltadex7/puyodb-api-deno","","","","No","Yes","Yes","100","A · 优先试用","浏览器直连候选","适合无密钥原型；生产使用前验证限流、许可和稳定性。","仍需验证额度、条款、延迟与数据质量"
"b90302e5bc98","quizapi.io","Access to various kind of quiz questions","https://quizapi.io/","文化与媒体","Games & Comics","游戏题库、随机内容与辅助工具","upstream","public-apis/public-apis","https://quizapi.io/","","","","apiKey","Yes","Yes","95","A · 优先试用","后端代理","建议通过服务端适配器统一鉴权、缓存、限流和错误处理。","密钥不得暴露在前端"
"f2c065bc4320","Raider","Provides detailed character and guild rankings for Raiding and Mythic+ content in World of Warcraft","https://raider.io/api","文化与媒体","Games & Comics","游戏资料与内容百科","upstream","public-apis/public-apis","https://raider.io/api","","","","No","Yes","Unknown","88","A · 优先试用","后端代理","建议通过服务端适配器统一鉴权、缓存、限流和错误处理。","CORS 未知，需要浏览器实测"
"ece9fe907dce","RAWG.io","500,000+ games for 50 platforms including mobiles","https://rawg.io/apidocs","文化与媒体","Games & Comics","游戏与漫画综合能力","upstream","public-apis/public-apis","https://rawg.io/apidocs","","","","apiKey","Yes","Unknown","83","B · 值得验证","后端代理","建议通过服务端适配器统一鉴权、缓存、限流和错误处理。","CORS 未知，需要浏览器实测；密钥不得暴露在前端"
"b300c7c7f8a9","Rblxdb","Verified Roblox music codes and decal IDs with live working status","https://rblxdb.com/developers","文化与媒体","Games & Comics","游戏与漫画综合能力","upstream","public-apis/public-apis","https://rblxdb.com/developers","","","","No","Yes","Yes","100","A · 优先试用","浏览器直连候选","适合无密钥原型；生产使用前验证限流、许可和稳定性。","仍需验证额度、条款、延迟与数据质量"
"82e95900cd60","Rick and Morty","All the Rick and Morty information, including images","https://rickandmortyapi.com","文化与媒体","Games & Comics","游戏与漫画综合能力","upstream","public-apis/public-apis","https://rickandmortyapi.com","","","","No","Yes","Yes","100","A · 优先试用","浏览器直连候选","适合无密钥原型；生产使用前验证限流、许可和稳定性。","仍需验证额度、条款、延迟与数据质量"
"e21ac4fbaa17","Riot Games","League of Legends Game Information","https://developer.riotgames.com/","文化与媒体","Games & Comics","电竞赛事与联赛","upstream","public-apis/public-apis","https://developer.riotgames.com/","","","","apiKey","Yes","Unknown","83","B · 值得验证","后端代理","建议通过服务端适配器统一鉴权、缓存、限流和错误处理。","CORS 未知，需要浏览器实测；密钥不得暴露在前端"
"57df2b666d4d","RPS 101","Rock, Paper, Scissors with 101 objects","https://rps101.pythonanywhere.com/api","文化与媒体","Games & Comics","游戏与漫画综合能力","upstream","public-apis/public-apis","https://rps101.pythonanywhere.com/api","","","","No","Yes","Yes","100","A · 优先试用","浏览器直连候选","适合无密钥原型；生产使用前验证限流、许可和稳定性。","仍需验证额度、条款、延迟与数据质量"
"fb08e029d035","RuneScape","RuneScape and OSRS RPGs information","https://runescape.wiki/w/Application_programming_interface","文化与媒体","Games & Comics","游戏与漫画综合能力","upstream","public-apis/public-apis","https://runescape.wiki/w/Application_programming_interface","","","","No","Yes","No","80","B · 值得验证","后端代理","建议通过服务端适配器统一鉴权、缓存、限流和错误处理。","浏览器不可直连，应走服务端"
"6fb33344cad0","Sakura CardCaptor","Sakura CardCaptor Cards Information","https://github.com/JessVel/sakura-card-captor-api","文化与媒体","Games & Comics","游戏题库、随机内容与辅助工具","upstream","public-apis/public-apis","https://github.com/JessVel/sakura-card-captor-api","","","","No","Yes","Unknown","88","A · 优先试用","后端代理","建议通过服务端适配器统一鉴权、缓存、限流和错误处理。","CORS 未知，需要浏览器实测"
"5bbadb6152a3","Scryfall","Magic: The Gathering database","https://scryfall.com/docs/api","文化与媒体","Games & Comics","游戏资料与内容百科","upstream","public-apis/public-apis","https://scryfall.com/docs/api","","","","No","Yes","Yes","100","A · 优先试用","浏览器直连候选","适合无密钥原型；生产使用前验证限流、许可和稳定性。","仍需验证额度、条款、延迟与数据质量"
"c79157049868","SpaceTradersAPI","A playable inter-galactic space trading MMOAPI","https://spacetraders.io?rel=pub-apis","文化与媒体","Games & Comics","游戏与漫画综合能力","upstream","public-apis/public-apis","https://spacetraders.io?rel=pub-apis","","","","OAuth","Yes","Yes","92","A · 优先试用","OAuth 集成","适合用户授权型产品；优先评估回调、安全存储和撤销流程。","需要完整授权与令牌生命周期设计"
"f62e2eda9f2b","Steam","Steam Web API documentation","https://steamapi.xpaw.me/","文化与媒体","Games & Comics","游戏与漫画综合能力","upstream","public-apis/public-apis","https://steamapi.xpaw.me/","","","","apiKey","Yes","No","75","B · 值得验证","后端代理","建议通过服务端适配器统一鉴权、缓存、限流和错误处理。","浏览器不可直连，应走服务端；密钥不得暴露在前端"
"4158d474163f","Steam","Internal Steam Web API documentation","https://github.com/Revadike/InternalSteamWebAPI/wiki","文化与媒体","Games & Comics","游戏与漫画综合能力","upstream","public-apis/public-apis","https://github.com/Revadike/InternalSteamWebAPI/wiki","","","","No","Yes","No","80","B · 值得验证","后端代理","建议通过服务端适配器统一鉴权、缓存、限流和错误处理。","浏览器不可直连，应走服务端"
"c751672ab25c","SteamGPT","Steam profiles, SteamID conversion, VAC/game bans, FACEIT stats and friends","https://steamgpt.net","文化与媒体","Games & Comics","玩家、比赛与战绩","upstream","public-apis/public-apis","https://steamgpt.net","","","","No","Yes","Yes","100","A · 优先试用","浏览器直连候选","适合无密钥原型；生产使用前验证限流、许可和稳定性。","仍需验证额度、条款、延迟与数据质量"
"c38203b98e92","SuperHeroes","All SuperHeroes and Villains data from all universes under a single API","https://superheroapi.com","文化与媒体","Games & Comics","漫画、超级英雄与条漫","upstream","public-apis/public-apis","https://superheroapi.com","","","","apiKey","Yes","Unknown","83","B · 值得验证","后端代理","建议通过服务端适配器统一鉴权、缓存、限流和错误处理。","CORS 未知，需要浏览器实测；密钥不得暴露在前端"
"77c41958cd93","TCGdex","Multi languages Pokémon TCG Information","https://www.tcgdex.net/docs","文化与媒体","Games & Comics","游戏与漫画综合能力","upstream","public-apis/public-apis","https://www.tcgdex.net/docs","","","","No","Yes","Yes","100","A · 优先试用","浏览器直连候选","适合无密钥原型；生产使用前验证限流、许可和稳定性。","仍需验证额度、条款、延迟与数据质量"
"b5d1a7c94960","Tebex","Tebex API for information about game purchases","https://docs.tebex.io/plugin/","文化与媒体","Games & Comics","游戏与漫画综合能力","upstream","public-apis/public-apis","https://docs.tebex.io/plugin/","","","","X-Mashape-Key","Yes","No","68","C · 谨慎接入","后端代理","建议通过服务端适配器统一鉴权、缓存、限流和错误处理。","浏览器不可直连，应走服务端；认证方式较特殊，先核对文档"
"2615a1b01bd8","TETR.IO","TETR.IO Tetra Channel API","https://tetr.io/about/api/","文化与媒体","Games & Comics","游戏与漫画综合能力","upstream","public-apis/public-apis","https://tetr.io/about/api/","","","","No","Yes","Unknown","88","A · 优先试用","后端代理","建议通过服务端适配器统一鉴权、缓存、限流和错误处理。","CORS 未知，需要浏览器实测"
"c14cbb2f11db","Tronald Dump","The dumbest things Donald Trump has ever said","https://www.tronalddump.io/","文化与媒体","Games & Comics","游戏与漫画综合能力","upstream","public-apis/public-apis","https://www.tronalddump.io/","","","","No","Yes","Unknown","88","A · 优先试用","后端代理","建议通过服务端适配器统一鉴权、缓存、限流和错误处理。","CORS 未知，需要浏览器实测"
"eba5b36f924a","Universalis","Final Fantasy XIV market board data","https://universalis.app/docs/index.html","文化与媒体","Games & Comics","游戏与漫画综合能力","upstream","public-apis/public-apis","https://universalis.app/docs/index.html","","","","No","Yes","Yes","100","A · 优先试用","浏览器直连候选","适合无密钥原型；生产使用前验证限流、许可和稳定性。","仍需验证额度、条款、延迟与数据质量"
"e509d2496435","Valorant (non-official)","An extensive API containing data of most Valorant in-game items, assets and more","https://valorant-api.com","文化与媒体","Games & Comics","游戏资料与内容百科","upstream","public-apis/public-apis","https://valorant-api.com","","","","No","Yes","Unknown","88","A · 优先试用","后端代理","建议通过服务端适配器统一鉴权、缓存、限流和错误处理。","CORS 未知，需要浏览器实测"
"255d36ec2a9e","Warface (non-official)","Official API proxy with better data structure and more features","https://api.wfstats.cf","文化与媒体","Games & Comics","游戏与漫画综合能力","upstream","public-apis/public-apis","https://api.wfstats.cf","","","","No","Yes","No","80","B · 值得验证","后端代理","建议通过服务端适配器统一鉴权、缓存、限流和错误处理。","浏览器不可直连，应走服务端"
"93093a681c38","Wargaming.net","Wargaming.net info and stats","https://developers.wargaming.net/","文化与媒体","Games & Comics","玩家、比赛与战绩","upstream","public-apis/public-apis","https://developers.wargaming.net/","","","","apiKey","Yes","No","75","B · 值得验证","后端代理","建议通过服务端适配器统一鉴权、缓存、限流和错误处理。","浏览器不可直连，应走服务端；密钥不得暴露在前端"
"0fd491563a60","When is next MCU film","Upcoming MCU film information","https://github.com/DiljotSG/MCU-Countdown/blob/develop/docs/API.md","文化与媒体","Games & Comics","游戏与漫画综合能力","upstream","public-apis/public-apis","https://github.com/DiljotSG/MCU-Countdown/blob/develop/docs/API.md","","","","No","Yes","Unknown","88","A · 优先试用","后端代理","建议通过服务端适配器统一鉴权、缓存、限流和错误处理。","CORS 未知，需要浏览器实测"
"b9f6822cbe54","xkcd","Retrieve xkcd comics as JSON","https://xkcd.com/json.html","文化与媒体","Games & Comics","漫画、超级英雄与条漫","upstream","public-apis/public-apis","https://xkcd.com/json.html","","","","No","Yes","No","80","B · 值得验证","后端代理","建议通过服务端适配器统一鉴权、缓存、限流和错误处理。","浏览器不可直连，应走服务端"
"a0ddbfb557a9","Yu-Gi-Oh!","Yu-Gi-Oh! TCG Information","https://db.ygoprodeck.com/api-guide/","文化与媒体","Games & Comics","游戏与漫画综合能力","upstream","public-apis/public-apis","https://db.ygoprodeck.com/api-guide/","","","","No","Yes","Unknown","88","A · 优先试用","后端代理","建议通过服务端适配器统一鉴权、缓存、限流和错误处理。","CORS 未知，需要浏览器实测"
"0c9031298e2a","IPstack","Locate and identify website visitors by IP address","https://ipstack.com/?utm_source=Github&utm_medium=Referral&utm_campaign=Public-apis-repo-Best-sellers","位置与出行","Geocoding","IP 地址定位","upstream","public-apis/public-apis","https://ipstack.com/?utm_source=Github&utm_medium=Referral&utm_campaign=Public-apis-repo-Best-sellers","","","","apiKey","Yes","Unknown","83","B · 值得验证","后端代理","建议通过服务端适配器统一鉴权、缓存、限流和错误处理。","CORS 未知，需要浏览器实测；密钥不得暴露在前端"
"8c421f78551f","ipapi.com","Real-time Geolocation & Reverse IP Lookup REST API","https://ipapi.com/?utm_source=Github&utm_medium=Referral&utm_campaign=Public-apis-repo-Best-sellers","位置与出行","Geocoding","坐标转地址；IP 地址定位","upstream","public-apis/public-apis","https://ipapi.com/?utm_source=Github&utm_medium=Referral&utm_campaign=Public-apis-repo-Best-sellers","","","","apiKey","Yes","Unknown","83","B · 值得验证","后端代理","建议通过服务端适配器统一鉴权、缓存、限流和错误处理。","CORS 未知，需要浏览器实测；密钥不得暴露在前端"
"6c289b3c57b2","Actinia Grass GIS","Actinia is an open source REST API for geographical data that uses GRASS GIS","https://actinia.mundialis.de/api_docs/","位置与出行","Geocoding","地图与 GIS 空间分析","upstream","public-apis/public-apis","https://actinia.mundialis.de/api_docs/","","","","apiKey","Yes","Unknown","83","B · 值得验证","后端代理","建议通过服务端适配器统一鉴权、缓存、限流和错误处理。","CORS 未知，需要浏览器实测；密钥不得暴露在前端"
"af4d1322be4e","administrative-divisons-db","Get all administrative divisions of a country","https://github.com/kamikazechaser/administrative-divisions-db","位置与出行","Geocoding","国家与行政区划","upstream","public-apis/public-apis","https://github.com/kamikazechaser/administrative-divisions-db","","","","No","Yes","Yes","100","A · 优先试用","浏览器直连候选","适合无密钥原型；生产使用前验证限流、许可和稳定性。","仍需验证额度、条款、延迟与数据质量"
"bcd05bd35854","ApogeoAPI","Bundled API for countries, states, cities, IP geolocation, and live exchange rates","https://apogeoapi.com","位置与出行","Geocoding","国家与行政区划；IP 地址定位","upstream","public-apis/public-apis","https://apogeoapi.com","","","","apiKey","Yes","Yes","95","A · 优先试用","后端代理","建议通过服务端适配器统一鉴权、缓存、限流和错误处理。","密钥不得暴露在前端"
"00a9c0bf06e2","adresse.data.gouv.fr","Address database of France, geocoding and reverse","https://adresse.data.gouv.fr","位置与出行","Geocoding","地址转坐标","upstream","public-apis/public-apis","https://adresse.data.gouv.fr","","","","No","Yes","Unknown","88","A · 优先试用","后端代理","建议通过服务端适配器统一鉴权、缓存、限流和错误处理。","CORS 未知，需要浏览器实测"
"ccc252fd0b39","Airtel IP","IP Geolocation API. Collecting data from multiple sources","https://sys.airtel.lv/ip2country/1.1.1.1/?full=true","位置与出行","Geocoding","IP 地址定位","upstream","public-apis/public-apis","https://sys.airtel.lv/ip2country/1.1.1.1/?full=true","","","","No","Yes","Unknown","88","A · 优先试用","后端代理","建议通过服务端适配器统一鉴权、缓存、限流和错误处理。","CORS 未知，需要浏览器实测"
"fb5840314702","Apiip","Get location information by IP address","https://apiip.net/","位置与出行","Geocoding","地理位置综合能力","upstream","public-apis/public-apis","https://apiip.net/","","","","apiKey","Yes","Yes","95","A · 优先试用","后端代理","建议通过服务端适配器统一鉴权、缓存、限流和错误处理。","密钥不得暴露在前端"
"20e14cd27c87","Battuta","A (country/region/city) in-cascade location API","http://battuta.medunes.net","位置与出行","Geocoding","地理位置综合能力","upstream","public-apis/public-apis","http://battuta.medunes.net","","","","apiKey","No","Unknown","43","D · 建议替代","仅研究/寻找替代","先寻找 HTTPS 替代服务，不纳入默认生产候选。","未声明 HTTPS，不建议生产接入；CORS 未知，需要浏览器实测；密钥不得暴露在前端"
"f080c7c50374","BdAPIs","Get divisions, districts, and upazzilas of Bangladesh","https://bdapis.com/","位置与出行","Geocoding","地理位置综合能力","upstream","public-apis/public-apis","https://bdapis.com/","","","","No","Yes","Unknown","88","A · 优先试用","后端代理","建议通过服务端适配器统一鉴权、缓存、限流和错误处理。","CORS 未知，需要浏览器实测"
"181fc96923c5","BigDataCloud","Provides fast and accurate IP geolocation APIs along with security checks and confidence area","https://www.bigdatacloud.com/ip-geolocation-apis","位置与出行","Geocoding","IP 地址定位","upstream","public-apis/public-apis","https://www.bigdatacloud.com/ip-geolocation-apis","","","","apiKey","Yes","Unknown","83","B · 值得验证","后端代理","建议通过服务端适配器统一鉴权、缓存、限流和错误处理。","CORS 未知，需要浏览器实测；密钥不得暴露在前端"
"fa5f4f9e04ba","Bing Maps","Create/customize digital maps based on Bing Maps data","https://www.microsoft.com/maps/","位置与出行","Geocoding","地图与 GIS 空间分析","upstream","public-apis/public-apis","https://www.microsoft.com/maps/","","","","apiKey","Yes","Unknown","83","B · 值得验证","后端代理","建议通过服务端适配器统一鉴权、缓存、限流和错误处理。","CORS 未知，需要浏览器实测；密钥不得暴露在前端"
"d97d87d79515","bng2latlong","Convert British OSGB36 easting and northing (British National Grid) to WGS84 latitude and longitude","https://www.getthedata.com/bng2latlong","位置与出行","Geocoding","地理位置综合能力","upstream","public-apis/public-apis","https://www.getthedata.com/bng2latlong","","","","No","Yes","Yes","100","A · 优先试用","浏览器直连候选","适合无密钥原型；生产使用前验证限流、许可和稳定性。","仍需验证额度、条款、延迟与数据质量"
"5dcc856be406","Cartes.io","Create maps and markers for anything","https://github.com/M-Media-Group/Cartes.io/wiki/API","位置与出行","Geocoding","地图与 GIS 空间分析","upstream","public-apis/public-apis","https://github.com/M-Media-Group/Cartes.io/wiki/API","","","","No","Yes","Unknown","88","A · 优先试用","后端代理","建议通过服务端适配器统一鉴权、缓存、限流和错误处理。","CORS 未知，需要浏览器实测"
"1325f109212c","Cep.la","Brazil RESTful API to find information about streets, zip codes, neighborhoods, cities and states","http://cep.la/","位置与出行","Geocoding","国家与行政区划","upstream","public-apis/public-apis","http://cep.la/","","","","No","No","Unknown","48","D · 建议替代","仅研究/寻找替代","先寻找 HTTPS 替代服务，不纳入默认生产候选。","未声明 HTTPS，不建议生产接入；CORS 未知，需要浏览器实测"
"d5af0d3e505b","CitySDK","Open APIs for select European cities","http://www.citysdk.eu/citysdk-toolkit/","位置与出行","Geocoding","国家与行政区划","upstream","public-apis/public-apis","http://www.citysdk.eu/citysdk-toolkit/","","","","No","Yes","Unknown","78","B · 值得验证","后端代理","建议通过服务端适配器统一鉴权、缓存、限流和错误处理。","CORS 未知，需要浏览器实测"
"7ebedbb6eae0","Country","Get your visitor's country from their IP","http://country.is/","位置与出行","Geocoding","地理位置综合能力","upstream","public-apis/public-apis","http://country.is/","","","","No","Yes","Yes","90","A · 优先试用","浏览器直连候选","适合无密钥原型；生产使用前验证限流、许可和稳定性。","仍需验证额度、条款、延迟与数据质量"
"2c2defcb32d4","CountryStateCity","World countries, states, regions, provinces, cities & towns in JSON, SQL, XML, YAML, & CSV format","https://countrystatecity.in/","位置与出行","Geocoding","国家与行政区划","upstream","public-apis/public-apis","https://countrystatecity.in/","","","","apiKey","Yes","Yes","95","A · 优先试用","后端代理","建议通过服务端适配器统一鉴权、缓存、限流和错误处理。","密钥不得暴露在前端"
"0c8dfbcffc21","Ducks Unlimited","API explorer that gives a query URL with a JSON response of locations and cities","https://gis.ducks.org/datasets/du-university-chapters/api","位置与出行","Geocoding","国家与行政区划","upstream","public-apis/public-apis","https://gis.ducks.org/datasets/du-university-chapters/api","","","","No","Yes","No","80","B · 值得验证","后端代理","建议通过服务端适配器统一鉴权、缓存、限流和错误处理。","浏览器不可直连，应走服务端"
"38a64705c317","GeoApi","French geographical data","https://api.gouv.fr/api/geoapi.html","位置与出行","Geocoding","地理位置综合能力","upstream","public-apis/public-apis","https://api.gouv.fr/api/geoapi.html","","","","No","Yes","Unknown","88","A · 优先试用","后端代理","建议通过服务端适配器统一鉴权、缓存、限流和错误处理。","CORS 未知，需要浏览器实测"
"43042c7736df","Geoapify","Forward and reverse geocoding, address autocomplete","https://www.geoapify.com/api/geocoding-api/","位置与出行","Geocoding","地点、POI 与地址补全；地址转坐标；坐标转地址","upstream","public-apis/public-apis","https://www.geoapify.com/api/geocoding-api/","","","","apiKey","Yes","Yes","95","A · 优先试用","后端代理","建议通过服务端适配器统一鉴权、缓存、限流和错误处理。","密钥不得暴露在前端"
"897a3b992620","Geocod.io","Address geocoding / reverse geocoding in bulk","https://www.geocod.io/","位置与出行","Geocoding","地址转坐标；坐标转地址","upstream","public-apis/public-apis","https://www.geocod.io/","","","","apiKey","Yes","Unknown","83","B · 值得验证","后端代理","建议通过服务端适配器统一鉴权、缓存、限流和错误处理。","CORS 未知，需要浏览器实测；密钥不得暴露在前端"
"863887a373f9","Geocode.xyz","Provides worldwide forward/reverse geocoding, batch geocoding and geoparsing","https://geocode.xyz/api","位置与出行","Geocoding","地址转坐标；坐标转地址","upstream","public-apis/public-apis","https://geocode.xyz/api","","","","No","Yes","Unknown","88","A · 优先试用","后端代理","建议通过服务端适配器统一鉴权、缓存、限流和错误处理。","CORS 未知，需要浏览器实测"
"7ae7f74b4dce","Geocodify.com","Worldwide geocoding, geoparsing and autocomplete for addresses","https://geocodify.com/","位置与出行","Geocoding","地点、POI 与地址补全；地址转坐标","upstream","public-apis/public-apis","https://geocodify.com/","","","","apiKey","Yes","Yes","95","A · 优先试用","后端代理","建议通过服务端适配器统一鉴权、缓存、限流和错误处理。","密钥不得暴露在前端"
"0f252e4842d2","Geodata.gov.gr","Open geospatial data and API service for Greece","https://geodata.gov.gr/en/","位置与出行","Geocoding","地图与 GIS 空间分析","upstream","public-apis/public-apis","https://geodata.gov.gr/en/","","","","No","Yes","Unknown","88","A · 优先试用","后端代理","建议通过服务端适配器统一鉴权、缓存、限流和错误处理。","CORS 未知，需要浏览器实测"
"c73ae09cdf9f","GeoDataSource","Geocoding of city name by using latitude and longitude coordinates","https://www.geodatasource.com/web-service","位置与出行","Geocoding","地址转坐标","upstream","public-apis/public-apis","https://www.geodatasource.com/web-service","","","","apiKey","Yes","Unknown","83","B · 值得验证","后端代理","建议通过服务端适配器统一鉴权、缓存、限流和错误处理。","CORS 未知，需要浏览器实测；密钥不得暴露在前端"
"0bdf2190b87d","GeoDB Cities","Get global city, region, and country data","http://geodb-cities-api.wirefreethought.com/","位置与出行","Geocoding","国家与行政区划","upstream","public-apis/public-apis","http://geodb-cities-api.wirefreethought.com/","","","","apiKey","Yes","Unknown","73","B · 值得验证","后端代理","建议通过服务端适配器统一鉴权、缓存、限流和错误处理。","CORS 未知，需要浏览器实测；密钥不得暴露在前端"
"15baf49258cb","GeographQL","A Country, State, and City GraphQL API","https://geographql.netlify.app","位置与出行","Geocoding","地理位置综合能力","upstream","public-apis/public-apis","https://geographql.netlify.app","","","","No","Yes","Yes","100","A · 优先试用","浏览器直连候选","适合无密钥原型；生产使用前验证限流、许可和稳定性。","仍需验证额度、条款、延迟与数据质量"
"81ba019d1df8","GeoJS","IP geolocation with ChatOps integration","https://www.geojs.io/","位置与出行","Geocoding","IP 地址定位","upstream","public-apis/public-apis","https://www.geojs.io/","","","","No","Yes","Yes","100","A · 优先试用","浏览器直连候选","适合无密钥原型；生产使用前验证限流、许可和稳定性。","仍需验证额度、条款、延迟与数据质量"
"fa03d137b528","Geokeo","Geokeo geocoding service- with 2500 free api requests daily","https://geokeo.com","位置与出行","Geocoding","地址转坐标","upstream","public-apis/public-apis","https://geokeo.com","","","","No","Yes","Yes","100","A · 优先试用","浏览器直连候选","适合无密钥原型；生产使用前验证限流、许可和稳定性。","仍需验证额度、条款、延迟与数据质量"
"51d9de965016","GeoNames","Place names and other geographical data","http://www.geonames.org/export/web-services.html","位置与出行","Geocoding","地点、POI 与地址补全","upstream","public-apis/public-apis","http://www.geonames.org/export/web-services.html","","","","No","No","Unknown","48","D · 建议替代","仅研究/寻找替代","先寻找 HTTPS 替代服务，不纳入默认生产候选。","未声明 HTTPS，不建议生产接入；CORS 未知，需要浏览器实测"
"09aafbb37f3a","geoPlugin","IP geolocation and currency conversion","https://www.geoplugin.com","位置与出行","Geocoding","IP 地址定位","upstream","public-apis/public-apis","https://www.geoplugin.com","","","","No","Yes","Yes","100","A · 优先试用","浏览器直连候选","适合无密钥原型；生产使用前验证限流、许可和稳定性。","仍需验证额度、条款、延迟与数据质量"
"6b71b9b463a2","Google Earth Engine","A cloud-based platform for planetary-scale environmental data analysis","https://developers.google.com/earth-engine/","位置与出行","Geocoding","地理位置综合能力","upstream","public-apis/public-apis","https://developers.google.com/earth-engine/","","","","apiKey","Yes","Unknown","83","B · 值得验证","后端代理","建议通过服务端适配器统一鉴权、缓存、限流和错误处理。","CORS 未知，需要浏览器实测；密钥不得暴露在前端"
"3c9237942762","Google Maps","Create/customize digital maps based on Google Maps data","https://developers.google.com/maps/","位置与出行","Geocoding","地图与 GIS 空间分析","upstream","public-apis/public-apis","https://developers.google.com/maps/","","","","apiKey","Yes","Unknown","83","B · 值得验证","后端代理","建议通过服务端适配器统一鉴权、缓存、限流和错误处理。","CORS 未知，需要浏览器实测；密钥不得暴露在前端"
"1a0e5b59097c","Graph Countries","Country-related data like currencies, languages, flags, regions+subregions and bordering countries","https://github.com/lennertVanSever/graphcountries","位置与出行","Geocoding","国家与行政区划","upstream","public-apis/public-apis","https://github.com/lennertVanSever/graphcountries","","","","No","Yes","Unknown","88","A · 优先试用","后端代理","建议通过服务端适配器统一鉴权、缓存、限流和错误处理。","CORS 未知，需要浏览器实测"
"c59665f69090","HackMyIP","IP geolocation, ISP and privacy/VPN scoring, email breach checks, DNS and WHOIS lookups","https://hackmyip.com/api","位置与出行","Geocoding","IP 地址定位","upstream","public-apis/public-apis","https://hackmyip.com/api","","","","No","Yes","Yes","100","A · 优先试用","浏览器直连候选","适合无密钥原型；生产使用前验证限流、许可和稳定性。","仍需验证额度、条款、延迟与数据质量"
"fa0eb6b323e6","HelloSalut","Get hello translation following user language","https://fourtonfish.com/project/hellosalut-api/","位置与出行","Geocoding","地理位置综合能力","upstream","public-apis/public-apis","https://fourtonfish.com/project/hellosalut-api/","","","","No","Yes","Unknown","88","A · 优先试用","后端代理","建议通过服务端适配器统一鉴权、缓存、限流和错误处理。","CORS 未知，需要浏览器实测"
"bf397154983e","HERE Maps","Create/customize digital maps based on HERE Maps data","https://developer.here.com","位置与出行","Geocoding","地图与 GIS 空间分析","upstream","public-apis/public-apis","https://developer.here.com","","","","apiKey","Yes","Unknown","83","B · 值得验证","后端代理","建议通过服务端适配器统一鉴权、缓存、限流和错误处理。","CORS 未知，需要浏览器实测；密钥不得暴露在前端"
"58cefe3931b3","Hirak IP to Country","Ip to location with country code, currency code & currency name, fast response, unlimited requests","https://iplocation.hirak.site/","位置与出行","Geocoding","地理位置综合能力","upstream","public-apis/public-apis","https://iplocation.hirak.site/","","","","apiKey","Yes","Unknown","83","B · 值得验证","后端代理","建议通过服务端适配器统一鉴权、缓存、限流和错误处理。","CORS 未知，需要浏览器实测；密钥不得暴露在前端"
"5a2ae83691d2","Hong Kong GeoData Store","API for accessing geo-data of Hong Kong","https://geodata.gov.hk/gs/","位置与出行","Geocoding","地理位置综合能力","upstream","public-apis/public-apis","https://geodata.gov.hk/gs/","","","","No","Yes","Unknown","88","A · 优先试用","后端代理","建议通过服务端适配器统一鉴权、缓存、限流和错误处理。","CORS 未知，需要浏览器实测"
"1225b79aa1f7","IBGE","Aggregate services of IBGE (Brazilian Institute of Geography and Statistics)","https://servicodados.ibge.gov.br/api/docs/","位置与出行","Geocoding","地理位置综合能力","upstream","public-apis/public-apis","https://servicodados.ibge.gov.br/api/docs/","","","","No","Yes","Unknown","88","A · 优先试用","后端代理","建议通过服务端适配器统一鉴权、缓存、限流和错误处理。","CORS 未知，需要浏览器实测"
"8ca1c4906d64","IP 2 Country","Map an IP to a country","https://ip2country.info","位置与出行","Geocoding","地图与 GIS 空间分析","upstream","public-apis/public-apis","https://ip2country.info","","","","No","Yes","Unknown","83","B · 值得验证","后端代理","建议通过服务端适配器统一鉴权、缓存、限流和错误处理。","CORS 未知，需要浏览器实测"
"9207cfbdbbdc","IP Address Details","Find geolocation with ip address","https://ipinfo.io/","位置与出行","Geocoding","地理位置综合能力","upstream","public-apis/public-apis","https://ipinfo.io/","","","","No","Yes","Unknown","88","A · 优先试用","后端代理","建议通过服务端适配器统一鉴权、缓存、限流和错误处理。","CORS 未知，需要浏览器实测"
"c4d8559ce8e2","IP Vigilante","Free IP Geolocation API","https://www.ipvigilante.com/","位置与出行","Geocoding","IP 地址定位","upstream","public-apis/public-apis","https://www.ipvigilante.com/","","","","No","Yes","Unknown","83","B · 值得验证","后端代理","建议通过服务端适配器统一鉴权、缓存、限流和错误处理。","CORS 未知，需要浏览器实测"
"545298168347","ip-api","Find location with IP address or domain","https://ip-api.com/docs","位置与出行","Geocoding","地理位置综合能力","upstream","public-apis/public-apis","https://ip-api.com/docs","","","","No","No","Unknown","58","C · 谨慎接入","仅研究/寻找替代","先寻找 HTTPS 替代服务，不纳入默认生产候选。","未声明 HTTPS，不建议生产接入；CORS 未知，需要浏览器实测"
"04376f39da1a","IP-API.io","IP geolocation with VPN/proxy/Tor detection, reputation and risk score","https://ip-api.io","位置与出行","Geocoding","IP 地址定位","upstream","public-apis/public-apis","https://ip-api.io","","","","apiKey","Yes","Yes","95","A · 优先试用","后端代理","建议通过服务端适配器统一鉴权、缓存、限流和错误处理。","密钥不得暴露在前端"
"74d48305b767","IP Geolocation","Geolocate website visitors from their IPs","https://www.abstractapi.com/ip-geolocation-api","位置与出行","Geocoding","IP 地址定位","upstream","public-apis/public-apis","https://www.abstractapi.com/ip-geolocation-api","","","","apiKey","Yes","Yes","95","A · 优先试用","后端代理","建议通过服务端适配器统一鉴权、缓存、限流和错误处理。","密钥不得暴露在前端"
"e53e27dd9e3e","IP2Location","IP geolocation web service to get more than 55 parameters","https://www.ip2location.com/web-service/ip2location","位置与出行","Geocoding","IP 地址定位","upstream","public-apis/public-apis","https://www.ip2location.com/web-service/ip2location","","","","apiKey","Yes","Unknown","83","B · 值得验证","后端代理","建议通过服务端适配器统一鉴权、缓存、限流和错误处理。","CORS 未知，需要浏览器实测；密钥不得暴露在前端"
"8f0a5a1a8de9","IP2Proxy","Detect proxy and VPN using IP address","https://www.ip2location.com/web-service/ip2proxy","位置与出行","Geocoding","地理位置综合能力","upstream","public-apis/public-apis","https://www.ip2location.com/web-service/ip2proxy","","","","apiKey","Yes","Unknown","83","B · 值得验证","后端代理","建议通过服务端适配器统一鉴权、缓存、限流和错误处理。","CORS 未知，需要浏览器实测；密钥不得暴露在前端"
"601f7a5ae5a8","ip2geo.dev","Programmatically convert IP addresses into geolocation data","https://ip2geo.dev","位置与出行","Geocoding","地理位置综合能力","upstream","public-apis/public-apis","https://ip2geo.dev","","","","apiKey","Yes","Yes","95","A · 优先试用","后端代理","建议通过服务端适配器统一鉴权、缓存、限流和错误处理。","密钥不得暴露在前端"
"77b27b9ead78","ipapi.co","Find IP address location information","https://ipapi.co/api/#introduction","位置与出行","Geocoding","地理位置综合能力","upstream","public-apis/public-apis","https://ipapi.co/api/#introduction","","","","No","Yes","Yes","100","A · 优先试用","浏览器直连候选","适合无密钥原型；生产使用前验证限流、许可和稳定性。","仍需验证额度、条款、延迟与数据质量"
"6b27ccf429a8","IPGEO","Unlimited free IP Address API with useful information","https://api.techniknews.net/ipgeo/","位置与出行","Geocoding","地理位置综合能力","upstream","public-apis/public-apis","https://api.techniknews.net/ipgeo/","","","","No","Yes","Unknown","88","A · 优先试用","后端代理","建议通过服务端适配器统一鉴权、缓存、限流和错误处理。","CORS 未知，需要浏览器实测"
"e00491feb840","ipgeolocation","IP Geolocation AP with free plan 30k requests per month","https://ipgeolocation.io/","位置与出行","Geocoding","IP 地址定位","upstream","public-apis/public-apis","https://ipgeolocation.io/","","","","apiKey","Yes","Yes","95","A · 优先试用","后端代理","建议通过服务端适配器统一鉴权、缓存、限流和错误处理。","密钥不得暴露在前端"
"39b088757882","IPInfoDB","Free Geolocation tools and APIs for country, region, city and time zone lookup by IP address","https://www.ipinfodb.com/api","位置与出行","Geocoding","坐标与时区","upstream","public-apis/public-apis","https://www.ipinfodb.com/api","","","","apiKey","Yes","Unknown","83","B · 值得验证","后端代理","建议通过服务端适配器统一鉴权、缓存、限流和错误处理。","CORS 未知，需要浏览器实测；密钥不得暴露在前端"
"e78eabf31bd3","ipstack","Locate and identify website visitors by IP address","https://ipstack.com/","位置与出行","Geocoding","IP 地址定位","upstream","public-apis/public-apis","https://ipstack.com/","","","","apiKey","Yes","Unknown","83","B · 值得验证","后端代理","建议通过服务端适配器统一鉴权、缓存、限流和错误处理。","CORS 未知，需要浏览器实测；密钥不得暴露在前端"
"a1f168025610","ipwhois","IP geolocation with country, city, coordinates, ISP, timezone and flag data","https://ipwhois.io/documentation","位置与出行","Geocoding","坐标与时区；IP 地址定位","upstream","public-apis/public-apis","https://ipwhois.io/documentation","","","","No","Yes","Yes","100","A · 优先试用","浏览器直连候选","适合无密钥原型；生产使用前验证限流、许可和稳定性。","仍需验证额度、条款、延迟与数据质量"
"09a6c374b5e3","Kakao Maps","Kakao Maps provide multiple APIs for Korean maps","https://apis.map.kakao.com","位置与出行","Geocoding","地图与 GIS 空间分析","upstream","public-apis/public-apis","https://apis.map.kakao.com","","","","apiKey","Yes","Unknown","83","B · 值得验证","后端代理","建议通过服务端适配器统一鉴权、缓存、限流和错误处理。","CORS 未知，需要浏览器实测；密钥不得暴露在前端"
"f1e03b27f7e2","keycdn IP Location Finder","Get the IP geolocation data through the simple REST API. All the responses are JSON encoded","https://tools.keycdn.com/geo","位置与出行","Geocoding","IP 地址定位","upstream","public-apis/public-apis","https://tools.keycdn.com/geo","","","","apiKey","Yes","Unknown","83","B · 值得验证","后端代理","建议通过服务端适配器统一鉴权、缓存、限流和错误处理。","CORS 未知，需要浏览器实测；密钥不得暴露在前端"
"7e4d7f1d0573","Kiprio UK Postcode","UK postcode lookup with lat/lon, district, ward, constituency","https://kiprio.com/v1/postcode","位置与出行","Geocoding","地理位置综合能力","upstream","public-apis/public-apis","https://kiprio.com/v1/postcode","","","","apiKey","Yes","Yes","95","A · 优先试用","后端代理","建议通过服务端适配器统一鉴权、缓存、限流和错误处理。","密钥不得暴露在前端"
"79859c5412fa","LatLng","Geocoding, reverse geocoding, places, and static maps","https://www.latlng.work/docs","位置与出行","Geocoding","地点、POI 与地址补全；地图与 GIS 空间分析；地址转坐标","upstream","public-apis/public-apis","https://www.latlng.work/docs","","","","No","Yes","Yes","100","A · 优先试用","浏览器直连候选","适合无密钥原型；生产使用前验证限流、许可和稳定性。","仍需验证额度、条款、延迟与数据质量"
"2cc1393fd7b1","LocationIQ","Provides forward/reverse geocoding and batch geocoding","https://locationiq.org/docs/","位置与出行","Geocoding","地址转坐标；坐标转地址","upstream","public-apis/public-apis","https://locationiq.org/docs/","","","","apiKey","Yes","Yes","95","A · 优先试用","后端代理","建议通过服务端适配器统一鉴权、缓存、限流和错误处理。","密钥不得暴露在前端"
"b2efb44bd5e4","Longdo Map","Interactive map with detailed places and information portal in Thailand","https://map.longdo.com/docs/","位置与出行","Geocoding","地点、POI 与地址补全；地图与 GIS 空间分析","upstream","public-apis/public-apis","https://map.longdo.com/docs/","","","","apiKey","Yes","Yes","95","A · 优先试用","后端代理","建议通过服务端适配器统一鉴权、缓存、限流和错误处理。","密钥不得暴露在前端"
"30549c4f140e","Mapbox","Create/customize beautiful digital maps","https://docs.mapbox.com/","位置与出行","Geocoding","地图与 GIS 空间分析","upstream","public-apis/public-apis","https://docs.mapbox.com/","","","","apiKey","Yes","Unknown","83","B · 值得验证","后端代理","建议通过服务端适配器统一鉴权、缓存、限流和错误处理。","CORS 未知，需要浏览器实测；密钥不得暴露在前端"
"6313293fac2d","MapQuest","To access tools and resources to map the world","https://developer.mapquest.com/","位置与出行","Geocoding","地图与 GIS 空间分析","upstream","public-apis/public-apis","https://developer.mapquest.com/","","","","apiKey","Yes","No","75","B · 值得验证","后端代理","建议通过服务端适配器统一鉴权、缓存、限流和错误处理。","浏览器不可直连，应走服务端；密钥不得暴露在前端"
"305389f7e029","Mexico","Mexico RESTful zip codes API","https://github.com/IcaliaLabs/sepomex","位置与出行","Geocoding","地理位置综合能力","upstream","public-apis/public-apis","https://github.com/IcaliaLabs/sepomex","","","","No","Yes","Unknown","88","A · 优先试用","后端代理","建议通过服务端适配器统一鉴权、缓存、限流和错误处理。","CORS 未知，需要浏览器实测"
"6b480891a822","Nominatim","Provides worldwide forward / reverse geocoding","https://nominatim.org/release-docs/latest/api/Overview/","位置与出行","Geocoding","地址转坐标；坐标转地址","upstream","public-apis/public-apis","https://nominatim.org/release-docs/latest/api/Overview/","","","","No","Yes","Yes","100","A · 优先试用","浏览器直连候选","适合无密钥原型；生产使用前验证限流、许可和稳定性。","仍需验证额度、条款、延迟与数据质量"
"d3e170df1341","One Map, Singapore","Singapore Land Authority REST API services for Singapore addresses","https://www.onemap.gov.sg/docs/","位置与出行","Geocoding","地图与 GIS 空间分析","upstream","public-apis/public-apis","https://www.onemap.gov.sg/docs/","","","","apiKey","Yes","Unknown","83","B · 值得验证","后端代理","建议通过服务端适配器统一鉴权、缓存、限流和错误处理。","CORS 未知，需要浏览器实测；密钥不得暴露在前端"
"2159c100e4b2","OnWater","Determine if a lat/lon is on water or land","https://onwater.io/","位置与出行","Geocoding","地理位置综合能力","upstream","public-apis/public-apis","https://onwater.io/","","","","No","Yes","Unknown","88","A · 优先试用","后端代理","建议通过服务端适配器统一鉴权、缓存、限流和错误处理。","CORS 未知，需要浏览器实测"
"0034c658eaf1","Open Topo Data","Elevation and ocean depth for a latitude and longitude","https://www.opentopodata.org","位置与出行","Geocoding","地理位置综合能力","upstream","public-apis/public-apis","https://www.opentopodata.org","","","","No","Yes","No","80","B · 值得验证","后端代理","建议通过服务端适配器统一鉴权、缓存、限流和错误处理。","浏览器不可直连，应走服务端"
"5c0510e87d00","OpenCage","Forward and reverse geocoding using open data","https://opencagedata.com","位置与出行","Geocoding","地址转坐标；坐标转地址","upstream","public-apis/public-apis","https://opencagedata.com","","","","apiKey","Yes","Yes","95","A · 优先试用","后端代理","建议通过服务端适配器统一鉴权、缓存、限流和错误处理。","密钥不得暴露在前端"
"714e9269aa28","openrouteservice.org","Directions, POIs, isochrones, geocoding (+reverse), elevation, and more","https://openrouteservice.org/","位置与出行","Geocoding","路线、距离与行程时间；地点、POI 与地址补全；地址转坐标","upstream","public-apis/public-apis","https://openrouteservice.org/","","","","apiKey","Yes","Unknown","83","B · 值得验证","后端代理","建议通过服务端适配器统一鉴权、缓存、限流和错误处理。","CORS 未知，需要浏览器实测；密钥不得暴露在前端"
"6170d951d75e","OpenStreetMap","Navigation, geolocation and geographical data","http://wiki.openstreetmap.org/wiki/API","位置与出行","Geocoding","地图与 GIS 空间分析","upstream","public-apis/public-apis","http://wiki.openstreetmap.org/wiki/API","","","","OAuth","No","Unknown","40","D · 建议替代","仅研究/寻找替代","先寻找 HTTPS 替代服务，不纳入默认生产候选。","未声明 HTTPS，不建议生产接入；CORS 未知，需要浏览器实测；需要完整授权与令牌生命周期设计"
"61f4814bfa1a","Pinball Map","A crowdsourced map of public pinball machines","https://pinballmap.com/api/v1/docs","位置与出行","Geocoding","地图与 GIS 空间分析","upstream","public-apis/public-apis","https://pinballmap.com/api/v1/docs","","","","No","Yes","Yes","100","A · 优先试用","浏览器直连候选","适合无密钥原型；生产使用前验证限流、许可和稳定性。","仍需验证额度、条款、延迟与数据质量"
"763e636c8d39","positionstack","Forward & Reverse Batch Geocoding REST API","https://positionstack.com/","位置与出行","Geocoding","地址转坐标","upstream","public-apis/public-apis","https://positionstack.com/","","","","apiKey","Yes","Unknown","83","B · 值得验证","后端代理","建议通过服务端适配器统一鉴权、缓存、限流和错误处理。","CORS 未知，需要浏览器实测；密钥不得暴露在前端"
"54519a6ee945","Postali","Mexico Zip Codes API","https://postali.app/api","位置与出行","Geocoding","地理位置综合能力","upstream","public-apis/public-apis","https://postali.app/api","","","","No","Yes","Yes","95","A · 优先试用","浏览器直连候选","适合无密钥原型；生产使用前验证限流、许可和稳定性。","仍需验证额度、条款、延迟与数据质量"
"7f05a35e7975","PostcodeData.nl","Provide geolocation data based on postcode for Dutch addresses","http://api.postcodedata.nl/v1/postcode/?postcode=1211EP&streetnumber=60&ref=domeinnaam.nl&type=json","位置与出行","Geocoding","地理位置综合能力","upstream","public-apis/public-apis","http://api.postcodedata.nl/v1/postcode/?postcode=1211EP&streetnumber=60&ref=domeinnaam.nl&type=json","","","","No","No","Unknown","48","D · 建议替代","仅研究/寻找替代","先寻找 HTTPS 替代服务，不纳入默认生产候选。","未声明 HTTPS，不建议生产接入；CORS 未知，需要浏览器实测"
"d527b731366c","Postcodes.io","Postcode lookup & Geolocation for the UK","https://postcodes.io","位置与出行","Geocoding","地理位置综合能力","upstream","public-apis/public-apis","https://postcodes.io","","","","No","Yes","Yes","100","A · 优先试用","浏览器直连候选","适合无密钥原型；生产使用前验证限流、许可和稳定性。","仍需验证额度、条款、延迟与数据质量"
"eda5fcafcb36","PostalCodes","Postal code search, country exports, and address validation data","https://postalcodes.info/api","位置与出行","Geocoding","地理位置综合能力","upstream","public-apis/public-apis","https://postalcodes.info/api","","","","No","Yes","Unknown","88","A · 优先试用","后端代理","建议通过服务端适配器统一鉴权、缓存、限流和错误处理。","CORS 未知，需要浏览器实测"
"0bd2d737b3c6","Queimadas INPE","Access to heat focus data (probable wildfire)","https://queimadas.dgi.inpe.br/queimadas/dados-abertos/","位置与出行","Geocoding","地理位置综合能力","upstream","public-apis/public-apis","https://queimadas.dgi.inpe.br/queimadas/dados-abertos/","","","","No","Yes","Unknown","88","A · 优先试用","后端代理","建议通过服务端适配器统一鉴权、缓存、限流和错误处理。","CORS 未知，需要浏览器实测"
"d128616d60f7","REST Countries","Get information about countries via a RESTful API","https://restcountries.com","位置与出行","Geocoding","国家与行政区划","upstream","public-apis/public-apis","https://restcountries.com","","","","No","Yes","Yes","100","A · 优先试用","浏览器直连候选","适合无密钥原型；生产使用前验证限流、许可和稳定性。","仍需验证额度、条款、延迟与数据质量"
"c8fe5fab2a03","RoadGoat Cities","Cities content & photos API","https://www.roadgoat.com/business/cities-api","位置与出行","Geocoding","国家与行政区划","upstream","public-apis/public-apis","https://www.roadgoat.com/business/cities-api","","","","apiKey","Yes","No","75","B · 值得验证","后端代理","建议通过服务端适配器统一鉴权、缓存、限流和错误处理。","浏览器不可直连，应走服务端；密钥不得暴露在前端"
"9f395d93dc9d","Rwanda Locations","Rwanda Provences, Districts, Cities, Capital City, Sector, cells, villages and streets","https://rapidapi.com/victorkarangwa4/api/rwanda","位置与出行","Geocoding","国家与行政区划","upstream","public-apis/public-apis","https://rapidapi.com/victorkarangwa4/api/rwanda","","","","No","Yes","Unknown","88","A · 优先试用","后端代理","建议通过服务端适配器统一鉴权、缓存、限流和错误处理。","CORS 未知，需要浏览器实测"
"c0608840ddd1","SLF","German city, country, river, database","https://github.com/slftool/slftool.github.io/blob/master/API.md","位置与出行","Geocoding","地理位置综合能力","upstream","public-apis/public-apis","https://github.com/slftool/slftool.github.io/blob/master/API.md","","","","No","Yes","Yes","100","A · 优先试用","浏览器直连候选","适合无密钥原型；生产使用前验证限流、许可和稳定性。","仍需验证额度、条款、延迟与数据质量"
"2759166bd64c","SpotSense","Add location based interactions to your mobile app","https://spotsense.io/","位置与出行","Geocoding","地理位置综合能力","upstream","public-apis/public-apis","https://spotsense.io/","","","","apiKey","Yes","Unknown","83","B · 值得验证","后端代理","建议通过服务端适配器统一鉴权、缓存、限流和错误处理。","CORS 未知，需要浏览器实测；密钥不得暴露在前端"
"20b740d8d4ef","Telize","Telize offers location information from any IP address","https://rapidapi.com/fcambus/api/telize/","位置与出行","Geocoding","地理位置综合能力","upstream","public-apis/public-apis","https://rapidapi.com/fcambus/api/telize/","","","","apiKey","Yes","Yes","95","A · 优先试用","后端代理","建议通过服务端适配器统一鉴权、缓存、限流和错误处理。","密钥不得暴露在前端"
"936b4124cc15","TomTom","Maps, Directions, Places and Traffic APIs","https://developer.tomtom.com/","位置与出行","Geocoding","地点、POI 与地址补全；地图与 GIS 空间分析；路线、距离与行程时间","upstream","public-apis/public-apis","https://developer.tomtom.com/","","","","apiKey","Yes","Yes","95","A · 优先试用","后端代理","建议通过服务端适配器统一鉴权、缓存、限流和错误处理。","密钥不得暴露在前端"
"abddf3ca80b6","Uebermaps","Discover and share maps with friends","https://uebermaps.com/api/v2","位置与出行","Geocoding","地图与 GIS 空间分析","upstream","public-apis/public-apis","https://uebermaps.com/api/v2","","","","apiKey","Yes","Unknown","83","B · 值得验证","后端代理","建议通过服务端适配器统一鉴权、缓存、限流和错误处理。","CORS 未知，需要浏览器实测；密钥不得暴露在前端"
"6efc85139fc7","US ZipCode","Validate and append data for any US ZipCode","https://www.smarty.com/docs/cloud/us-zipcode-api","位置与出行","Geocoding","地理位置综合能力","upstream","public-apis/public-apis","https://www.smarty.com/docs/cloud/us-zipcode-api","","","","apiKey","Yes","Yes","95","A · 优先试用","后端代理","建议通过服务端适配器统一鉴权、缓存、限流和错误处理。","密钥不得暴露在前端"
"3df62a0c2351","Utah AGRC","Utah Web API for geocoding Utah addresses","https://api.mapserv.utah.gov","位置与出行","Geocoding","地址转坐标","upstream","public-apis/public-apis","https://api.mapserv.utah.gov","","","","apiKey","Yes","Unknown","83","B · 值得验证","后端代理","建议通过服务端适配器统一鉴权、缓存、限流和错误处理。","CORS 未知，需要浏览器实测；密钥不得暴露在前端"
"874860a28826","ViaCep","Brazil RESTful zip codes API","https://viacep.com.br","位置与出行","Geocoding","地理位置综合能力","upstream","public-apis/public-apis","https://viacep.com.br","","","","No","Yes","Unknown","88","A · 优先试用","后端代理","建议通过服务端适配器统一鉴权、缓存、限流和错误处理。","CORS 未知，需要浏览器实测"
"b49af49fc19c","What3Words","Three words as rememberable and unique coordinates worldwide","https://what3words.com","位置与出行","Geocoding","地理位置综合能力","upstream","public-apis/public-apis","https://what3words.com","","","","apiKey","Yes","Unknown","83","B · 值得验证","后端代理","建议通过服务端适配器统一鉴权、缓存、限流和错误处理。","CORS 未知，需要浏览器实测；密钥不得暴露在前端"
"aee0c93f76c9","Yandex.Maps Geocoder","Use geocoding to get an object's coordinates from its address","https://yandex.com/dev/maps/geocoder","位置与出行","Geocoding","地图与 GIS 空间分析；地址转坐标","upstream","public-apis/public-apis","https://yandex.com/dev/maps/geocoder","","","","apiKey","Yes","Unknown","83","B · 值得验证","后端代理","建议通过服务端适配器统一鉴权、缓存、限流和错误处理。","CORS 未知，需要浏览器实测；密钥不得暴露在前端"
"450d4b3e4db8","ZipCodeAPI","US zip code distance, radius and location API","https://www.zipcodeapi.com","位置与出行","Geocoding","路线、距离与行程时间","upstream","public-apis/public-apis","https://www.zipcodeapi.com","","","","apiKey","Yes","Unknown","83","B · 值得验证","后端代理","建议通过服务端适配器统一鉴权、缓存、限流和错误处理。","CORS 未知，需要浏览器实测；密钥不得暴露在前端"
"0f7468167d88","Zippopotam.us","Get information about place such as country, city, state, etc","http://www.zippopotam.us","位置与出行","Geocoding","地点、POI 与地址补全","upstream","public-apis/public-apis","http://www.zippopotam.us","","","","No","No","Unknown","48","D · 建议替代","仅研究/寻找替代","先寻找 HTTPS 替代服务，不纳入默认生产候选。","未声明 HTTPS，不建议生产接入；CORS 未知，需要浏览器实测"
"0e61df9ab775","Ziptastic","Get the country, state, and city of any US zip-code","https://ziptasticapi.com/","位置与出行","Geocoding","地理位置综合能力","upstream","public-apis/public-apis","https://ziptasticapi.com/","","","","No","Yes","Unknown","88","A · 优先试用","后端代理","建议通过服务端适配器统一鉴权、缓存、限流和错误处理。","CORS 未知，需要浏览器实测"
"c73ef317a123","AI Law Tracker","AI regulation laws by jurisdiction (US, EU, global) as read-only JSON; free tier","https://ai-law-tracker.com/developers","公共与知识数据","Government","法律法规与监管追踪","upstream","public-apis/public-apis","https://ai-law-tracker.com/developers","","","","apiKey","Yes","Unknown","83","B · 值得验证","后端代理","建议通过服务端适配器统一鉴权、缓存、限流和错误处理。","CORS 未知，需要浏览器实测；密钥不得暴露在前端"
"8e6169ff8054","Bank Negara Malaysia Open Data","Malaysia Central Bank Open Data","https://apikijangportal.bnm.gov.my/","公共与知识数据","Government","政府开放数据门户","upstream","public-apis/public-apis","https://apikijangportal.bnm.gov.my/","","","","No","Yes","Unknown","88","A · 优先试用","后端代理","建议通过服务端适配器统一鉴权、缓存、限流和错误处理。","CORS 未知，需要浏览器实测"
"dfe6a6c81555","BCLaws","Access to the laws of British Columbia","https://www.bclaws.gov.bc.ca/civix/template/complete/api/index.html","公共与知识数据","Government","法律法规与监管追踪","upstream","public-apis/public-apis","https://www.bclaws.gov.bc.ca/civix/template/complete/api/index.html","","","","No","No","Unknown","58","C · 谨慎接入","仅研究/寻找替代","先寻找 HTTPS 替代服务，不纳入默认生产候选。","未声明 HTTPS，不建议生产接入；CORS 未知，需要浏览器实测"
"5fd11a347124","Brazil","Community driven API for Brazil Public Data","https://brasilapi.com.br/","公共与知识数据","Government","政府与公共事务综合能力","upstream","public-apis/public-apis","https://brasilapi.com.br/","","","","No","Yes","Yes","100","A · 优先试用","浏览器直连候选","适合无密钥原型；生产使用前验证限流、许可和稳定性。","仍需验证额度、条款、延迟与数据质量"
"d4412c6409cd","Brazil Central Bank Open Data","Brazil Central Bank Open Data","https://dadosabertos.bcb.gov.br/","公共与知识数据","Government","政府开放数据门户","upstream","public-apis/public-apis","https://dadosabertos.bcb.gov.br/","","","","No","Yes","Unknown","88","A · 优先试用","后端代理","建议通过服务端适配器统一鉴权、缓存、限流和错误处理。","CORS 未知，需要浏览器实测"
"32620426c335","Brazil Receita WS","Consult companies by CNPJ for Brazilian companies","https://www.receitaws.com.br/","公共与知识数据","Government","官方企业与税务登记","upstream","public-apis/public-apis","https://www.receitaws.com.br/","","","","No","Yes","Unknown","88","A · 优先试用","后端代理","建议通过服务端适配器统一鉴权、缓存、限流和错误处理。","CORS 未知，需要浏览器实测"
"3022e94889f9","Brazilian Chamber of Deputies Open Data","Provides legislative information in Apis XML and JSON, as well as files in various formats","https://dadosabertos.camara.leg.br/swagger/api.html","公共与知识数据","Government","政府开放数据门户","upstream","public-apis/public-apis","https://dadosabertos.camara.leg.br/swagger/api.html","","","","No","Yes","No","80","B · 值得验证","后端代理","建议通过服务端适配器统一鉴权、缓存、限流和错误处理。","浏览器不可直连，应走服务端"
"b4dd8120e289","CPFHub","Brazilian CPF lookup — returns full name, birth date, and gender for any CPF","https://cpfhub.io","公共与知识数据","Government","政府与公共事务综合能力","upstream","public-apis/public-apis","https://cpfhub.io","","","","apiKey","Yes","Yes","95","A · 优先试用","后端代理","建议通过服务端适配器统一鉴权、缓存、限流和错误处理。","密钥不得暴露在前端"
"cc990f7f9894","Census.gov","The US Census Bureau provides various APIs and data sets on demographics and businesses","https://www.census.gov/data/developers/data-sets.html","公共与知识数据","Government","人口普查与社会统计","upstream","public-apis/public-apis","https://www.census.gov/data/developers/data-sets.html","","","","No","Yes","Unknown","88","A · 优先试用","后端代理","建议通过服务端适配器统一鉴权、缓存、限流和错误处理。","CORS 未知，需要浏览器实测"
"f9ea815d5fa4","City, Berlin","Berlin(DE) City Open Data","https://daten.berlin.de/","公共与知识数据","Government","政府开放数据门户","upstream","public-apis/public-apis","https://daten.berlin.de/","","","","No","Yes","Unknown","88","A · 优先试用","后端代理","建议通过服务端适配器统一鉴权、缓存、限流和错误处理。","CORS 未知，需要浏览器实测"
"369f7a53140c","City, Gdańsk","Gdańsk (PL) City Open Data","https://ckan.multimediagdansk.pl/en","公共与知识数据","Government","政府开放数据门户","upstream","public-apis/public-apis","https://ckan.multimediagdansk.pl/en","","","","No","Yes","Unknown","88","A · 优先试用","后端代理","建议通过服务端适配器统一鉴权、缓存、限流和错误处理。","CORS 未知，需要浏览器实测"
"c57ddc6bb1b3","City, Gdynia","Gdynia (PL) City Open Data","http://otwartedane.gdynia.pl/en/api_doc.html","公共与知识数据","Government","政府开放数据门户","upstream","public-apis/public-apis","http://otwartedane.gdynia.pl/en/api_doc.html","","","","No","No","Unknown","48","D · 建议替代","仅研究/寻找替代","先寻找 HTTPS 替代服务，不纳入默认生产候选。","未声明 HTTPS，不建议生产接入；CORS 未知，需要浏览器实测"
"270801734ad1","City, Helsinki","Helsinki(FI) City Open Data","https://hri.fi/en_gb/","公共与知识数据","Government","政府开放数据门户","upstream","public-apis/public-apis","https://hri.fi/en_gb/","","","","No","Yes","Unknown","88","A · 优先试用","后端代理","建议通过服务端适配器统一鉴权、缓存、限流和错误处理。","CORS 未知，需要浏览器实测"
"19b8de1d7a52","City, Lviv","Lviv(UA) City Open Data","https://opendata.city-adm.lviv.ua/","公共与知识数据","Government","政府开放数据门户","upstream","public-apis/public-apis","https://opendata.city-adm.lviv.ua/","","","","No","Yes","Unknown","83","B · 值得验证","后端代理","建议通过服务端适配器统一鉴权、缓存、限流和错误处理。","CORS 未知，需要浏览器实测"
"a91f9f9fd6cd","City, Nantes Open Data","Nantes(FR) City Open Data","https://data.nantesmetropole.fr/pages/home/","公共与知识数据","Government","政府开放数据门户","upstream","public-apis/public-apis","https://data.nantesmetropole.fr/pages/home/","","","","apiKey","Yes","Unknown","83","B · 值得验证","后端代理","建议通过服务端适配器统一鉴权、缓存、限流和错误处理。","CORS 未知，需要浏览器实测；密钥不得暴露在前端"
"8e9b349d5b57","City, New York Open Data","New York (US) City Open Data","https://opendata.cityofnewyork.us/","公共与知识数据","Government","政府开放数据门户","upstream","public-apis/public-apis","https://opendata.cityofnewyork.us/","","","","No","Yes","Unknown","88","A · 优先试用","后端代理","建议通过服务端适配器统一鉴权、缓存、限流和错误处理。","CORS 未知，需要浏览器实测"
"3abb10f8a0cb","City, Prague Open Data","Prague(CZ) City Open Data","http://opendata.praha.eu/en","公共与知识数据","Government","政府开放数据门户","upstream","public-apis/public-apis","http://opendata.praha.eu/en","","","","No","No","Unknown","48","D · 建议替代","仅研究/寻找替代","先寻找 HTTPS 替代服务，不纳入默认生产候选。","未声明 HTTPS，不建议生产接入；CORS 未知，需要浏览器实测"
"3143f5d1137d","City, Toronto Open Data","Toronto (CA) City Open Data","https://open.toronto.ca/","公共与知识数据","Government","政府开放数据门户","upstream","public-apis/public-apis","https://open.toronto.ca/","","","","No","Yes","Yes","100","A · 优先试用","浏览器直连候选","适合无密钥原型；生产使用前验证限流、许可和稳定性。","仍需验证额度、条款、延迟与数据质量"
"b57c041fb0ca","Code.gov","The primary platform for Open Source and code sharing for the U.S. Federal Government","https://code.gov","公共与知识数据","Government","政府与公共事务综合能力","upstream","public-apis/public-apis","https://code.gov","","","","apiKey","Yes","Unknown","83","B · 值得验证","后端代理","建议通过服务端适配器统一鉴权、缓存、限流和错误处理。","CORS 未知，需要浏览器实测；密钥不得暴露在前端"
"514a04c3cfe3","Colorado Information Marketplace","Colorado State Government Open Data","https://data.colorado.gov/","公共与知识数据","Government","政府开放数据门户","upstream","public-apis/public-apis","https://data.colorado.gov/","","","","No","Yes","Unknown","88","A · 优先试用","后端代理","建议通过服务端适配器统一鉴权、缓存、限流和错误处理。","CORS 未知，需要浏览器实测"
"0198c7e329ef","Conversor IAE CNAE","Spanish IAE/CNAE tax activity codes, 2009→2025 crosswalk and AEAT obligations","https://www.conversoriaecnae.es/api/v1/docs","公共与知识数据","Government","官方企业与税务登记","upstream","public-apis/public-apis","https://www.conversoriaecnae.es/api/v1/docs","","","","apiKey","Yes","No","75","B · 值得验证","后端代理","建议通过服务端适配器统一鉴权、缓存、限流和错误处理。","浏览器不可直连，应走服务端；密钥不得暴露在前端"
"f200f2c8cb0b","Data USA","US Public Data","https://datausa.io/about/api/","公共与知识数据","Government","政府与公共事务综合能力","upstream","public-apis/public-apis","https://datausa.io/about/api/","","","","No","Yes","Unknown","83","B · 值得验证","后端代理","建议通过服务端适配器统一鉴权、缓存、限流和错误处理。","CORS 未知，需要浏览器实测"
"66cf87de5fbc","Data.gov","US Government Data","https://api.data.gov/","公共与知识数据","Government","政府开放数据门户","upstream","public-apis/public-apis","https://api.data.gov/","","","","apiKey","Yes","Unknown","78","B · 值得验证","后端代理","建议通过服务端适配器统一鉴权、缓存、限流和错误处理。","CORS 未知，需要浏览器实测；密钥不得暴露在前端"
"7b94b3eb374b","Data.parliament.uk","Contains live datasets including information about petitions, bills, MP votes, attendance and more","https://explore.data.parliament.uk/?learnmore=Members","公共与知识数据","Government","选举、议员与政治数据","upstream","public-apis/public-apis","https://explore.data.parliament.uk/?learnmore=Members","","","","No","No","Unknown","58","C · 谨慎接入","仅研究/寻找替代","先寻找 HTTPS 替代服务，不纳入默认生产候选。","未声明 HTTPS，不建议生产接入；CORS 未知，需要浏览器实测"
"60ba659e80db","Deutscher Bundestag DIP","This API provides read access to DIP entities (e.g. activities, persons, printed material)","https://dip.bundestag.de/documents/informationsblatt_zur_dip_api_v01.pdf","公共与知识数据","Government","政府与公共事务综合能力","upstream","public-apis/public-apis","https://dip.bundestag.de/documents/informationsblatt_zur_dip_api_v01.pdf","","","","apiKey","Yes","Unknown","83","B · 值得验证","后端代理","建议通过服务端适配器统一鉴权、缓存、限流和错误处理。","CORS 未知，需要浏览器实测；密钥不得暴露在前端"
"2af1f0e5f3ed","Disclosed Capitol","US congressional & executive-branch stock trade disclosures (STOCK Act + OGE)","https://www.disclosedcapitol.com/data-files/api","公共与知识数据","Government","选举、议员与政治数据","upstream","public-apis/public-apis","https://www.disclosedcapitol.com/data-files/api","","","","apiKey","Yes","No","75","B · 值得验证","后端代理","建议通过服务端适配器统一鉴权、缓存、限流和错误处理。","浏览器不可直连，应走服务端；密钥不得暴露在前端"
"841d3a64dddd","District of Columbia Open Data","Contains D.C. government public datasets, including crime, GIS, financial data, and so on","http://opendata.dc.gov/pages/using-apis","公共与知识数据","Government","政府开放数据门户","upstream","public-apis/public-apis","http://opendata.dc.gov/pages/using-apis","","","","No","Yes","Unknown","78","B · 值得验证","后端代理","建议通过服务端适配器统一鉴权、缓存、限流和错误处理。","CORS 未知，需要浏览器实测"
"0d5111924099","DistrictAPI","US school districts and schools by address, with enrollment and boundaries","https://districtapi.dev/docs","公共与知识数据","Government","政府与公共事务综合能力","upstream","public-apis/public-apis","https://districtapi.dev/docs","","","","apiKey","Yes","Yes","95","A · 优先试用","后端代理","建议通过服务端适配器统一鉴权、缓存、限流和错误处理。","密钥不得暴露在前端"
"1369847c943f","eCourtsIndia","Indian court case status, judgments, and hearing schedule API","https://ecourtsindia.com/api","公共与知识数据","Government","政府与公共事务综合能力","upstream","public-apis/public-apis","https://ecourtsindia.com/api","","","","apiKey","Yes","Yes","95","A · 优先试用","后端代理","建议通过服务端适配器统一鉴权、缓存、限流和错误处理。","密钥不得暴露在前端"
"2d86fc13341e","EPA","Web services and data sets from the US Environmental Protection Agency","https://www.epa.gov/developers/data-data-products#apis","公共与知识数据","Government","政府与公共事务综合能力","upstream","public-apis/public-apis","https://www.epa.gov/developers/data-data-products#apis","","","","No","Yes","Unknown","88","A · 优先试用","后端代理","建议通过服务端适配器统一鉴权、缓存、限流和错误处理。","CORS 未知，需要浏览器实测"
"7f0f8d70cc6f","FastDOL","Federal enforcement records for US employers: OSHA, WHD, MSHA, EPA, NLRB, and more","https://www.fastdol.com/docs","公共与知识数据","Government","政府与公共事务综合能力","upstream","public-apis/public-apis","https://www.fastdol.com/docs","","","","apiKey","Yes","Yes","95","A · 优先试用","后端代理","建议通过服务端适配器统一鉴权、缓存、限流和错误处理。","密钥不得暴露在前端"
"ebe2982946d9","FBI Wanted","Access information on the FBI Wanted program","https://www.fbi.gov/wanted/api","公共与知识数据","Government","政府与公共事务综合能力","upstream","public-apis/public-apis","https://www.fbi.gov/wanted/api","","","","No","Yes","Unknown","88","A · 优先试用","后端代理","建议通过服务端适配器统一鉴权、缓存、限流和错误处理。","CORS 未知，需要浏览器实测"
"ce2e2fb7fec4","FEC","Information on campaign donations in federal elections","https://api.open.fec.gov/developers/","公共与知识数据","Government","选举、议员与政治数据","upstream","public-apis/public-apis","https://api.open.fec.gov/developers/","","","","apiKey","Yes","Unknown","83","B · 值得验证","后端代理","建议通过服务端适配器统一鉴权、缓存、限流和错误处理。","CORS 未知，需要浏览器实测；密钥不得暴露在前端"
"57573115e336","Federal Register","The Daily Journal of the United States Government","https://www.federalregister.gov/reader-aids/developer-resources/rest-api","公共与知识数据","Government","政府与公共事务综合能力","upstream","public-apis/public-apis","https://www.federalregister.gov/reader-aids/developer-resources/rest-api","","","","No","Yes","Unknown","88","A · 优先试用","后端代理","建议通过服务端适配器统一鉴权、缓存、限流和错误处理。","CORS 未知，需要浏览器实测"
"795c45f9aaa1","Food Standards Agency","UK food hygiene rating data API","http://ratings.food.gov.uk/open-data/en-GB","公共与知识数据","Government","政府与公共事务综合能力","upstream","public-apis/public-apis","http://ratings.food.gov.uk/open-data/en-GB","","","","No","No","Unknown","48","D · 建议替代","仅研究/寻找替代","先寻找 HTTPS 替代服务，不纳入默认生产候选。","未声明 HTTPS，不建议生产接入；CORS 未知，需要浏览器实测"
"f4bb00296b83","Gazette Data, UK","UK official public record API","https://www.thegazette.co.uk/data","公共与知识数据","Government","政府与公共事务综合能力","upstream","public-apis/public-apis","https://www.thegazette.co.uk/data","","","","OAuth","Yes","Unknown","80","B · 值得验证","OAuth 集成","适合用户授权型产品；优先评估回调、安全存储和撤销流程。","CORS 未知，需要浏览器实测；需要完整授权与令牌生命周期设计"
"c0100f8c748c","Gun Policy","International firearm injury prevention and policy","https://www.gunpolicy.org/api","公共与知识数据","Government","政府与公共事务综合能力","upstream","public-apis/public-apis","https://www.gunpolicy.org/api","","","","apiKey","Yes","Unknown","83","B · 值得验证","后端代理","建议通过服务端适配器统一鉴权、缓存、限流和错误处理。","CORS 未知，需要浏览器实测；密钥不得暴露在前端"
"43e60e754f6c","Indian Mandi Prices","Free, keyless daily wholesale mandi prices for 5 Indian states, sourced from data.gov.in","https://mandi-api.vercel.app/docs","公共与知识数据","Government","政府与公共事务综合能力","upstream","public-apis/public-apis","https://mandi-api.vercel.app/docs","","","","No","Yes","Yes","100","A · 优先试用","浏览器直连候选","适合无密钥原型；生产使用前验证限流、许可和稳定性。","仍需验证额度、条款、延迟与数据质量"
"cd9a6e18cbfb","Indian Pincode","Free India PIN code lookup with GPS coordinates, 165k+ post offices, state & district data","https://indianpincode.com/","公共与知识数据","Government","政府与公共事务综合能力","upstream","public-apis/public-apis","https://indianpincode.com/","","","","No","Yes","Yes","100","A · 优先试用","浏览器直连候选","适合无密钥原型；生产使用前验证限流、许可和稳定性。","仍需验证额度、条款、延迟与数据质量"
"3b4468e0edb5","INEI","Peruvian Statistical Government Open Data","http://iinei.inei.gob.pe/microdatos/","公共与知识数据","Government","政府开放数据门户","upstream","public-apis/public-apis","http://iinei.inei.gob.pe/microdatos/","","","","No","No","Unknown","48","D · 建议替代","仅研究/寻找替代","先寻找 HTTPS 替代服务，不纳入默认生产候选。","未声明 HTTPS，不建议生产接入；CORS 未知，需要浏览器实测"
"f9b0d1651368","Interpol Red Notices","Access and search Interpol Red Notices","https://interpol.api.bund.dev/","公共与知识数据","Government","政府与公共事务综合能力","upstream","public-apis/public-apis","https://interpol.api.bund.dev/","","","","No","Yes","Unknown","88","A · 优先试用","后端代理","建议通过服务端适配器统一鉴权、缓存、限流和错误处理。","CORS 未知，需要浏览器实测"
"8c75a01e0597","Istanbul (İBB) Open Data","Data sets from the İstanbul Metropolitan Municipality (İBB)","https://data.ibb.gov.tr","公共与知识数据","Government","政府开放数据门户","upstream","public-apis/public-apis","https://data.ibb.gov.tr","","","","No","Yes","Unknown","88","A · 优先试用","后端代理","建议通过服务端适配器统一鉴权、缓存、限流和错误处理。","CORS 未知，需要浏览器实测"
"e96bccc41a4e","LocalGov.jp","Japan grants and subsidies (central J-Grants + 1,916 municipalities)","https://localgov.jp/","公共与知识数据","Government","政府与公共事务综合能力","upstream","public-apis/public-apis","https://localgov.jp/","","","","No","Yes","Yes","100","A · 优先试用","浏览器直连候选","适合无密钥原型；生产使用前验证限流、许可和稳定性。","仍需验证额度、条款、延迟与数据质量"
"456de24d4144","National Park Service, US","Data from the US National Park Service","https://www.nps.gov/subjects/developer/","公共与知识数据","Government","政府与公共事务综合能力","upstream","public-apis/public-apis","https://www.nps.gov/subjects/developer/","","","","apiKey","Yes","Yes","95","A · 优先试用","后端代理","建议通过服务端适配器统一鉴权、缓存、限流和错误处理。","密钥不得暴露在前端"
"2c4bbafd66fe","Neotimo DGFiP Mirror","French DGFiP registry of certified e-invoicing platforms (Plateformes Agréées), searchable by SIRET","https://neotimo.com/annuaire-dgfip","公共与知识数据","Government","政府与公共事务综合能力","upstream","public-apis/public-apis","https://neotimo.com/annuaire-dgfip","","","","No","Yes","Unknown","88","A · 优先试用","后端代理","建议通过服务端适配器统一鉴权、缓存、限流和错误处理。","CORS 未知，需要浏览器实测"
"059c53bd3ca7","Open Government, ACT","Australian Capital Territory Open Data","https://www.data.act.gov.au/","公共与知识数据","Government","政府开放数据门户","upstream","public-apis/public-apis","https://www.data.act.gov.au/","","","","No","Yes","Unknown","88","A · 优先试用","后端代理","建议通过服务端适配器统一鉴权、缓存、限流和错误处理。","CORS 未知，需要浏览器实测"
"6d2b02fb118d","Open Government, Argentina","Argentina Government Open Data","https://datos.gob.ar/","公共与知识数据","Government","政府开放数据门户","upstream","public-apis/public-apis","https://datos.gob.ar/","","","","No","Yes","Unknown","88","A · 优先试用","后端代理","建议通过服务端适配器统一鉴权、缓存、限流和错误处理。","CORS 未知，需要浏览器实测"
"1c005eaae52e","Open Government, Australia","Australian Government Open Data","https://www.data.gov.au/","公共与知识数据","Government","政府开放数据门户","upstream","public-apis/public-apis","https://www.data.gov.au/","","","","No","Yes","Unknown","88","A · 优先试用","后端代理","建议通过服务端适配器统一鉴权、缓存、限流和错误处理。","CORS 未知，需要浏览器实测"
"cfa2946ea2a7","Open Government, Austria","Austria Government Open Data","https://www.data.gv.at/","公共与知识数据","Government","政府开放数据门户","upstream","public-apis/public-apis","https://www.data.gv.at/","","","","No","Yes","Unknown","88","A · 优先试用","后端代理","建议通过服务端适配器统一鉴权、缓存、限流和错误处理。","CORS 未知，需要浏览器实测"
"b283299a9d34","Open Government, Belgium","Belgium Government Open Data","https://data.gov.be/","公共与知识数据","Government","政府开放数据门户","upstream","public-apis/public-apis","https://data.gov.be/","","","","No","Yes","Unknown","88","A · 优先试用","后端代理","建议通过服务端适配器统一鉴权、缓存、限流和错误处理。","CORS 未知，需要浏览器实测"
"17d80c34b3d8","Open Government, Canada","Canadian Government Open Data","http://open.canada.ca/en","公共与知识数据","Government","政府开放数据门户","upstream","public-apis/public-apis","http://open.canada.ca/en","","","","No","No","Unknown","48","D · 建议替代","仅研究/寻找替代","先寻找 HTTPS 替代服务，不纳入默认生产候选。","未声明 HTTPS，不建议生产接入；CORS 未知，需要浏览器实测"
"392764580453","Open Government, Colombia","Colombia Government Open Data","https://www.dane.gov.co/","公共与知识数据","Government","政府开放数据门户","upstream","public-apis/public-apis","https://www.dane.gov.co/","","","","No","No","Unknown","58","C · 谨慎接入","仅研究/寻找替代","先寻找 HTTPS 替代服务，不纳入默认生产候选。","未声明 HTTPS，不建议生产接入；CORS 未知，需要浏览器实测"
"396bca57bf55","Open Government, Cyprus","Cyprus Government Open Data","https://data.gov.cy/?language=en","公共与知识数据","Government","政府开放数据门户","upstream","public-apis/public-apis","https://data.gov.cy/?language=en","","","","No","Yes","Unknown","88","A · 优先试用","后端代理","建议通过服务端适配器统一鉴权、缓存、限流和错误处理。","CORS 未知，需要浏览器实测"
"344fe53cead9","Open Government, Czech Republic","Czech Republic Government Open Data","https://data.gov.cz/english/","公共与知识数据","Government","政府开放数据门户","upstream","public-apis/public-apis","https://data.gov.cz/english/","","","","No","Yes","Unknown","88","A · 优先试用","后端代理","建议通过服务端适配器统一鉴权、缓存、限流和错误处理。","CORS 未知，需要浏览器实测"
"6d225cf6e1e9","Open Government, Denmark","Denmark Government Open Data","https://www.opendata.dk/","公共与知识数据","Government","政府开放数据门户","upstream","public-apis/public-apis","https://www.opendata.dk/","","","","No","Yes","Unknown","88","A · 优先试用","后端代理","建议通过服务端适配器统一鉴权、缓存、限流和错误处理。","CORS 未知，需要浏览器实测"
"6d24fc5a912f","Open Government, Estonia","Estonia Government Open Data","https://avaandmed.eesti.ee/instructions/opendata-dataset-api","公共与知识数据","Government","政府开放数据门户","upstream","public-apis/public-apis","https://avaandmed.eesti.ee/instructions/opendata-dataset-api","","","","apiKey","Yes","Unknown","83","B · 值得验证","后端代理","建议通过服务端适配器统一鉴权、缓存、限流和错误处理。","CORS 未知，需要浏览器实测；密钥不得暴露在前端"
"139df0a827fc","Open Government, Finland","Finland Government Open Data","https://www.avoindata.fi/en","公共与知识数据","Government","政府开放数据门户","upstream","public-apis/public-apis","https://www.avoindata.fi/en","","","","No","Yes","Unknown","88","A · 优先试用","后端代理","建议通过服务端适配器统一鉴权、缓存、限流和错误处理。","CORS 未知，需要浏览器实测"
"6d94a9885021","Open Government, France","French Government Open Data","https://www.data.gouv.fr/","公共与知识数据","Government","政府开放数据门户","upstream","public-apis/public-apis","https://www.data.gouv.fr/","","","","apiKey","Yes","Unknown","83","B · 值得验证","后端代理","建议通过服务端适配器统一鉴权、缓存、限流和错误处理。","CORS 未知，需要浏览器实测；密钥不得暴露在前端"
"c72dae7f5a74","Open Government, Germany","Germany Government Open Data","https://www.govdata.de/daten/-/details/govdata-metadatenkatalog","公共与知识数据","Government","政府开放数据门户","upstream","public-apis/public-apis","https://www.govdata.de/daten/-/details/govdata-metadatenkatalog","","","","No","Yes","Unknown","88","A · 优先试用","后端代理","建议通过服务端适配器统一鉴权、缓存、限流和错误处理。","CORS 未知，需要浏览器实测"
"8cd94915a676","Open Government, Greece","Greece Government Open Data","https://data.gov.gr/","公共与知识数据","Government","政府开放数据门户","upstream","public-apis/public-apis","https://data.gov.gr/","","","","OAuth","Yes","Unknown","80","B · 值得验证","OAuth 集成","适合用户授权型产品；优先评估回调、安全存储和撤销流程。","CORS 未知，需要浏览器实测；需要完整授权与令牌生命周期设计"
"93290e71fab3","Open Government, India","Indian Government Open Data","https://data.gov.in/","公共与知识数据","Government","政府开放数据门户","upstream","public-apis/public-apis","https://data.gov.in/","","","","apiKey","Yes","Unknown","83","B · 值得验证","后端代理","建议通过服务端适配器统一鉴权、缓存、限流和错误处理。","CORS 未知，需要浏览器实测；密钥不得暴露在前端"
"235c0a91f563","Open Government, Indonesia","Indonesian Government Open Data","https://data.go.id/","公共与知识数据","Government","政府开放数据门户","upstream","public-apis/public-apis","https://data.go.id/","","","","No","Yes","Unknown","88","A · 优先试用","后端代理","建议通过服务端适配器统一鉴权、缓存、限流和错误处理。","CORS 未知，需要浏览器实测"
"6731fcd143be","Open Government, Ireland","Ireland Government Open Data","https://data.gov.ie/pages/developers","公共与知识数据","Government","政府开放数据门户","upstream","public-apis/public-apis","https://data.gov.ie/pages/developers","","","","No","Yes","Unknown","88","A · 优先试用","后端代理","建议通过服务端适配器统一鉴权、缓存、限流和错误处理。","CORS 未知，需要浏览器实测"
"e31003ca79ea","Open Government, Italy","Italy Government Open Data","https://www.dati.gov.it/","公共与知识数据","Government","政府开放数据门户","upstream","public-apis/public-apis","https://www.dati.gov.it/","","","","No","Yes","Unknown","88","A · 优先试用","后端代理","建议通过服务端适配器统一鉴权、缓存、限流和错误处理。","CORS 未知，需要浏览器实测"
"3fe2ce474104","Open Government, Korea","Korea Government Open Data","https://www.data.go.kr/","公共与知识数据","Government","政府开放数据门户","upstream","public-apis/public-apis","https://www.data.go.kr/","","","","apiKey","Yes","Unknown","83","B · 值得验证","后端代理","建议通过服务端适配器统一鉴权、缓存、限流和错误处理。","CORS 未知，需要浏览器实测；密钥不得暴露在前端"
"16f82ae39cf4","Open Government, Lithuania","Lithuania Government Open Data","https://data.gov.lt/public/api/1","公共与知识数据","Government","政府开放数据门户","upstream","public-apis/public-apis","https://data.gov.lt/public/api/1","","","","No","Yes","Unknown","88","A · 优先试用","后端代理","建议通过服务端适配器统一鉴权、缓存、限流和错误处理。","CORS 未知，需要浏览器实测"
"68b58230d115","Open Government, Luxembourg","Luxembourgish Government Open Data","https://data.public.lu","公共与知识数据","Government","政府开放数据门户","upstream","public-apis/public-apis","https://data.public.lu","","","","apiKey","Yes","Unknown","83","B · 值得验证","后端代理","建议通过服务端适配器统一鉴权、缓存、限流和错误处理。","CORS 未知，需要浏览器实测；密钥不得暴露在前端"
"589cd29406dc","Open Government, Mexico","Mexican Statistical Government Open Data","https://www.inegi.org.mx/datos/","公共与知识数据","Government","政府开放数据门户","upstream","public-apis/public-apis","https://www.inegi.org.mx/datos/","","","","No","Yes","Unknown","88","A · 优先试用","后端代理","建议通过服务端适配器统一鉴权、缓存、限流和错误处理。","CORS 未知，需要浏览器实测"
"14329c18a19b","Open Government, Mexico","Mexico Government Open Data","https://datos.gob.mx/","公共与知识数据","Government","政府开放数据门户","upstream","public-apis/public-apis","https://datos.gob.mx/","","","","No","Yes","Unknown","88","A · 优先试用","后端代理","建议通过服务端适配器统一鉴权、缓存、限流和错误处理。","CORS 未知，需要浏览器实测"
"1870b1f01a89","Open Government, Netherlands","Netherlands Government Open Data","https://data.overheid.nl/en/ondersteuning/data-publiceren/api","公共与知识数据","Government","政府开放数据门户","upstream","public-apis/public-apis","https://data.overheid.nl/en/ondersteuning/data-publiceren/api","","","","No","Yes","Unknown","88","A · 优先试用","后端代理","建议通过服务端适配器统一鉴权、缓存、限流和错误处理。","CORS 未知，需要浏览器实测"
"e2a432fd28d4","Open Government, New South Wales","New South Wales Government Open Data","https://api.nsw.gov.au/","公共与知识数据","Government","政府开放数据门户","upstream","public-apis/public-apis","https://api.nsw.gov.au/","","","","apiKey","Yes","Unknown","83","B · 值得验证","后端代理","建议通过服务端适配器统一鉴权、缓存、限流和错误处理。","CORS 未知，需要浏览器实测；密钥不得暴露在前端"
"c72bb95b227b","Open Government, New Zealand","New Zealand Government Open Data","https://www.data.govt.nz/","公共与知识数据","Government","政府开放数据门户","upstream","public-apis/public-apis","https://www.data.govt.nz/","","","","No","Yes","Unknown","88","A · 优先试用","后端代理","建议通过服务端适配器统一鉴权、缓存、限流和错误处理。","CORS 未知，需要浏览器实测"
"59040a0a0a57","Open Government, Norway","Norwegian Government Open Data","https://data.norge.no/dataservices","公共与知识数据","Government","政府开放数据门户","upstream","public-apis/public-apis","https://data.norge.no/dataservices","","","","No","Yes","Yes","100","A · 优先试用","浏览器直连候选","适合无密钥原型；生产使用前验证限流、许可和稳定性。","仍需验证额度、条款、延迟与数据质量"
"d21293156655","Open Government, Peru","Peru Government Open Data","https://www.datosabiertos.gob.pe/","公共与知识数据","Government","政府开放数据门户","upstream","public-apis/public-apis","https://www.datosabiertos.gob.pe/","","","","No","Yes","Unknown","88","A · 优先试用","后端代理","建议通过服务端适配器统一鉴权、缓存、限流和错误处理。","CORS 未知，需要浏览器实测"
"87ebdbde8bab","Open Government, Poland","Poland Government Open Data","https://dane.gov.pl/en","公共与知识数据","Government","政府开放数据门户","upstream","public-apis/public-apis","https://dane.gov.pl/en","","","","No","Yes","Yes","100","A · 优先试用","浏览器直连候选","适合无密钥原型；生产使用前验证限流、许可和稳定性。","仍需验证额度、条款、延迟与数据质量"
"ded8281769f5","Open Government, Portugal","Portugal Government Open Data","https://dados.gov.pt/en/docapi/","公共与知识数据","Government","政府开放数据门户","upstream","public-apis/public-apis","https://dados.gov.pt/en/docapi/","","","","No","Yes","Yes","100","A · 优先试用","浏览器直连候选","适合无密钥原型；生产使用前验证限流、许可和稳定性。","仍需验证额度、条款、延迟与数据质量"
"97713b6632ff","Open Government, Queensland Government","Queensland Government Open Data","https://www.data.qld.gov.au/","公共与知识数据","Government","政府开放数据门户","upstream","public-apis/public-apis","https://www.data.qld.gov.au/","","","","No","Yes","Unknown","88","A · 优先试用","后端代理","建议通过服务端适配器统一鉴权、缓存、限流和错误处理。","CORS 未知，需要浏览器实测"
"d2b4c2f3ec3a","Open Government, Romania","Romania Government Open Data","http://data.gov.ro/","公共与知识数据","Government","政府开放数据门户","upstream","public-apis/public-apis","http://data.gov.ro/","","","","No","No","Unknown","48","D · 建议替代","仅研究/寻找替代","先寻找 HTTPS 替代服务，不纳入默认生产候选。","未声明 HTTPS，不建议生产接入；CORS 未知，需要浏览器实测"
"a0972a9b601a","Open Government, Saudi Arabia","Saudi Arabia Government Open Data","https://data.gov.sa","公共与知识数据","Government","政府开放数据门户","upstream","public-apis/public-apis","https://data.gov.sa","","","","No","Yes","Unknown","88","A · 优先试用","后端代理","建议通过服务端适配器统一鉴权、缓存、限流和错误处理。","CORS 未知，需要浏览器实测"
"d628e4cc9604","Open Government, Singapore","Singapore Government Open Data","https://data.gov.sg/developer","公共与知识数据","Government","政府开放数据门户","upstream","public-apis/public-apis","https://data.gov.sg/developer","","","","No","Yes","Unknown","88","A · 优先试用","后端代理","建议通过服务端适配器统一鉴权、缓存、限流和错误处理。","CORS 未知，需要浏览器实测"
"997bdeb21f95","Open Government, Slovakia","Slovakia Government Open Data","https://data.gov.sk/en/","公共与知识数据","Government","政府开放数据门户","upstream","public-apis/public-apis","https://data.gov.sk/en/","","","","No","Yes","Unknown","88","A · 优先试用","后端代理","建议通过服务端适配器统一鉴权、缓存、限流和错误处理。","CORS 未知，需要浏览器实测"
"392f0c645c50","Open Government, Slovenia","Slovenia Government Open Data","https://podatki.gov.si/","公共与知识数据","Government","政府开放数据门户","upstream","public-apis/public-apis","https://podatki.gov.si/","","","","No","Yes","No","80","B · 值得验证","后端代理","建议通过服务端适配器统一鉴权、缓存、限流和错误处理。","浏览器不可直连，应走服务端"
"17f230860757","Open Government, South Australian Government","South Australian Government Open Data","https://data.sa.gov.au/","公共与知识数据","Government","政府开放数据门户","upstream","public-apis/public-apis","https://data.sa.gov.au/","","","","No","Yes","Unknown","88","A · 优先试用","后端代理","建议通过服务端适配器统一鉴权、缓存、限流和错误处理。","CORS 未知，需要浏览器实测"
"1b70c97493c2","Open Government, Spain","Spain Government Open Data","https://datos.gob.es/en","公共与知识数据","Government","政府开放数据门户","upstream","public-apis/public-apis","https://datos.gob.es/en","","","","No","Yes","Unknown","88","A · 优先试用","后端代理","建议通过服务端适配器统一鉴权、缓存、限流和错误处理。","CORS 未知，需要浏览器实测"
"fa4d0d132326","Open Government, Sweden","Sweden Government Open Data","https://www.dataportal.se/en/dataservice/91_29789/api-for-the-statistical-database","公共与知识数据","Government","政府开放数据门户","upstream","public-apis/public-apis","https://www.dataportal.se/en/dataservice/91_29789/api-for-the-statistical-database","","","","No","Yes","Unknown","88","A · 优先试用","后端代理","建议通过服务端适配器统一鉴权、缓存、限流和错误处理。","CORS 未知，需要浏览器实测"
"089a1c9db311","Open Government, Switzerland","Switzerland Government Open Data","https://handbook.opendata.swiss/de/content/nutzen/api-nutzen.html","公共与知识数据","Government","政府开放数据门户","upstream","public-apis/public-apis","https://handbook.opendata.swiss/de/content/nutzen/api-nutzen.html","","","","No","Yes","Unknown","88","A · 优先试用","后端代理","建议通过服务端适配器统一鉴权、缓存、限流和错误处理。","CORS 未知，需要浏览器实测"
"5f2adaadbc32","Open Government, Taiwan","Taiwan Government Open Data","https://data.gov.tw/","公共与知识数据","Government","政府开放数据门户","upstream","public-apis/public-apis","https://data.gov.tw/","","","","No","Yes","Unknown","88","A · 优先试用","后端代理","建议通过服务端适配器统一鉴权、缓存、限流和错误处理。","CORS 未知，需要浏览器实测"
"e202caf1370e","Open Government, Thailand","Thailand Government Open Data","https://data.go.th/","公共与知识数据","Government","政府开放数据门户","upstream","public-apis/public-apis","https://data.go.th/","","","","apiKey","Yes","Unknown","83","B · 值得验证","后端代理","建议通过服务端适配器统一鉴权、缓存、限流和错误处理。","CORS 未知，需要浏览器实测；密钥不得暴露在前端"
"8b9bbe85a748","Open Government, UK","UK Government Open Data","https://data.gov.uk/","公共与知识数据","Government","政府开放数据门户","upstream","public-apis/public-apis","https://data.gov.uk/","","","","No","Yes","Unknown","83","B · 值得验证","后端代理","建议通过服务端适配器统一鉴权、缓存、限流和错误处理。","CORS 未知，需要浏览器实测"
"cc9a4deb94ed","Open Government, USA","United States Government Open Data","https://www.data.gov/","公共与知识数据","Government","政府开放数据门户","upstream","public-apis/public-apis","https://www.data.gov/","","","","No","Yes","Unknown","88","A · 优先试用","后端代理","建议通过服务端适配器统一鉴权、缓存、限流和错误处理。","CORS 未知，需要浏览器实测"
"7abb216abfee","Open Government, Victoria State Government","Victoria State Government Open Data","https://www.data.vic.gov.au/","公共与知识数据","Government","政府开放数据门户","upstream","public-apis/public-apis","https://www.data.vic.gov.au/","","","","No","Yes","Unknown","88","A · 优先试用","后端代理","建议通过服务端适配器统一鉴权、缓存、限流和错误处理。","CORS 未知，需要浏览器实测"
"83f1bfde06d6","Open Government, West Australia","West Australia Open Data","https://data.wa.gov.au/","公共与知识数据","Government","政府开放数据门户","upstream","public-apis/public-apis","https://data.wa.gov.au/","","","","No","Yes","Unknown","88","A · 优先试用","后端代理","建议通过服务端适配器统一鉴权、缓存、限流和错误处理。","CORS 未知，需要浏览器实测"
"055ff91cc91d","OpenMercantil","Spanish company public data and BORME event timelines","https://openmercantil.es/api/documentacion","公共与知识数据","Government","官方企业与税务登记","upstream","public-apis/public-apis","https://openmercantil.es/api/documentacion","","","","No","Yes","Yes","100","A · 优先试用","浏览器直连候选","适合无密钥原型；生产使用前验证限流、许可和稳定性。","仍需验证额度、条款、延迟与数据质量"
"4043e0f99bfd","OpenRegistry","Real-time queries to 27 national company registries (UK, FR, DE, IT, ES, KR + 21 more)","https://openregistry.sophymarine.com","公共与知识数据","Government","官方企业与税务登记","upstream","public-apis/public-apis","https://openregistry.sophymarine.com","","","","OAuth","Yes","Unknown","80","B · 值得验证","OAuth 集成","适合用户授权型产品；优先评估回调、安全存储和撤销流程。","CORS 未知，需要浏览器实测；需要完整授权与令牌生命周期设计"
"083263ad07ed","PRC Exam Schedule","Unofficial Philippine Professional Regulation Commission's examination schedule","https://api.whenisthenextboardexam.com/docs/","公共与知识数据","Government","法律法规与监管追踪","upstream","public-apis/public-apis","https://api.whenisthenextboardexam.com/docs/","","","","No","Yes","Yes","100","A · 优先试用","浏览器直连候选","适合无密钥原型；生产使用前验证限流、许可和稳定性。","仍需验证额度、条款、延迟与数据质量"
"70611fd751d5","Represent by Open North","Find Canadian Government Representatives","https://represent.opennorth.ca/","公共与知识数据","Government","政府与公共事务综合能力","upstream","public-apis/public-apis","https://represent.opennorth.ca/","","","","No","Yes","Unknown","88","A · 优先试用","后端代理","建议通过服务端适配器统一鉴权、缓存、限流和错误处理。","CORS 未知，需要浏览器实测"
"0dcfd504331e","Tollmint","Advertising, subscription, AI-disclosure and accessibility rules across the US, EU and UK","https://api.tollmint.com","公共与知识数据","Government","政府与公共事务综合能力","upstream","public-apis/public-apis","https://api.tollmint.com","","","","No","Yes","Yes","100","A · 优先试用","浏览器直连候选","适合无密钥原型；生产使用前验证限流、许可和稳定性。","仍需验证额度、条款、延迟与数据质量"
"bfc2c845cbb7","UK Companies House","UK Companies House Data from the UK government","https://developer.company-information.service.gov.uk/","公共与知识数据","Government","政府与公共事务综合能力","upstream","public-apis/public-apis","https://developer.company-information.service.gov.uk/","","","","OAuth","Yes","Unknown","80","B · 值得验证","OAuth 集成","适合用户授权型产品；优先评估回调、安全存储和撤销流程。","CORS 未知，需要浏览器实测；需要完整授权与令牌生命周期设计"
"bffbb99dbc2a","US Presidential Election Data by TogaTech","Basic candidate data and live electoral vote counts for top two parties in US presidential election","https://uselection.togatech.org/api/","公共与知识数据","Government","选举、议员与政治数据","upstream","public-apis/public-apis","https://uselection.togatech.org/api/","","","","No","Yes","No","80","B · 值得验证","后端代理","建议通过服务端适配器统一鉴权、缓存、限流和错误处理。","浏览器不可直连，应走服务端"
"13ce1c8ba22a","USA.gov","Authoritative information on U.S. programs, events, services and more","https://www.usa.gov/developer","公共与知识数据","Government","政府与公共事务综合能力","upstream","public-apis/public-apis","https://www.usa.gov/developer","","","","apiKey","Yes","Unknown","83","B · 值得验证","后端代理","建议通过服务端适配器统一鉴权、缓存、限流和错误处理。","CORS 未知，需要浏览器实测；密钥不得暴露在前端"
"2c9c63ac8ad0","US Federal Contracts & Grants","US federal contracts, grants, and agency spending data updated daily","https://government-data-api.onrender.com/docs","公共与知识数据","Government","政府预算、采购与公共支出","upstream","public-apis/public-apis","https://government-data-api.onrender.com/docs","","","","No","Yes","Yes","100","A · 优先试用","浏览器直连候选","适合无密钥原型；生产使用前验证限流、许可和稳定性。","仍需验证额度、条款、延迟与数据质量"
"d1e8eaadb93b","USAspending.gov","US federal spending data","https://api.usaspending.gov/","公共与知识数据","Government","政府预算、采购与公共支出","upstream","public-apis/public-apis","https://api.usaspending.gov/","","","","No","Yes","Unknown","88","A · 优先试用","后端代理","建议通过服务端适配器统一鉴权、缓存、限流和错误处理。","CORS 未知，需要浏览器实测"
"31aa08063bb3","Vett","Screen names & companies against OFAC, PEP, watchlists & recalls","https://wimberly.solutions/api/free-sanctions-check/","公共与知识数据","Government","政府与公共事务综合能力","upstream","public-apis/public-apis","https://wimberly.solutions/api/free-sanctions-check/","","","","No","Yes","Yes","100","A · 优先试用","浏览器直连候选","适合无密钥原型；生产使用前验证限流、许可和稳定性。","仍需验证额度、条款、延迟与数据质量"
"b66493604bfb","Clinical Trials Directory","Every clinical trial registered with ClinicalTrials.gov, indexed by condition and sponsor","https://trials.starfile.org/api","自然与生命","Health","临床试验检索","upstream","public-apis/public-apis","https://trials.starfile.org/api","","","","No","Yes","Yes","100","A · 优先试用","浏览器直连候选","适合无密钥原型；生产使用前验证限流、许可和稳定性。","仍需验证额度、条款、延迟与数据质量"
"1aeb131057dc","CMS.gov","Access to the data from the CMS - medicare.gov","https://data.cms.gov/provider-data/","自然与生命","Health","医疗机构与服务提供者","upstream","public-apis/public-apis","https://data.cms.gov/provider-data/","","","","apiKey","Yes","Unknown","83","B · 值得验证","后端代理","建议通过服务端适配器统一鉴权、缓存、限流和错误处理。","CORS 未知，需要浏览器实测；密钥不得暴露在前端"
"5579f068dc8d","Coronavirus","HTTP API for Latest Covid-19 Data","https://pipedream.com/@pravin/http-api-for-latest-wuhan-coronavirus-data-2019-ncov-p_G6CLVM/readme","自然与生命","Health","疫情与公共卫生监测","upstream","public-apis/public-apis","https://pipedream.com/@pravin/http-api-for-latest-wuhan-coronavirus-data-2019-ncov-p_G6CLVM/readme","","","","No","Yes","Unknown","88","A · 优先试用","后端代理","建议通过服务端适配器统一鉴权、缓存、限流和错误处理。","CORS 未知，需要浏览器实测"
"73ba5074245e","Coronavirus in the UK","UK Government coronavirus data, including deaths and cases by region","https://coronavirus.data.gov.uk/details/developers-guide","自然与生命","Health","疫情与公共卫生监测","upstream","public-apis/public-apis","https://coronavirus.data.gov.uk/details/developers-guide","","","","No","Yes","Unknown","88","A · 优先试用","后端代理","建议通过服务端适配器统一鉴权、缓存、限流和错误处理。","CORS 未知，需要浏览器实测"
"5445b3eef6fc","Covid Tracking Project","Covid-19  data for the US","https://covidtracking.com/data/api/version-2","自然与生命","Health","疫情与公共卫生监测","upstream","public-apis/public-apis","https://covidtracking.com/data/api/version-2","","","","No","Yes","No","80","B · 值得验证","后端代理","建议通过服务端适配器统一鉴权、缓存、限流和错误处理。","浏览器不可直连，应走服务端"
"11934c1ab863","Covid-19","Covid 19 spread, infection and recovery","https://covid19api.com/","自然与生命","Health","疫情与公共卫生监测","upstream","public-apis/public-apis","https://covid19api.com/","","","","No","Yes","Yes","100","A · 优先试用","浏览器直连候选","适合无密钥原型；生产使用前验证限流、许可和稳定性。","仍需验证额度、条款、延迟与数据质量"
"86a4d152036a","Covid-19","Covid 19 cases, deaths and recovery per country","https://github.com/M-Media-Group/Covid-19-API","自然与生命","Health","疫情与公共卫生监测","upstream","public-apis/public-apis","https://github.com/M-Media-Group/Covid-19-API","","","","No","Yes","Yes","100","A · 优先试用","浏览器直连候选","适合无密钥原型；生产使用前验证限流、许可和稳定性。","仍需验证额度、条款、延迟与数据质量"
"ccf429b7ee81","Covid-19 Datenhub","Maps, datasets, applications and more in the context of COVID-19","https://npgeo-corona-npgeo-de.hub.arcgis.com","自然与生命","Health","疫情与公共卫生监测","upstream","public-apis/public-apis","https://npgeo-corona-npgeo-de.hub.arcgis.com","","","","No","Yes","Unknown","88","A · 优先试用","后端代理","建议通过服务端适配器统一鉴权、缓存、限流和错误处理。","CORS 未知，需要浏览器实测"
"ef4d18490f9c","Covid-19 Government Response","Government measures tracker to fight against the Covid-19 pandemic","https://covidtracker.bsg.ox.ac.uk","自然与生命","Health","疫情与公共卫生监测","upstream","public-apis/public-apis","https://covidtracker.bsg.ox.ac.uk","","","","No","Yes","Yes","100","A · 优先试用","浏览器直连候选","适合无密钥原型；生产使用前验证限流、许可和稳定性。","仍需验证额度、条款、延迟与数据质量"
"45495f008ae7","Covid-19 India","Covid 19 statistics state and district wise about cases, vaccinations, recovery within India","https://data.covid19india.org/","自然与生命","Health","疫情与公共卫生监测","upstream","public-apis/public-apis","https://data.covid19india.org/","","","","No","Yes","Unknown","88","A · 优先试用","后端代理","建议通过服务端适配器统一鉴权、缓存、限流和错误处理。","CORS 未知，需要浏览器实测"
"6cc0356d7157","Covid-19 JHU CSSE","Open-source API for exploring Covid19 cases based on JHU CSSE","https://nuttaphat.com/covid19-api/","自然与生命","Health","疫情与公共卫生监测","upstream","public-apis/public-apis","https://nuttaphat.com/covid19-api/","","","","No","Yes","Yes","100","A · 优先试用","浏览器直连候选","适合无密钥原型；生产使用前验证限流、许可和稳定性。","仍需验证额度、条款、延迟与数据质量"
"5f677c3586c7","Covid-19 Live Data","Global and countrywise data of Covid 19 daily Summary, confirmed cases, recovered and deaths","https://github.com/mathdroid/covid-19-api","自然与生命","Health","疫情与公共卫生监测","upstream","public-apis/public-apis","https://github.com/mathdroid/covid-19-api","","","","No","Yes","Yes","100","A · 优先试用","浏览器直连候选","适合无密钥原型；生产使用前验证限流、许可和稳定性。","仍需验证额度、条款、延迟与数据质量"
"97658a13bd85","Covid-19 Philippines","Unofficial Covid-19 Web API for Philippines from data collected by DOH","https://github.com/Simperfy/Covid-19-API-Philippines-DOH","自然与生命","Health","疫情与公共卫生监测","upstream","public-apis/public-apis","https://github.com/Simperfy/Covid-19-API-Philippines-DOH","","","","No","Yes","Yes","100","A · 优先试用","浏览器直连候选","适合无密钥原型；生产使用前验证限流、许可和稳定性。","仍需验证额度、条款、延迟与数据质量"
"42e38b124e03","COVID-19 Tracker Canada","Details on Covid-19 cases across Canada","https://api.covid19tracker.ca/docs/1.0/overview","自然与生命","Health","疫情与公共卫生监测","upstream","public-apis/public-apis","https://api.covid19tracker.ca/docs/1.0/overview","","","","No","Yes","Unknown","88","A · 优先试用","后端代理","建议通过服务端适配器统一鉴权、缓存、限流和错误处理。","CORS 未知，需要浏览器实测"
"92469fc0a297","COVID-19 Tracker Sri Lanka","Provides situation of the COVID-19 patients reported in Sri Lanka","https://www.hpb.health.gov.lk/en/api-documentation","自然与生命","Health","疫情与公共卫生监测","upstream","public-apis/public-apis","https://www.hpb.health.gov.lk/en/api-documentation","","","","No","Yes","Unknown","88","A · 优先试用","后端代理","建议通过服务端适配器统一鉴权、缓存、限流和错误处理。","CORS 未知，需要浏览器实测"
"214541f0413c","COVID-ID","Indonesian government Covid data per province","https://data.covid19.go.id/public/api/prov.json","自然与生命","Health","疫情与公共卫生监测","upstream","public-apis/public-apis","https://data.covid19.go.id/public/api/prov.json","","","","No","Yes","Yes","100","A · 优先试用","浏览器直连候选","适合无密钥原型；生产使用前验证限流、许可和稳定性。","仍需验证额度、条款、延迟与数据质量"
"96b30b352d11","Cure Cancer With AI","Oncology research, clinical trials, FDA approvals, news, and MAMMAL predictions","https://www.curecancerwithai.com/developers","自然与生命","Health","临床试验检索","upstream","public-apis/public-apis","https://www.curecancerwithai.com/developers","","","","apiKey","Yes","No","75","B · 值得验证","后端代理","建议通过服务端适配器统一鉴权、缓存、限流和错误处理。","浏览器不可直连，应走服务端；密钥不得暴露在前端"
"1781b821b9a3","Dataflow Kit COVID-19","COVID-19 live statistics into sites per hour","https://covid-19.dataflowkit.com","自然与生命","Health","疫情与公共卫生监测","upstream","public-apis/public-apis","https://covid-19.dataflowkit.com","","","","No","Yes","Unknown","88","A · 优先试用","后端代理","建议通过服务端适配器统一鉴权、缓存、限流和错误处理。","CORS 未知，需要浏览器实测"
"81f1de0ff46f","Edamam","Food and nutrition data API with recipe search","https://developer.edamam.com/","自然与生命","Health","健康医疗综合能力","upstream","public-apis/public-apis","https://developer.edamam.com/","","","","apiKey","Yes","Unknown","83","B · 值得验证","后端代理","建议通过服务端适配器统一鉴权、缓存、限流和错误处理。","CORS 未知，需要浏览器实测；密钥不得暴露在前端"
"cdc804185c63","ERstat","Live Canadian emergency room closures and service disruptions, by province","https://erstat.ca/developers","自然与生命","Health","健康医疗综合能力","upstream","public-apis/public-apis","https://erstat.ca/developers","","","","apiKey","Yes","Yes","95","A · 优先试用","后端代理","建议通过服务端适配器统一鉴权、缓存、限流和错误处理。","密钥不得暴露在前端"
"26374cdea2d3","FoodData Central","National Nutrient Database for Standard Reference","https://fdc.nal.usda.gov/","自然与生命","Health","健康医疗综合能力","upstream","public-apis/public-apis","https://fdc.nal.usda.gov/","","","","apiKey","Yes","Unknown","83","B · 值得验证","后端代理","建议通过服务端适配器统一鉴权、缓存、限流和错误处理。","CORS 未知，需要浏览器实测；密钥不得暴露在前端"
"1562afdc35a6","Healthcare.gov","Educational content about the US Health Insurance Marketplace","https://www.healthcare.gov/developers/","自然与生命","Health","健康医疗综合能力","upstream","public-apis/public-apis","https://www.healthcare.gov/developers/","","","","No","Yes","Unknown","88","A · 优先试用","后端代理","建议通过服务端适配器统一鉴权、缓存、限流和错误处理。","CORS 未知，需要浏览器实测"
"006c1f592610","Humanitarian Data Exchange","Humanitarian Data Exchange (HDX) is open platform for sharing data across crises and organisations","https://data.humdata.org/","自然与生命","Health","健康医疗综合能力","upstream","public-apis/public-apis","https://data.humdata.org/","","","","No","Yes","Unknown","88","A · 优先试用","后端代理","建议通过服务端适配器统一鉴权、缓存、限流和错误处理。","CORS 未知，需要浏览器实测"
"04537c3ab2ae","Infermedica","NLP based symptom checker and patient triage API for health diagnosis from text","https://developer.infermedica.com/docs/","自然与生命","Health","疾病编码与医学术语","upstream","public-apis/public-apis","https://developer.infermedica.com/docs/","","","","apiKey","Yes","Yes","95","A · 优先试用","后端代理","建议通过服务端适配器统一鉴权、缓存、限流和错误处理。","密钥不得暴露在前端"
"cd60ba8900f1","LAPIS","SARS-CoV-2 genomic sequences from public sources","https://cov-spectrum.ethz.ch/public","自然与生命","Health","健康医疗综合能力","upstream","public-apis/public-apis","https://cov-spectrum.ethz.ch/public","","","","No","Yes","Yes","100","A · 优先试用","浏览器直连候选","适合无密钥原型；生产使用前验证限流、许可和稳定性。","仍需验证额度、条款、延迟与数据质量"
"46869169e724","Lexigram","NLP that extracts mentions of clinical concepts from text, gives access to clinical ontology","https://docs.lexigram.io/","自然与生命","Health","健康医疗综合能力","upstream","public-apis/public-apis","https://docs.lexigram.io/","","","","apiKey","Yes","Unknown","83","B · 值得验证","后端代理","建议通过服务端适配器统一鉴权、缓存、限流和错误处理。","CORS 未知，需要浏览器实测；密钥不得暴露在前端"
"0072fba67ddf","Longevity World Cup","Public biological age competition data with biomarkers and rankings","https://longevityworldcup.com/api/data/athletes","自然与生命","Health","健康医疗综合能力","upstream","public-apis/public-apis","https://longevityworldcup.com/api/data/athletes","","","","No","Yes","Yes","100","A · 优先试用","浏览器直连候选","适合无密钥原型；生产使用前验证限流、许可和稳定性。","仍需验证额度、条款、延迟与数据质量"
"cce92341e50a","Makeup","Makeup Information","http://makeup-api.herokuapp.com/","自然与生命","Health","健康医疗综合能力","upstream","public-apis/public-apis","http://makeup-api.herokuapp.com/","","","","No","No","Unknown","43","D · 建议替代","仅研究/寻找替代","先寻找 HTTPS 替代服务，不纳入默认生产候选。","未声明 HTTPS，不建议生产接入；CORS 未知，需要浏览器实测"
"f4590493e4c7","MedlinePlus Genetics","Genetic conditions, genes, chromosomes and mtDNA data","https://medlineplus.gov/about/developers/geneticsdatafilesapi/","自然与生命","Health","健康医疗综合能力","upstream","public-apis/public-apis","https://medlineplus.gov/about/developers/geneticsdatafilesapi/","","","","No","Yes","Unknown","88","A · 优先试用","后端代理","建议通过服务端适配器统一鉴权、缓存、限流和错误处理。","CORS 未知，需要浏览器实测"
"176d808186a9","MyVaccination","Vaccination data for Malaysia","https://documenter.getpostman.com/view/16605343/Tzm8GG7u","自然与生命","Health","健康医疗综合能力","upstream","public-apis/public-apis","https://documenter.getpostman.com/view/16605343/Tzm8GG7u","","","","No","Yes","Unknown","88","A · 优先试用","后端代理","建议通过服务端适配器统一鉴权、缓存、限流和错误处理。","CORS 未知，需要浏览器实测"
"f4282cfb8815","NPPES","National Plan & Provider Enumeration System, info on healthcare providers registered in US","https://npiregistry.cms.hhs.gov/registry/help-api","自然与生命","Health","医疗机构与服务提供者","upstream","public-apis/public-apis","https://npiregistry.cms.hhs.gov/registry/help-api","","","","No","Yes","Unknown","88","A · 优先试用","后端代理","建议通过服务端适配器统一鉴权、缓存、限流和错误处理。","CORS 未知，需要浏览器实测"
"552f46daad72","Nutritionix","Worlds largest verified nutrition database","https://developer.nutritionix.com/","自然与生命","Health","健康医疗综合能力","upstream","public-apis/public-apis","https://developer.nutritionix.com/","","","","apiKey","Yes","Unknown","83","B · 值得验证","后端代理","建议通过服务端适配器统一鉴权、缓存、限流和错误处理。","CORS 未知，需要浏览器实测；密钥不得暴露在前端"
"668d721a35d9","Open Data NHS Scotland","Medical reference data and statistics by Public Health Scotland","https://www.opendata.nhs.scot","自然与生命","Health","疫情与公共卫生监测","upstream","public-apis/public-apis","https://www.opendata.nhs.scot","","","","No","Yes","Unknown","88","A · 优先试用","后端代理","建议通过服务端适配器统一鉴权、缓存、限流和错误处理。","CORS 未知，需要浏览器实测"
"1d90d7511ef8","Open Disease","API for Current cases and more stuff about COVID-19 and Influenza","https://disease.sh/","自然与生命","Health","疫情与公共卫生监测","upstream","public-apis/public-apis","https://disease.sh/","","","","No","Yes","Yes","100","A · 优先试用","浏览器直连候选","适合无密钥原型；生产使用前验证限流、许可和稳定性。","仍需验证额度、条款、延迟与数据质量"
"7b49a83b3cce","openFDA","Public FDA data about drugs, devices and foods","https://open.fda.gov","自然与生命","Health","药物、处方与相互作用","upstream","public-apis/public-apis","https://open.fda.gov","","","","apiKey","Yes","Unknown","83","B · 值得验证","后端代理","建议通过服务端适配器统一鉴权、缓存、限流和错误处理。","CORS 未知，需要浏览器实测；密钥不得暴露在前端"
"19d125aa8021","Orion Health","Medical platform which allows the development of applications for different healthcare scenarios","https://developer.orionhealth.io/","自然与生命","Health","健康医疗综合能力","upstream","public-apis/public-apis","https://developer.orionhealth.io/","","","","OAuth","Yes","Unknown","80","B · 值得验证","OAuth 集成","适合用户授权型产品；优先评估回调、安全存储和撤销流程。","CORS 未知，需要浏览器实测；需要完整授权与令牌生命周期设计"
"2138551f20d1","Quarantine","Coronavirus API with free COVID-19 live updates","https://quarantine.country/coronavirus/api/","自然与生命","Health","疫情与公共卫生监测","upstream","public-apis/public-apis","https://quarantine.country/coronavirus/api/","","","","No","Yes","Yes","100","A · 优先试用","浏览器直连候选","适合无密钥原型；生产使用前验证限流、许可和稳定性。","仍需验证额度、条款、延迟与数据质量"
"1a3b4f290b27","AI Dev Jobs","AI/ML engineering job aggregator with REST, RSS, and MCP endpoints","https://aidevboard.com/openapi.yaml","生产力与职业","Jobs","技术与 AI 专项招聘；职位搜索与聚合","upstream","public-apis/public-apis","https://aidevboard.com/openapi.yaml","","","","No","Yes","Yes","100","A · 优先试用","浏览器直连候选","适合无密钥原型；生产使用前验证限流、许可和稳定性。","仍需验证额度、条款、延迟与数据质量"
"5bc1dc113941","Adzuna","Job board aggregator","https://developer.adzuna.com/overview","生产力与职业","Jobs","职位搜索与聚合","upstream","public-apis/public-apis","https://developer.adzuna.com/overview","","","","apiKey","Yes","Unknown","78","B · 值得验证","后端代理","建议通过服务端适配器统一鉴权、缓存、限流和错误处理。","CORS 未知，需要浏览器实测；密钥不得暴露在前端"
"3468032e3506","Arbeitnow","API for Job board aggregator in Europe / Remote","https://documenter.getpostman.com/view/18545278/UVJbJdKh","生产力与职业","Jobs","远程与全球职位；职位搜索与聚合","upstream","public-apis/public-apis","https://documenter.getpostman.com/view/18545278/UVJbJdKh","","","","No","Yes","Yes","100","A · 优先试用","浏览器直连候选","适合无密钥原型；生产使用前验证限流、许可和稳定性。","仍需验证额度、条款、延迟与数据质量"
"94eec24f019e","Arbeitsamt","API for the ""Arbeitsamt"", which is a german Job board aggregator","https://jobsuche.api.bund.dev/","生产力与职业","Jobs","职位搜索与聚合","upstream","public-apis/public-apis","https://jobsuche.api.bund.dev/","","","","OAuth","Yes","Unknown","80","B · 值得验证","OAuth 集成","适合用户授权型产品；优先评估回调、安全存储和撤销流程。","CORS 未知，需要浏览器实测；需要完整授权与令牌生命周期设计"
"067a6dd3de56","Artificial Intelligence Jobs","Live AI/ML job listings from 260+ companies' own career pages, with salary, location, remote and seniority filters","https://artificialintelligencejobs.co/developers","生产力与职业","Jobs","公司官网职位监测；技术与 AI 专项招聘；薪资与劳动力市场","upstream","public-apis/public-apis","https://artificialintelligencejobs.co/developers","","","","No","Yes","Yes","100","A · 优先试用","浏览器直连候选","适合无密钥原型；生产使用前验证限流、许可和稳定性。","仍需验证额度、条款、延迟与数据质量"
"aee9cc88e939","Careerjet","Job search engine","https://www.careerjet.com/partners/api/","生产力与职业","Jobs","职位搜索与聚合","upstream","public-apis/public-apis","https://www.careerjet.com/partners/api/","","","","apiKey","No","Unknown","48","D · 建议替代","仅研究/寻找替代","先寻找 HTTPS 替代服务，不纳入默认生产候选。","未声明 HTTPS，不建议生产接入；CORS 未知，需要浏览器实测；密钥不得暴露在前端"
"a0c93b673b0a","DevITjobs UK","Jobs with GraphQL","https://devitjobs.uk/job_feed.xml","生产力与职业","Jobs","招聘求职综合能力","upstream","public-apis/public-apis","https://devitjobs.uk/job_feed.xml","","","","No","Yes","Yes","95","A · 优先试用","浏览器直连候选","适合无密钥原型；生产使用前验证限流、许可和稳定性。","仍需验证额度、条款、延迟与数据质量"
"eedacf8b1e35","Findwork","Job board","https://findwork.dev/developers/","生产力与职业","Jobs","职位搜索与聚合","upstream","public-apis/public-apis","https://findwork.dev/developers/","","","","apiKey","Yes","Unknown","73","B · 值得验证","后端代理","建议通过服务端适配器统一鉴权、缓存、限流和错误处理。","CORS 未知，需要浏览器实测；密钥不得暴露在前端"
"bcd2f13a6d81","freehire","Open-source search engine aggregating tech jobs from company ATS boards","https://freehire.dev/docs/api","生产力与职业","Jobs","技术与 AI 专项招聘","upstream","public-apis/public-apis","https://freehire.dev/docs/api","","","","No","Yes","No","80","B · 值得验证","后端代理","建议通过服务端适配器统一鉴权、缓存、限流和错误处理。","浏览器不可直连，应走服务端"
"2500cc8993d5","GraphQL Jobs","Jobs with GraphQL","https://graphql.jobs/docs/api/","生产力与职业","Jobs","招聘求职综合能力","upstream","public-apis/public-apis","https://graphql.jobs/docs/api/","","","","No","Yes","Yes","95","A · 优先试用","浏览器直连候选","适合无密钥原型；生产使用前验证限流、许可和稳定性。","仍需验证额度、条款、延迟与数据质量"
"7a0b3ca6b17d","HeroHunt People Search","Search 1 billion people profiles across LinkedIn and GitHub for talent sourcing","https://www.herohunt.ai/people-search-api","生产力与职业","Jobs","招聘求职综合能力","upstream","public-apis/public-apis","https://www.herohunt.ai/people-search-api","","","","apiKey","Yes","Yes","95","A · 优先试用","后端代理","建议通过服务端适配器统一鉴权、缓存、限流和错误处理。","密钥不得暴露在前端"
"4e210cb737b7","Jobs2Careers","Job aggregator","http://api.jobs2careers.com/api/spec.pdf","生产力与职业","Jobs","职位搜索与聚合","upstream","public-apis/public-apis","http://api.jobs2careers.com/api/spec.pdf","","","","apiKey","Yes","Unknown","68","C · 谨慎接入","后端代理","建议通过服务端适配器统一鉴权、缓存、限流和错误处理。","CORS 未知，需要浏览器实测；密钥不得暴露在前端"
"18c2d3c7e50d","Jooble","Job search engine","https://jooble.org/api/about","生产力与职业","Jobs","职位搜索与聚合","upstream","public-apis/public-apis","https://jooble.org/api/about","","","","apiKey","Yes","Unknown","78","B · 值得验证","后端代理","建议通过服务端适配器统一鉴权、缓存、限流和错误处理。","CORS 未知，需要浏览器实测；密钥不得暴露在前端"
"f3a93f73b190","Juju","Job search engine","http://www.juju.com/publisher/spec/","生产力与职业","Jobs","职位搜索与聚合","upstream","public-apis/public-apis","http://www.juju.com/publisher/spec/","","","","apiKey","No","Unknown","38","D · 建议替代","仅研究/寻找替代","先寻找 HTTPS 替代服务，不纳入默认生产候选。","未声明 HTTPS，不建议生产接入；CORS 未知，需要浏览器实测；密钥不得暴露在前端"
"ec5fb937acf0","JobDataLake","1M+ enriched job listings from 20,000+ companies with salary, skills, seniority","https://www.jobdatalake.com/docs","生产力与职业","Jobs","公司官网职位监测；薪资与劳动力市场","upstream","public-apis/public-apis","https://www.jobdatalake.com/docs","","","","apiKey","Yes","Yes","95","A · 优先试用","后端代理","建议通过服务端适配器统一鉴权、缓存、限流和错误处理。","密钥不得暴露在前端"
"04020a26402d","Open Skills","Job titles, skills and related jobs data","https://github.com/workforce-data-initiative/skills-api/wiki/API-Overview","生产力与职业","Jobs","招聘求职综合能力","upstream","public-apis/public-apis","https://github.com/workforce-data-initiative/skills-api/wiki/API-Overview","","","","No","No","Unknown","58","C · 谨慎接入","仅研究/寻找替代","先寻找 HTTPS 替代服务，不纳入默认生产候选。","未声明 HTTPS，不建议生产接入；CORS 未知，需要浏览器实测"
"6294a0fb6135","Reed","Job board aggregator","https://www.reed.co.uk/developers","生产力与职业","Jobs","职位搜索与聚合","upstream","public-apis/public-apis","https://www.reed.co.uk/developers","","","","apiKey","Yes","Unknown","78","B · 值得验证","后端代理","建议通过服务端适配器统一鉴权、缓存、限流和错误处理。","CORS 未知，需要浏览器实测；密钥不得暴露在前端"
"d7d539b4c2cf","TechRole Index","Russian IT profession, vacancy publication and salary aggregates","https://techrole.ru/open-data-daily","生产力与职业","Jobs","薪资与劳动力市场","upstream","public-apis/public-apis","https://techrole.ru/open-data-daily","","","","No","Yes","Yes","100","A · 优先试用","浏览器直连候选","适合无密钥原型；生产使用前验证限流、许可和稳定性。","仍需验证额度、条款、延迟与数据质量"
"01c43e454505","The Muse","Job board and company profiles","https://www.themuse.com/developers/api/v2","生产力与职业","Jobs","职位搜索与聚合","upstream","public-apis/public-apis","https://www.themuse.com/developers/api/v2","","","","apiKey","Yes","Unknown","83","B · 值得验证","后端代理","建议通过服务端适配器统一鉴权、缓存、限流和错误处理。","CORS 未知，需要浏览器实测；密钥不得暴露在前端"
"d9ea1d2ba09e","Upwork","Freelance job board and management system","https://developers.upwork.com/","生产力与职业","Jobs","职位搜索与聚合","upstream","public-apis/public-apis","https://developers.upwork.com/","","","","OAuth","Yes","Unknown","80","B · 值得验证","OAuth 集成","适合用户授权型产品；优先评估回调、安全存储和撤销流程。","CORS 未知，需要浏览器实测；需要完整授权与令牌生命周期设计"
"6771bf992d22","USAJOBS","US government job board","https://developer.usajobs.gov/","生产力与职业","Jobs","职位搜索与聚合","upstream","public-apis/public-apis","https://developer.usajobs.gov/","","","","apiKey","Yes","Unknown","78","B · 值得验证","后端代理","建议通过服务端适配器统一鉴权、缓存、限流和错误处理。","CORS 未知，需要浏览器实测；密钥不得暴露在前端"
"15b8b2a9e42c","WhatJobs","Job search engine","https://www.whatjobs.com/affiliates","生产力与职业","Jobs","职位搜索与聚合","upstream","public-apis/public-apis","https://www.whatjobs.com/affiliates","","","","apiKey","Yes","Unknown","78","B · 值得验证","后端代理","建议通过服务端适配器统一鉴权、缓存、限流和错误处理。","CORS 未知，需要浏览器实测；密钥不得暴露在前端"
"88c377cbc604","ZipRecruiter","Job search app and website","https://www.ziprecruiter.com/publishers","生产力与职业","Jobs","职位搜索与聚合","upstream","public-apis/public-apis","https://www.ziprecruiter.com/publishers","","","","apiKey","Yes","Unknown","83","B · 值得验证","后端代理","建议通过服务端适配器统一鉴权、缓存、限流和错误处理。","CORS 未知，需要浏览器实测；密钥不得暴露在前端"
"c17914d35b21","AI Economics Tools","Token cost, LLM energy, agent-hour and Proof-Adjusted Autonomy calculators by Michał Piszczek","https://piszczek.pl/tools/api","AI 与自动化","Machine Learning","模型托管、推理与成本工具；大语言模型与文本生成","upstream","public-apis/public-apis","https://piszczek.pl/tools/api","","","","No","Yes","Yes","100","A · 优先试用","浏览器直连候选","适合无密钥原型；生产使用前验证限流、许可和稳定性。","仍需验证额度、条款、延迟与数据质量"
"73539310731a","AI For Thai","Free Various Thai AI API","https://aiforthai.in.th/index.php","AI 与自动化","Machine Learning","机器学习与 AI综合能力","upstream","public-apis/public-apis","https://aiforthai.in.th/index.php","","","","apiKey","Yes","Yes","95","A · 优先试用","后端代理","建议通过服务端适配器统一鉴权、缓存、限流和错误处理。","密钥不得暴露在前端"
"2be442379080","BRAINIALL","PT-BR and Spanish audio transcription with diarization and SRT/VTT","https://github.com/fasuizu-br/brainiall-transcription-skill","AI 与自动化","Machine Learning","语音识别与转写","upstream","public-apis/public-apis","https://github.com/fasuizu-br/brainiall-transcription-skill","","","","apiKey","Yes","Yes","95","A · 优先试用","后端代理","建议通过服务端适配器统一鉴权、缓存、限流和错误处理。","密钥不得暴露在前端"
"a17c9937c5fd","Clarifai","Computer Vision","https://docs.clarifai.com/api-guide/api-overview","AI 与自动化","Machine Learning","图像识别与计算机视觉","upstream","public-apis/public-apis","https://docs.clarifai.com/api-guide/api-overview","","","","OAuth","Yes","Unknown","75","B · 值得验证","OAuth 集成","适合用户授权型产品；优先评估回调、安全存储和撤销流程。","CORS 未知，需要浏览器实测；需要完整授权与令牌生命周期设计"
"576f560d8948","Cloudmersive","Image captioning, face recognition, NSFW classification","https://www.cloudmersive.com/image-recognition-and-processing-api","AI 与自动化","Machine Learning","图像识别与计算机视觉；AI 内容审核；人脸检测与识别","upstream","public-apis/public-apis","https://www.cloudmersive.com/image-recognition-and-processing-api","","","","apiKey","Yes","Yes","95","A · 优先试用","后端代理","建议通过服务端适配器统一鉴权、缓存、限流和错误处理。","密钥不得暴露在前端"
"a0fe9705e504","DeepAI","Provides AI-powered APIs for text generation, image processing, and more","https://deepai.org/","AI 与自动化","Machine Learning","AI 图像生成与处理；大语言模型与文本生成","upstream","public-apis/public-apis","https://deepai.org/","","","","apiKey","Yes","Yes","95","A · 优先试用","后端代理","建议通过服务端适配器统一鉴权、缓存、限流和错误处理。","密钥不得暴露在前端"
"e0aabcdc3521","Deepcode","AI for code review","https://www.deepcode.ai","AI 与自动化","Machine Learning","机器学习与 AI综合能力","upstream","public-apis/public-apis","https://www.deepcode.ai","","","","No","Yes","Unknown","83","B · 值得验证","后端代理","建议通过服务端适配器统一鉴权、缓存、限流和错误处理。","CORS 未知，需要浏览器实测"
"724e644c2161","Dialogflow","Natural Language Processing","https://cloud.google.com/dialogflow/docs/","AI 与自动化","Machine Learning","翻译与自然语言处理","upstream","public-apis/public-apis","https://cloud.google.com/dialogflow/docs/","","","","apiKey","Yes","Unknown","83","B · 值得验证","后端代理","建议通过服务端适配器统一鉴权、缓存、限流和错误处理。","CORS 未知，需要浏览器实测；密钥不得暴露在前端"
"2b08e945e2bb","DreamThreads","Parse dreams into structured entities, emotions, agency, threat, and outcomes","https://mydreamthreads.xyz/dream-interpretation-api","AI 与自动化","Machine Learning","机器学习与 AI综合能力","upstream","public-apis/public-apis","https://mydreamthreads.xyz/dream-interpretation-api","","","","No","Yes","Yes","100","A · 优先试用","浏览器直连候选","适合无密钥原型；生产使用前验证限流、许可和稳定性。","仍需验证额度、条款、延迟与数据质量"
"39d14f320b07","EXUDE-API","Used for the primary ways for filtering the stopping, stemming words from the text data","http://uttesh.com/exude-api/","AI 与自动化","Machine Learning","机器学习与 AI综合能力","upstream","public-apis/public-apis","http://uttesh.com/exude-api/","","","","No","Yes","Yes","90","A · 优先试用","浏览器直连候选","适合无密钥原型；生产使用前验证限流、许可和稳定性。","仍需验证额度、条款、延迟与数据质量"
"5f7536e4911d","GoldBean","OCR, Translation, NLP & ERNIE LLM via Baidu AI (free tier available)","https://goldbean-api.xyz/docs","AI 与自动化","Machine Learning","翻译与自然语言处理；大语言模型与文本生成","upstream","public-apis/public-apis","https://goldbean-api.xyz/docs","","","","apiKey","Yes","Unknown","83","B · 值得验证","后端代理","建议通过服务端适配器统一鉴权、缓存、限流和错误处理。","CORS 未知，需要浏览器实测；密钥不得暴露在前端"
"ca2d2b78015d","Google Gemini","Multimodal generative AI for text, vision, and code generation","https://ai.google.dev/gemini-api/docs","AI 与自动化","Machine Learning","机器学习与 AI综合能力","upstream","public-apis/public-apis","https://ai.google.dev/gemini-api/docs","","","","apiKey","Yes","Unknown","83","B · 值得验证","后端代理","建议通过服务端适配器统一鉴权、缓存、限流和错误处理。","CORS 未知，需要浏览器实测；密钥不得暴露在前端"
"957b5bce458b","Groq","Fast AI inference API with free tier, supports Llama, Mixtral, Gemma models","https://console.groq.com/docs/quickstart","AI 与自动化","Machine Learning","模型托管、推理与成本工具","upstream","public-apis/public-apis","https://console.groq.com/docs/quickstart","","","","apiKey","Yes","Yes","95","A · 优先试用","后端代理","建议通过服务端适配器统一鉴权、缓存、限流和错误处理。","密钥不得暴露在前端"
"1740ff6eac4a","Hirak FaceAPI","Face detection, face recognition with age estimation/gender estimation, accurate, no quota limits","https://faceapi.hirak.site/","AI 与自动化","Machine Learning","人脸检测与识别","upstream","public-apis/public-apis","https://faceapi.hirak.site/","","","","apiKey","Yes","Unknown","83","B · 值得验证","后端代理","建议通过服务端适配器统一鉴权、缓存、限流和错误处理。","CORS 未知，需要浏览器实测；密钥不得暴露在前端"
"bf750431f427","Hugging Face","AI model hub with inference API for NLP, computer vision, and audio","https://huggingface.co","AI 与自动化","Machine Learning","翻译与自然语言处理；模型托管、推理与成本工具；图像识别与计算机视觉","upstream","public-apis/public-apis","https://huggingface.co","","","","apiKey","Yes","Yes","95","A · 优先试用","后端代理","建议通过服务端适配器统一鉴权、缓存、限流和错误处理。","密钥不得暴露在前端"
"00401703c179","Imagga","Image Recognition Solutions like Tagging, Visual Search, NSFW moderation","https://imagga.com/","AI 与自动化","Machine Learning","AI 内容审核；图像识别与计算机视觉","upstream","public-apis/public-apis","https://imagga.com/","","","","apiKey","Yes","Unknown","83","B · 值得验证","后端代理","建议通过服务端适配器统一鉴权、缓存、限流和错误处理。","CORS 未知，需要浏览器实测；密钥不得暴露在前端"
"3833b679ab6e","Inferdo","Computer Vision services like Facial detection, Image labeling, NSFW classification","https://rapidapi.com/user/inferdo","AI 与自动化","Machine Learning","图像识别与计算机视觉；AI 内容审核；人脸检测与识别","upstream","public-apis/public-apis","https://rapidapi.com/user/inferdo","","","","apiKey","Yes","Unknown","83","B · 值得验证","后端代理","建议通过服务端适配器统一鉴权、缓存、限流和错误处理。","CORS 未知，需要浏览器实测；密钥不得暴露在前端"
"61ac711759a7","IPS Online","Face and License Plate Anonymization","https://docs.identity.ps/docs","AI 与自动化","Machine Learning","机器学习与 AI综合能力","upstream","public-apis/public-apis","https://docs.identity.ps/docs","","","","apiKey","Yes","Unknown","83","B · 值得验证","后端代理","建议通过服务端适配器统一鉴权、缓存、限流和错误处理。","CORS 未知，需要浏览器实测；密钥不得暴露在前端"
"5a642b77c456","Irisnet","Realtime content moderation API that blocks or blurs unwanted images in real-time","https://irisnet.de/api/","AI 与自动化","Machine Learning","AI 内容审核","upstream","public-apis/public-apis","https://irisnet.de/api/","","","","apiKey","Yes","Yes","95","A · 优先试用","后端代理","建议通过服务端适配器统一鉴权、缓存、限流和错误处理。","密钥不得暴露在前端"
"cef656fb1413","Jina AI","Free AI API for embeddings, reranking, and text processing","https://jina.ai","AI 与自动化","Machine Learning","机器学习与 AI综合能力","upstream","public-apis/public-apis","https://jina.ai","","","","apiKey","Yes","Yes","95","A · 优先试用","后端代理","建议通过服务端适配器统一鉴权、缓存、限流和错误处理。","密钥不得暴露在前端"
"54ff35bb6ea3","Keen IO","Data Analytics","https://keen.io/","AI 与自动化","Machine Learning","机器学习与 AI综合能力","upstream","public-apis/public-apis","https://keen.io/","","","","apiKey","Yes","Unknown","78","B · 值得验证","后端代理","建议通过服务端适配器统一鉴权、缓存、限流和错误处理。","CORS 未知，需要浏览器实测；密钥不得暴露在前端"
"3c4df33aa496","Machinetutors","AI Solutions: Video/Image Classification & Tagging, NSFW, Icon/Image/Audio Search, NLP","https://www.machinetutors.com/portfolio/MT_api.html","AI 与自动化","Machine Learning","图像识别与计算机视觉；AI 内容审核；翻译与自然语言处理","upstream","public-apis/public-apis","https://www.machinetutors.com/portfolio/MT_api.html","","","","apiKey","Yes","Yes","95","A · 优先试用","后端代理","建议通过服务端适配器统一鉴权、缓存、限流和错误处理。","密钥不得暴露在前端"
"1235f0ac615b","MediaCraft AI","Chinese content compliance review (17 platforms), EN↔CN translation, and SEO optimization. Pay-per-call via x402 (Solana USDC).","https://mediacraft-x402-api.onrender.com","AI 与自动化","Machine Learning","翻译与自然语言处理","upstream","public-apis/public-apis","https://mediacraft-x402-api.onrender.com","","","","apiKey","Yes","Yes","95","A · 优先试用","后端代理","建议通过服务端适配器统一鉴权、缓存、限流和错误处理。","密钥不得暴露在前端"
"8cfbd60fcf1b","MessengerX.io","A FREE API for developers to build and monetize personalized ML based chat apps","https://messengerx.rtfd.io","AI 与自动化","Machine Learning","大语言模型与文本生成","upstream","public-apis/public-apis","https://messengerx.rtfd.io","","","","apiKey","Yes","Yes","95","A · 优先试用","后端代理","建议通过服务端适配器统一鉴权、缓存、限流和错误处理。","密钥不得暴露在前端"
"8890e6ef8d13","NLP Cloud","NLP API using spaCy and transformers for NER, sentiments, classification, summarization, and more","https://nlpcloud.io","AI 与自动化","Machine Learning","翻译与自然语言处理；AI 内容审核","upstream","public-apis/public-apis","https://nlpcloud.io","","","","apiKey","Yes","Unknown","83","B · 值得验证","后端代理","建议通过服务端适配器统一鉴权、缓存、限流和错误处理。","CORS 未知，需要浏览器实测；密钥不得暴露在前端"
"1e8e241ac70a","Not Human Search","AI tool discovery with agentic scoring for 8,600+ tools and MCP servers","https://nothumansearch.ai/openapi.yaml","AI 与自动化","Machine Learning","机器学习与 AI综合能力","upstream","public-apis/public-apis","https://nothumansearch.ai/openapi.yaml","","","","No","Yes","Yes","100","A · 优先试用","浏览器直连候选","适合无密钥原型；生产使用前验证限流、许可和稳定性。","仍需验证额度、条款、延迟与数据质量"
"3d68fa612be1","OpenVisionAPI","Open source computer vision API based on open source models","https://openvisionapi.com","AI 与自动化","Machine Learning","图像识别与计算机视觉","upstream","public-apis/public-apis","https://openvisionapi.com","","","","No","Yes","Yes","100","A · 优先试用","浏览器直连候选","适合无密钥原型；生产使用前验证限流、许可和稳定性。","仍需验证额度、条款、延迟与数据质量"
"718eaef6d9bb","Perspective","NLP API to return probability that if text is toxic, obscene, insulting or threatening","https://perspectiveapi.com","AI 与自动化","Machine Learning","翻译与自然语言处理；AI 内容审核","upstream","public-apis/public-apis","https://perspectiveapi.com","","","","apiKey","Yes","Unknown","83","B · 值得验证","后端代理","建议通过服务端适配器统一鉴权、缓存、限流和错误处理。","CORS 未知，需要浏览器实测；密钥不得暴露在前端"
"56416b9f0d65","Roboflow Universe","Pre-trained computer vision models","https://universe.roboflow.com","AI 与自动化","Machine Learning","图像识别与计算机视觉","upstream","public-apis/public-apis","https://universe.roboflow.com","","","","apiKey","Yes","Yes","95","A · 优先试用","后端代理","建议通过服务端适配器统一鉴权、缓存、限流和错误处理。","密钥不得暴露在前端"
"e79c4de18e46","SkyBiometry","Face Detection, Face Recognition and Face Grouping","https://skybiometry.com/documentation/","AI 与自动化","Machine Learning","人脸检测与识别","upstream","public-apis/public-apis","https://skybiometry.com/documentation/","","","","apiKey","Yes","Unknown","83","B · 值得验证","后端代理","建议通过服务端适配器统一鉴权、缓存、限流和错误处理。","CORS 未知，需要浏览器实测；密钥不得暴露在前端"
"76c610a1c0ad","Statlyte","Live pricing, context windows and model ids for major LLM APIs","https://statlyte.com/api","AI 与自动化","Machine Learning","大语言模型与文本生成","upstream","public-apis/public-apis","https://statlyte.com/api","","","","No","Yes","Yes","100","A · 优先试用","浏览器直连候选","适合无密钥原型；生产使用前验证限流、许可和稳定性。","仍需验证额度、条款、延迟与数据质量"
"3fa1ed67fa79","TensorFeed","Real-time AI news, model pricing, service status, and agent activity feeds","https://tensorfeed.ai/developers","AI 与自动化","Machine Learning","机器学习与 AI综合能力","upstream","public-apis/public-apis","https://tensorfeed.ai/developers","","","","No","Yes","Yes","100","A · 优先试用","浏览器直连候选","适合无密钥原型；生产使用前验证限流、许可和稳定性。","仍需验证额度、条款、延迟与数据质量"
"9a263e7abadb","Time Door","A time series analysis API","https://timedoor.io","AI 与自动化","Machine Learning","机器学习与 AI综合能力","upstream","public-apis/public-apis","https://timedoor.io","","","","apiKey","Yes","Yes","95","A · 优先试用","后端代理","建议通过服务端适配器统一鉴权、缓存、限流和错误处理。","密钥不得暴露在前端"
"8e7780542825","Unplugg","Forecasting API for timeseries data","https://unplu.gg/test_api.html","AI 与自动化","Machine Learning","机器学习与 AI综合能力","upstream","public-apis/public-apis","https://unplu.gg/test_api.html","","","","apiKey","Yes","Unknown","83","B · 值得验证","后端代理","建议通过服务端适配器统一鉴权、缓存、限流和错误处理。","CORS 未知，需要浏览器实测；密钥不得暴露在前端"
"c29124bab160","WolframAlpha","Provides specific answers to questions using data and algorithms","https://products.wolframalpha.com/api/","AI 与自动化","Machine Learning","机器学习与 AI综合能力","upstream","public-apis/public-apis","https://products.wolframalpha.com/api/","","","","apiKey","Yes","Unknown","83","B · 值得验证","后端代理","建议通过服务端适配器统一鉴权、缓存、限流和错误处理。","CORS 未知，需要浏览器实测；密钥不得暴露在前端"
"c34cf02210db","7digital","Api of Music store 7digital","https://docs.7digital.com/reference","文化与媒体","Music","歌曲、艺人与专辑资料","upstream","public-apis/public-apis","https://docs.7digital.com/reference","","","","OAuth","Yes","Unknown","80","B · 值得验证","OAuth 集成","适合用户授权型产品；优先评估回调、安全存储和撤销流程。","CORS 未知，需要浏览器实测；需要完整授权与令牌生命周期设计"
"60205840fbb6","AI Mastering","Automated Music Mastering","https://aimastering.com/api_docs/","文化与媒体","Music","歌曲、艺人与专辑资料；音频特征与音乐识别","upstream","public-apis/public-apis","https://aimastering.com/api_docs/","","","","apiKey","Yes","Yes","95","A · 优先试用","后端代理","建议通过服务端适配器统一鉴权、缓存、限流和错误处理。","密钥不得暴露在前端"
"4da4cf64da2b","Audiomack","Api of the streaming music hub Audiomack","https://www.audiomack.com/data-api/docs","文化与媒体","Music","音乐播放与流媒体；歌曲、艺人与专辑资料","upstream","public-apis/public-apis","https://www.audiomack.com/data-api/docs","","","","OAuth","Yes","Unknown","80","B · 值得验证","OAuth 集成","适合用户授权型产品；优先评估回调、安全存储和撤销流程。","CORS 未知，需要浏览器实测；需要完整授权与令牌生命周期设计"
"67206e07fb53","Bandcamp","API of Music store Bandcamp","https://bandcamp.com/developer","文化与媒体","Music","歌曲、艺人与专辑资料","upstream","public-apis/public-apis","https://bandcamp.com/developer","","","","OAuth","Yes","Unknown","80","B · 值得验证","OAuth 集成","适合用户授权型产品；优先评估回调、安全存储和撤销流程。","CORS 未知，需要浏览器实测；需要完整授权与令牌生命周期设计"
"db6142da7be2","Bandsintown","Music Events","https://app.swaggerhub.com/apis/Bandsintown/PublicAPI/3.0.0","文化与媒体","Music","演唱会与音乐活动；歌曲、艺人与专辑资料","upstream","public-apis/public-apis","https://app.swaggerhub.com/apis/Bandsintown/PublicAPI/3.0.0","","","","No","Yes","Unknown","83","B · 值得验证","后端代理","建议通过服务端适配器统一鉴权、缓存、限流和错误处理。","CORS 未知，需要浏览器实测"
"91ca62bce928","Deezer","Music","https://developers.deezer.com/api","文化与媒体","Music","歌曲、艺人与专辑资料；音乐播放与流媒体","upstream","public-apis/public-apis","https://developers.deezer.com/api","","","","OAuth","Yes","Unknown","70","B · 值得验证","OAuth 集成","适合用户授权型产品；优先评估回调、安全存储和撤销流程。","CORS 未知，需要浏览器实测；需要完整授权与令牌生命周期设计"
"ce0a3d6dfa38","Discogs","Music","https://www.discogs.com/developers/","文化与媒体","Music","歌曲、艺人与专辑资料","upstream","public-apis/public-apis","https://www.discogs.com/developers/","","","","OAuth","Yes","Unknown","70","B · 值得验证","OAuth 集成","适合用户授权型产品；优先评估回调、安全存储和撤销流程。","CORS 未知，需要浏览器实测；需要完整授权与令牌生命周期设计"
"a85395b7a70d","Freesound","Music Samples","https://freesound.org/docs/api/","文化与媒体","Music","歌曲、艺人与专辑资料","upstream","public-apis/public-apis","https://freesound.org/docs/api/","","","","apiKey","Yes","Unknown","78","B · 值得验证","后端代理","建议通过服务端适配器统一鉴权、缓存、限流和错误处理。","CORS 未知，需要浏览器实测；密钥不得暴露在前端"
"34c7d881247b","Gaana","API to retrieve song information from Gaana","https://github.com/cyberboysumanjay/GaanaAPI","文化与媒体","Music","音乐综合能力","upstream","public-apis/public-apis","https://github.com/cyberboysumanjay/GaanaAPI","","","","No","Yes","Unknown","88","A · 优先试用","后端代理","建议通过服务端适配器统一鉴权、缓存、限流和错误处理。","CORS 未知，需要浏览器实测"
"2a4b2bfe5ed0","Genius","Crowdsourced lyrics and music knowledge","https://docs.genius.com/","文化与媒体","Music","歌词与歌曲文本；歌曲、艺人与专辑资料","upstream","public-apis/public-apis","https://docs.genius.com/","","","","OAuth","Yes","Unknown","80","B · 值得验证","OAuth 集成","适合用户授权型产品；优先评估回调、安全存储和撤销流程。","CORS 未知，需要浏览器实测；需要完整授权与令牌生命周期设计"
"14abf00d0033","Genrenator","Music genre generator","https://binaryjazz.us/genrenator-api/","文化与媒体","Music","歌曲、艺人与专辑资料","upstream","public-apis/public-apis","https://binaryjazz.us/genrenator-api/","","","","No","Yes","Unknown","83","B · 值得验证","后端代理","建议通过服务端适配器统一鉴权、缓存、限流和错误处理。","CORS 未知，需要浏览器实测"
"351a679fe6ad","iTunes Search","Software products","https://affiliate.itunes.apple.com/resources/documentation/itunes-store-web-service-search-api/","文化与媒体","Music","音乐综合能力","upstream","public-apis/public-apis","https://affiliate.itunes.apple.com/resources/documentation/itunes-store-web-service-search-api/","","","","No","Yes","Unknown","83","B · 值得验证","后端代理","建议通过服务端适配器统一鉴权、缓存、限流和错误处理。","CORS 未知，需要浏览器实测"
"0f36532a14a3","Jamendo","Music","https://developer.jamendo.com/v3.0/docs","文化与媒体","Music","歌曲、艺人与专辑资料","upstream","public-apis/public-apis","https://developer.jamendo.com/v3.0/docs","","","","OAuth","Yes","Unknown","70","B · 值得验证","OAuth 集成","适合用户授权型产品；优先评估回调、安全存储和撤销流程。","CORS 未知，需要浏览器实测；需要完整授权与令牌生命周期设计"
"695a01abaeee","JioSaavn","API to retrieve song information, album meta data and many more from JioSaavn","https://github.com/cyberboysumanjay/JioSaavnAPI","文化与媒体","Music","歌曲、艺人与专辑资料","upstream","public-apis/public-apis","https://github.com/cyberboysumanjay/JioSaavnAPI","","","","No","Yes","Unknown","88","A · 优先试用","后端代理","建议通过服务端适配器统一鉴权、缓存、限流和错误处理。","CORS 未知，需要浏览器实测"
"08c1abe87e80","KKBOX","Get music libraries, playlists, charts, and perform out of KKBOX's platform","https://developer.kkbox.com","文化与媒体","Music","歌单与音乐推荐；歌曲、艺人与专辑资料","upstream","public-apis/public-apis","https://developer.kkbox.com","","","","OAuth","Yes","Unknown","80","B · 值得验证","OAuth 集成","适合用户授权型产品；优先评估回调、安全存储和撤销流程。","CORS 未知，需要浏览器实测；需要完整授权与令牌生命周期设计"
"af10b595b17c","KSoft.Si Lyrics","API to get lyrics for songs","https://docs.ksoft.si/api/lyrics-api","文化与媒体","Music","歌词与歌曲文本","upstream","public-apis/public-apis","https://docs.ksoft.si/api/lyrics-api","","","","apiKey","Yes","Unknown","83","B · 值得验证","后端代理","建议通过服务端适配器统一鉴权、缓存、限流和错误处理。","CORS 未知，需要浏览器实测；密钥不得暴露在前端"
"1d50c9189214","LastFm","Music","https://www.last.fm/api","文化与媒体","Music","歌曲、艺人与专辑资料","upstream","public-apis/public-apis","https://www.last.fm/api","","","","apiKey","Yes","Unknown","73","B · 值得验证","后端代理","建议通过服务端适配器统一鉴权、缓存、限流和错误处理。","CORS 未知，需要浏览器实测；密钥不得暴露在前端"
"79bc6bfab1cf","Lyrics.ovh","Simple API to retrieve the lyrics of a song","https://lyricsovh.docs.apiary.io","文化与媒体","Music","歌词与歌曲文本","upstream","public-apis/public-apis","https://lyricsovh.docs.apiary.io","","","","No","Yes","Unknown","88","A · 优先试用","后端代理","建议通过服务端适配器统一鉴权、缓存、限流和错误处理。","CORS 未知，需要浏览器实测"
"e4cb5275be7b","Mixcloud","Music","https://www.mixcloud.com/developers/","文化与媒体","Music","歌曲、艺人与专辑资料","upstream","public-apis/public-apis","https://www.mixcloud.com/developers/","","","","OAuth","Yes","Yes","82","B · 值得验证","OAuth 集成","适合用户授权型产品；优先评估回调、安全存储和撤销流程。","需要完整授权与令牌生命周期设计"
"ac297a7625f1","MusicBrainz","Music","https://musicbrainz.org/doc/Development/XML_Web_Service/Version_2","文化与媒体","Music","歌曲、艺人与专辑资料","upstream","public-apis/public-apis","https://musicbrainz.org/doc/Development/XML_Web_Service/Version_2","","","","No","Yes","Unknown","78","B · 值得验证","后端代理","建议通过服务端适配器统一鉴权、缓存、限流和错误处理。","CORS 未知，需要浏览器实测"
"83181e72da8e","Musixmatch","Music","https://developer.musixmatch.com/","文化与媒体","Music","歌曲、艺人与专辑资料","upstream","public-apis/public-apis","https://developer.musixmatch.com/","","","","apiKey","Yes","Unknown","73","B · 值得验证","后端代理","建议通过服务端适配器统一鉴权、缓存、限流和错误处理。","CORS 未知，需要浏览器实测；密钥不得暴露在前端"
"b7214a104d48","Napster","Music","https://developer.napster.com/api/v2.2","文化与媒体","Music","歌曲、艺人与专辑资料","upstream","public-apis/public-apis","https://developer.napster.com/api/v2.2","","","","apiKey","Yes","Yes","85","A · 优先试用","后端代理","建议通过服务端适配器统一鉴权、缓存、限流和错误处理。","密钥不得暴露在前端"
"de08c3b98c72","Openwhyd","Download curated playlists of streaming tracks (YouTube, SoundCloud, etc...)","https://openwhyd.github.io/openwhyd/API","文化与媒体","Music","歌单与音乐推荐；歌曲、艺人与专辑资料；音乐播放与流媒体","upstream","public-apis/public-apis","https://openwhyd.github.io/openwhyd/API","","","","No","Yes","No","80","B · 值得验证","后端代理","建议通过服务端适配器统一鉴权、缓存、限流和错误处理。","浏览器不可直连，应走服务端"
"3df52b2061de","Phishin","A web-based archive of legal live audio recordings of the improvisational rock band Phish","https://phish.in/api-docs","文化与媒体","Music","音乐综合能力","upstream","public-apis/public-apis","https://phish.in/api-docs","","","","apiKey","Yes","No","75","B · 值得验证","后端代理","建议通过服务端适配器统一鉴权、缓存、限流和错误处理。","浏览器不可直连，应走服务端；密钥不得暴露在前端"
"2b3302120890","Radio Browser","List of internet radio stations","https://api.radio-browser.info/","文化与媒体","Music","电台与在线广播","upstream","public-apis/public-apis","https://api.radio-browser.info/","","","","No","Yes","Yes","100","A · 优先试用","浏览器直连候选","适合无密钥原型；生产使用前验证限流、许可和稳定性。","仍需验证额度、条款、延迟与数据质量"
"cb93ac0da376","Songkick","Music Events","https://www.songkick.com/developer/","文化与媒体","Music","歌曲、艺人与专辑资料；演唱会与音乐活动","upstream","public-apis/public-apis","https://www.songkick.com/developer/","","","","apiKey","Yes","Unknown","78","B · 值得验证","后端代理","建议通过服务端适配器统一鉴权、缓存、限流和错误处理。","CORS 未知，需要浏览器实测；密钥不得暴露在前端"
"40b8c17942a7","Songlink / Odesli","Get all the services on which a song is available","https://www.notion.so/API-d0ebe08a5e304a55928405eb682f6741","文化与媒体","Music","音乐综合能力","upstream","public-apis/public-apis","https://www.notion.so/API-d0ebe08a5e304a55928405eb682f6741","","","","apiKey","Yes","Yes","95","A · 优先试用","后端代理","建议通过服务端适配器统一鉴权、缓存、限流和错误处理。","密钥不得暴露在前端"
"5fd4451022a2","Songsterr","Provides guitar, bass and drums tabs and chords","https://www.songsterr.com/a/wa/api/","文化与媒体","Music","音乐综合能力","upstream","public-apis/public-apis","https://www.songsterr.com/a/wa/api/","","","","No","Yes","Unknown","88","A · 优先试用","后端代理","建议通过服务端适配器统一鉴权、缓存、限流和错误处理。","CORS 未知，需要浏览器实测"
"ffcaffd44a50","SoundCloud","With SoundCloud API you can build applications that will give more power to control your content","https://developers.soundcloud.com/docs/api/guide","文化与媒体","Music","音乐综合能力","upstream","public-apis/public-apis","https://developers.soundcloud.com/docs/api/guide","","","","OAuth","Yes","Unknown","80","B · 值得验证","OAuth 集成","适合用户授权型产品；优先评估回调、安全存储和撤销流程。","CORS 未知，需要浏览器实测；需要完整授权与令牌生命周期设计"
"8230f6b10a4d","Spotify","View Spotify music catalog, manage users' libraries, get recommendations and more","https://beta.developer.spotify.com/documentation/web-api/","文化与媒体","Music","歌曲、艺人与专辑资料；歌单与音乐推荐；音乐播放与流媒体","upstream","public-apis/public-apis","https://beta.developer.spotify.com/documentation/web-api/","","","","OAuth","Yes","Unknown","80","B · 值得验证","OAuth 集成","适合用户授权型产品；优先评估回调、安全存储和撤销流程。","CORS 未知，需要浏览器实测；需要完整授权与令牌生命周期设计"
"0eb2637e906e","Sunor","AI music generation API via Suno, with pay-as-you-go credits","https://docs.sunor.cc","文化与媒体","Music","歌曲、艺人与专辑资料","upstream","public-apis/public-apis","https://docs.sunor.cc","","","","apiKey","Yes","Unknown","83","B · 值得验证","后端代理","建议通过服务端适配器统一鉴权、缓存、限流和错误处理。","CORS 未知，需要浏览器实测；密钥不得暴露在前端"
"5915b8c6555c","TasteDive","Similar artist API (also works for movies and TV shows)","https://tastedive.com/read/api","文化与媒体","Music","歌曲、艺人与专辑资料","upstream","public-apis/public-apis","https://tastedive.com/read/api","","","","apiKey","Yes","Unknown","83","B · 值得验证","后端代理","建议通过服务端适配器统一鉴权、缓存、限流和错误处理。","CORS 未知，需要浏览器实测；密钥不得暴露在前端"
"df34b568d8ce","TheAudioDB","Music","https://www.theaudiodb.com/api_guide.php","文化与媒体","Music","歌曲、艺人与专辑资料","upstream","public-apis/public-apis","https://www.theaudiodb.com/api_guide.php","","","","apiKey","Yes","Unknown","73","B · 值得验证","后端代理","建议通过服务端适配器统一鉴权、缓存、限流和错误处理。","CORS 未知，需要浏览器实测；密钥不得暴露在前端"
"c8730af02041","Vagalume","Crowdsourced lyrics and music knowledge","https://api.vagalume.com.br/docs/","文化与媒体","Music","歌词与歌曲文本；歌曲、艺人与专辑资料","upstream","public-apis/public-apis","https://api.vagalume.com.br/docs/","","","","apiKey","Yes","Unknown","83","B · 值得验证","后端代理","建议通过服务端适配器统一鉴权、缓存、限流和错误处理。","CORS 未知，需要浏览器实测；密钥不得暴露在前端"
"8ed71364c939","Verome","Music API for searching, streaming and exploring music data from YouTube Music, YouTube, and Last.fm","https://github.com/Kirazul/Verome-API","文化与媒体","Music","歌曲、艺人与专辑资料；音乐播放与流媒体","upstream","public-apis/public-apis","https://github.com/Kirazul/Verome-API","","","","No","Yes","Unknown","88","A · 优先试用","后端代理","建议通过服务端适配器统一鉴权、缓存、限流和错误处理。","CORS 未知，需要浏览器实测"
"da352b306107","Mediastack","Free, Simple REST API for Live News & Blog Articles","https://mediastack.com?utm_source=Github&utm_medium=Referral&utm_campaign=Public-apis-repo-Best-sellers","文化与媒体","News","实时头条与突发新闻；新闻搜索与主题追踪","upstream","public-apis/public-apis","https://mediastack.com?utm_source=Github&utm_medium=Referral&utm_campaign=Public-apis-repo-Best-sellers","","","","apiKey","Yes","Unknown","83","B · 值得验证","后端代理","建议通过服务端适配器统一鉴权、缓存、限流和错误处理。","CORS 未知，需要浏览器实测；密钥不得暴露在前端"
"1b72438e0ba3","Associated Press","Search for news and metadata from Associated Press","https://developer.ap.org/","文化与媒体","News","新闻搜索与主题追踪","upstream","public-apis/public-apis","https://developer.ap.org/","","","","apiKey","Yes","Unknown","83","B · 值得验证","后端代理","建议通过服务端适配器统一鉴权、缓存、限流和错误处理。","CORS 未知，需要浏览器实测；密钥不得暴露在前端"
"8f122e1faf4d","Chronicling America","Provides access to millions of pages of historic US newspapers from the Library of Congress","http://chroniclingamerica.loc.gov/about/api/","文化与媒体","News","历史报纸与新闻档案","upstream","public-apis/public-apis","http://chroniclingamerica.loc.gov/about/api/","","","","No","No","Unknown","48","D · 建议替代","仅研究/寻找替代","先寻找 HTTPS 替代服务，不纳入默认生产候选。","未声明 HTTPS，不建议生产接入；CORS 未知，需要浏览器实测"
"dcf8a3ad2a09","Currents","Real-time and historical global news with multilingual support","https://currentsapi.services/","文化与媒体","News","历史报纸与新闻档案；实时头条与突发新闻","upstream","public-apis/public-apis","https://currentsapi.services/","","","","apiKey","Yes","Yes","95","A · 优先试用","后端代理","建议通过服务端适配器统一鉴权、缓存、限流和错误处理。","密钥不得暴露在前端"
"6b479e7eef5d","DataCube AI","Daily curated AI industry news, funding rounds and trends in 8 languages","https://www.datacubeai.space/en/tools/ai-news-api","文化与媒体","News","行业垂直新闻","upstream","public-apis/public-apis","https://www.datacubeai.space/en/tools/ai-news-api","","","","No","Yes","No","80","B · 值得验证","后端代理","建议通过服务端适配器统一鉴权、缓存、限流和错误处理。","浏览器不可直连，应走服务端"
"0640494f64e8","Feedbin","RSS reader","https://github.com/feedbin/feedbin-api","文化与媒体","News","RSS 与订阅聚合","upstream","public-apis/public-apis","https://github.com/feedbin/feedbin-api","","","","OAuth","Yes","Unknown","75","B · 值得验证","OAuth 集成","适合用户授权型产品；优先评估回调、安全存储和撤销流程。","CORS 未知，需要浏览器实测；需要完整授权与令牌生命周期设计"
"e3ac8851e044","Florida Man","Static JSON dataset of 10,000+ Florida Man headlines by date","https://github.com/juliayxhuang/florida-man-api#readme","文化与媒体","News","实时头条与突发新闻","upstream","public-apis/public-apis","https://github.com/juliayxhuang/florida-man-api#readme","","","","No","Yes","Yes","100","A · 优先试用","浏览器直连候选","适合无密钥原型；生产使用前验证限流、许可和稳定性。","仍需验证额度、条款、延迟与数据质量"
"ffc20a3ab729","GNews","Search for news from various sources","https://gnews.io/","文化与媒体","News","新闻搜索与主题追踪","upstream","public-apis/public-apis","https://gnews.io/","","","","apiKey","Yes","Yes","95","A · 优先试用","后端代理","建议通过服务端适配器统一鉴权、缓存、限流和错误处理。","密钥不得暴露在前端"
"b7dae66c3d0e","Graphs for Coronavirus","Each Country separately and Worldwide Graphs for Coronavirus. Daily updates","https://corona.dnsforfamily.com/api.txt","文化与媒体","News","新闻综合能力","upstream","public-apis/public-apis","https://corona.dnsforfamily.com/api.txt","","","","No","Yes","Yes","100","A · 优先试用","浏览器直连候选","适合无密钥原型；生产使用前验证限流、许可和稳定性。","仍需验证额度、条款、延迟与数据质量"
"85c0623300de","Inshorts News","Provides news from inshorts","https://github.com/cyberboysumanjay/Inshorts-News-API","文化与媒体","News","新闻综合能力","upstream","public-apis/public-apis","https://github.com/cyberboysumanjay/Inshorts-News-API","","","","No","Yes","Unknown","88","A · 优先试用","后端代理","建议通过服务端适配器统一鉴权、缓存、限流和错误处理。","CORS 未知，需要浏览器实测"
"8cb249bd011b","MarketAux","Live stock market news with tagged tickers + sentiment and stats JSON API","https://www.marketaux.com/","文化与媒体","News","新闻综合能力","upstream","public-apis/public-apis","https://www.marketaux.com/","","","","apiKey","Yes","Yes","95","A · 优先试用","后端代理","建议通过服务端适配器统一鉴权、缓存、限流和错误处理。","密钥不得暴露在前端"
"d9e06ba5628c","New York Times","The New York Times Developer Network","https://developer.nytimes.com/","文化与媒体","News","新闻综合能力","upstream","public-apis/public-apis","https://developer.nytimes.com/","","","","apiKey","Yes","Unknown","83","B · 值得验证","后端代理","建议通过服务端适配器统一鉴权、缓存、限流和错误处理。","CORS 未知，需要浏览器实测；密钥不得暴露在前端"
"afc6a0caced2","News","Headlines currently published on a range of news sources and blogs","https://newsapi.org/","文化与媒体","News","实时头条与突发新闻","upstream","public-apis/public-apis","https://newsapi.org/","","","","apiKey","Yes","Unknown","83","B · 值得验证","后端代理","建议通过服务端适配器统一鉴权、缓存、限流和错误处理。","CORS 未知，需要浏览器实测；密钥不得暴露在前端"
"36c505aba577","NewsData","News data API for live-breaking news and headlines from reputed  news sources","https://newsdata.io/docs","文化与媒体","News","实时头条与突发新闻","upstream","public-apis/public-apis","https://newsdata.io/docs","","","","apiKey","Yes","Unknown","83","B · 值得验证","后端代理","建议通过服务端适配器统一鉴权、缓存、限流和错误处理。","CORS 未知，需要浏览器实测；密钥不得暴露在前端"
"6a8332bc4fb8","Newsflash","Deduplicated news events from 260+ sources with corroboration/confidence scores for AI agents","https://newsflash.sh/docs","文化与媒体","News","新闻综合能力","upstream","public-apis/public-apis","https://newsflash.sh/docs","","","","apiKey","Yes","No","75","B · 值得验证","后端代理","建议通过服务端适配器统一鉴权、缓存、限流和错误处理。","浏览器不可直连，应走服务端；密钥不得暴露在前端"
"20d2b8a4b390","NewsX","Get or Search Latest Breaking News with ML Powered Summaries 🤖","https://rapidapi.com/machaao-inc-machaao-inc-default/api/newsx/","文化与媒体","News","实时头条与突发新闻；新闻搜索与主题追踪","upstream","public-apis/public-apis","https://rapidapi.com/machaao-inc-machaao-inc-default/api/newsx/","","","","apiKey","Yes","Unknown","83","B · 值得验证","后端代理","建议通过服务端适配器统一鉴权、缓存、限流和错误处理。","CORS 未知，需要浏览器实测；密钥不得暴露在前端"
"17523cc175c8","Noozra","Free news headlines from 200+ curated RSS sources","https://noozra.com/api","文化与媒体","News","实时头条与突发新闻；RSS 与订阅聚合","upstream","public-apis/public-apis","https://noozra.com/api","","","","No","Yes","Yes","100","A · 优先试用","浏览器直连候选","适合无密钥原型；生产使用前验证限流、许可和稳定性。","仍需验证额度、条款、延迟与数据质量"
"bd72606f3a22","NPR One","Personalized news listening experience from NPR","http://dev.npr.org/api/","文化与媒体","News","新闻综合能力","upstream","public-apis/public-apis","http://dev.npr.org/api/","","","","OAuth","Yes","Unknown","70","B · 值得验证","OAuth 集成","适合用户授权型产品；优先评估回调、安全存储和撤销流程。","CORS 未知，需要浏览器实测；需要完整授权与令牌生命周期设计"
"8a4c1248709b","Spaceflight News","Spaceflight related news 🚀","https://spaceflightnewsapi.net","文化与媒体","News","新闻综合能力","upstream","public-apis/public-apis","https://spaceflightnewsapi.net","","","","No","Yes","Yes","100","A · 优先试用","浏览器直连候选","适合无密钥原型；生产使用前验证限流、许可和稳定性。","仍需验证额度、条款、延迟与数据质量"
"dcf919696732","The Guardian","Access all the content the Guardian creates, categorised by tags and section","http://open-platform.theguardian.com/","文化与媒体","News","新闻综合能力","upstream","public-apis/public-apis","http://open-platform.theguardian.com/","","","","apiKey","Yes","Unknown","73","B · 值得验证","后端代理","建议通过服务端适配器统一鉴权、缓存、限流和错误处理。","CORS 未知，需要浏览器实测；密钥不得暴露在前端"
"98dc970f5784","The Old Reader","RSS reader","https://github.com/theoldreader/api","文化与媒体","News","RSS 与订阅聚合","upstream","public-apis/public-apis","https://github.com/theoldreader/api","","","","apiKey","Yes","Unknown","78","B · 值得验证","后端代理","建议通过服务端适配器统一鉴权、缓存、限流和错误处理。","CORS 未知，需要浏览器实测；密钥不得暴露在前端"
"fdcc055a5117","TheNews","Aggregated headlines, top story and live news JSON API","https://www.thenewsapi.com/","文化与媒体","News","实时头条与突发新闻","upstream","public-apis/public-apis","https://www.thenewsapi.com/","","","","apiKey","Yes","Yes","95","A · 优先试用","后端代理","建议通过服务端适配器统一鉴权、缓存、限流和错误处理。","密钥不得暴露在前端"
"0f0701347d1d","Trove","Search through the National Library of Australia collection of 1000s of digitised newspapers","https://trove.nla.gov.au/about/create-something/using-api","文化与媒体","News","历史报纸与新闻档案；新闻搜索与主题追踪","upstream","public-apis/public-apis","https://trove.nla.gov.au/about/create-something/using-api","","","","apiKey","Yes","Unknown","83","B · 值得验证","后端代理","建议通过服务端适配器统一鉴权、缓存、限流和错误处理。","CORS 未知，需要浏览器实测；密钥不得暴露在前端"
"678a0909463f","18F","Unofficial US Federal Government API Development","http://18f.github.io/API-All-the-X/","公共与知识数据","Open Data","国际组织与机构数据","upstream","public-apis/public-apis","http://18f.github.io/API-All-the-X/","","","","No","No","Unknown","48","D · 建议替代","仅研究/寻找替代","先寻找 HTTPS 替代服务，不纳入默认生产候选。","未声明 HTTPS，不建议生产接入；CORS 未知，需要浏览器实测"
"1abe26053be9","AcreLens","Land suitability scoring API for any US property: off-grid, rural, recreational, investment","https://www.acrelens.com","公共与知识数据","Open Data","土地、地址与地理开放数据","upstream","public-apis/public-apis","https://www.acrelens.com","","","","apiKey","Yes","Unknown","83","B · 值得验证","后端代理","建议通过服务端适配器统一鉴权、缓存、限流和错误处理。","CORS 未知，需要浏览器实测；密钥不得暴露在前端"
"85d257a45183","API Setu","An Indian Government platform that provides a lot of APIS for KYC, business, education & employment","https://www.apisetu.gov.in/","公共与知识数据","Open Data","政府数字身份与凭证服务","upstream","public-apis/public-apis","https://www.apisetu.gov.in/","","","","No","Yes","Yes","100","A · 优先试用","浏览器直连候选","适合无密钥原型；生产使用前验证限流、许可和稳定性。","仍需验证额度、条款、延迟与数据质量"
"62be76008c65","Archive.org","The Internet Archive","https://archive.readme.io/docs","公共与知识数据","Open Data","文化、历史与互联网档案；开放数据集目录","upstream","public-apis/public-apis","https://archive.readme.io/docs","","","","No","Yes","No","75","B · 值得验证","后端代理","建议通过服务端适配器统一鉴权、缓存、限流和错误处理。","浏览器不可直连，应走服务端"
"9f83bb348334","Black History Facts","Contribute or search one of the largest black history fact databases on the web","https://www.blackhistoryapi.io/docs","公共与知识数据","Open Data","文化、历史与互联网档案","upstream","public-apis/public-apis","https://www.blackhistoryapi.io/docs","","","","apiKey","Yes","Yes","95","A · 优先试用","后端代理","建议通过服务端适配器统一鉴权、缓存、限流和错误处理。","密钥不得暴露在前端"
"f8e2e2620b56","BotsArchive","JSON formatted details about Telegram Bots available in database","https://botsarchive.com/docs.html","公共与知识数据","Open Data","开放数据集目录；文化、历史与互联网档案","upstream","public-apis/public-apis","https://botsarchive.com/docs.html","","","","No","Yes","Unknown","88","A · 优先试用","后端代理","建议通过服务端适配器统一鉴权、缓存、限流和错误处理。","CORS 未知，需要浏览器实测"
"2f98cbc31936","Callook.info","United States ham radio callsigns","https://callook.info","公共与知识数据","Open Data","国际组织与机构数据","upstream","public-apis/public-apis","https://callook.info","","","","No","Yes","Unknown","88","A · 优先试用","后端代理","建议通过服务端适配器统一鉴权、缓存、限流和错误处理。","CORS 未知，需要浏览器实测"
"f7dafce1dfde","CARTO","Location Information Prediction","https://carto.com/","公共与知识数据","Open Data","开放数据综合能力","upstream","public-apis/public-apis","https://carto.com/","","","","apiKey","Yes","Unknown","83","B · 值得验证","后端代理","建议通过服务端适配器统一鉴权、缓存、限流和错误处理。","CORS 未知，需要浏览器实测；密钥不得暴露在前端"
"9151cc9f9421","CollegeScoreCard.ed.gov","Data on higher education institutions in the United States","https://collegescorecard.ed.gov/data/","公共与知识数据","Open Data","国际组织与机构数据","upstream","public-apis/public-apis","https://collegescorecard.ed.gov/data/","","","","No","Yes","Unknown","88","A · 优先试用","后端代理","建议通过服务端适配器统一鉴权、缓存、限流和错误处理。","CORS 未知，需要浏览器实测"
"2e2f0bb60d06","CuttingToolsAI","Cross-brand carbide insert grade equivalents by ISO application class","https://cuttingtoolsai.eu/api","公共与知识数据","Open Data","开放数据综合能力","upstream","public-apis/public-apis","https://cuttingtoolsai.eu/api","","","","No","Yes","Yes","100","A · 优先试用","浏览器直连候选","适合无密钥原型；生产使用前验证限流、许可和稳定性。","仍需验证额度、条款、延迟与数据质量"
"818e4b31c04c","Enigma Public","Broadest collection of public data","https://developers.enigma.com/docs","公共与知识数据","Open Data","开放数据综合能力","upstream","public-apis/public-apis","https://developers.enigma.com/docs","","","","apiKey","Yes","Yes","95","A · 优先试用","后端代理","建议通过服务端适配器统一鉴权、缓存、限流和错误处理。","密钥不得暴露在前端"
"020b0bb39ba2","EOSL","Hardware end-of-sale and end-of-service-life dates by part number, source-linked","https://eosl.ai/api/","公共与知识数据","Open Data","开放数据综合能力","upstream","public-apis/public-apis","https://eosl.ai/api/","","","","No","Yes","Yes","100","A · 优先试用","浏览器直连候选","适合无密钥原型；生产使用前验证限流、许可和稳定性。","仍需验证额度、条款、延迟与数据质量"
"f16d2116b0ff","French Address Search","Address search via the French Government","https://geo.api.gouv.fr/adresse","公共与知识数据","Open Data","土地、地址与地理开放数据","upstream","public-apis/public-apis","https://geo.api.gouv.fr/adresse","","","","No","Yes","Unknown","88","A · 优先试用","后端代理","建议通过服务端适配器统一鉴权、缓存、限流和错误处理。","CORS 未知，需要浏览器实测"
"1d94c23a7838","GENESIS","Federal Statistical Office Germany","https://www.destatis.de/EN/Service/OpenData/api-webservice.html","公共与知识数据","Open Data","国际组织与机构数据","upstream","public-apis/public-apis","https://www.destatis.de/EN/Service/OpenData/api-webservice.html","","","","OAuth","Yes","Unknown","80","B · 值得验证","OAuth 集成","适合用户授权型产品；优先评估回调、安全存储和撤销流程。","CORS 未知，需要浏览器实测；需要完整授权与令牌生命周期设计"
"655d38305fee","InfraNode","Unified German city open data: weather, air quality, EV chargers, transit, demographics","https://infranode.dev","公共与知识数据","Open Data","国际组织与机构数据；开放数据集目录；人口与社会统计","upstream","public-apis/public-apis","https://infranode.dev","","","","apiKey","Yes","Unknown","83","B · 值得验证","后端代理","建议通过服务端适配器统一鉴权、缓存、限流和错误处理。","CORS 未知，需要浏览器实测；密钥不得暴露在前端"
"37b1344e133c","i6eal Open AI Data","Open datasets on AI policy, regulation and public-sector adoption in Germany and the EU","https://i6eal.de/en/tools/data/","公共与知识数据","Open Data","开放数据集目录","upstream","public-apis/public-apis","https://i6eal.de/en/tools/data/","","","","No","Yes","Yes","100","A · 优先试用","浏览器直连候选","适合无密钥原型；生产使用前验证限流、许可和稳定性。","仍需验证额度、条款、延迟与数据质量"
"6d5f915f4b5d","Joshua Project","People groups of the world with the fewest followers of Christ","https://api.joshuaproject.net/","公共与知识数据","Open Data","开放数据综合能力","upstream","public-apis/public-apis","https://api.joshuaproject.net/","","","","apiKey","Yes","Unknown","83","B · 值得验证","后端代理","建议通过服务端适配器统一鉴权、缓存、限流和错误处理。","CORS 未知，需要浏览器实测；密钥不得暴露在前端"
"cc66535c78b8","K-Data Gate","Korean market data: K-beauty/K-food products, Naver trends, stocks, real estate, weather","https://kdata-gate.vercel.app/docs","公共与知识数据","Open Data","开放数据综合能力","upstream","public-apis/public-apis","https://kdata-gate.vercel.app/docs","","","","apiKey","Yes","Unknown","83","B · 值得验证","后端代理","建议通过服务端适配器统一鉴权、缓存、限流和错误处理。","CORS 未知，需要浏览器实测；密钥不得暴露在前端"
"65b443327ab6","Kaggle","Create and interact with Datasets, Notebooks, and connect with Kaggle","https://www.kaggle.com/docs/api","公共与知识数据","Open Data","开放数据集目录","upstream","public-apis/public-apis","https://www.kaggle.com/docs/api","","","","apiKey","Yes","Unknown","83","B · 值得验证","后端代理","建议通过服务端适配器统一鉴权、缓存、限流和错误处理。","CORS 未知，需要浏览器实测；密钥不得暴露在前端"
"364c8ee6071f","LinkPreview","Get JSON formatted summary with title, description and preview image for any requested URL","https://www.linkpreview.net","公共与知识数据","Open Data","开放数据综合能力","upstream","public-apis/public-apis","https://www.linkpreview.net","","","","apiKey","Yes","Yes","95","A · 优先试用","后端代理","建议通过服务端适配器统一鉴权、缓存、限流和错误处理。","密钥不得暴露在前端"
"fa017a12078a","LottoLens PH","Fixed Philippine PCSO historical results and normal draw schedules","https://remo65588-boop.github.io/lottolens-ph-public-data/api/","公共与知识数据","Open Data","开放数据综合能力","upstream","public-apis/public-apis","https://remo65588-boop.github.io/lottolens-ph-public-data/api/","","","","No","Yes","Yes","100","A · 优先试用","浏览器直连候选","适合无密钥原型；生产使用前验证限流、许可和稳定性。","仍需验证额度、条款、延迟与数据质量"
"892112923627","Lowy Asia Power Index","Get measure resources and influence to rank the relative power of states in Asia","https://github.com/0x0is1/lowy-index-api-docs","公共与知识数据","Open Data","开放数据综合能力","upstream","public-apis/public-apis","https://github.com/0x0is1/lowy-index-api-docs","","","","No","Yes","Unknown","88","A · 优先试用","后端代理","建议通过服务端适配器统一鉴权、缓存、限流和错误处理。","CORS 未知，需要浏览器实测"
"81a69d90ff72","Microlink.io","Extract structured data from any website","https://microlink.io","公共与知识数据","Open Data","开放数据综合能力","upstream","public-apis/public-apis","https://microlink.io","","","","No","Yes","Yes","100","A · 优先试用","浏览器直连候选","适合无密钥原型；生产使用前验证限流、许可和稳定性。","仍需验证额度、条款、延迟与数据质量"
"8f8ca4de9a4b","MostExpensiveWatches","Documented luxury watch auction records, live listings, valuations and price indices","https://mostexpensivewatches.net/api","公共与知识数据","Open Data","开放数据综合能力","upstream","public-apis/public-apis","https://mostexpensivewatches.net/api","","","","No","Yes","Yes","100","A · 优先试用","浏览器直连候选","适合无密钥原型；生产使用前验证限流、许可和稳定性。","仍需验证额度、条款、延迟与数据质量"
"94609f290d7c","ModelPartFinder Error Codes","Lookup appliance and equipment error codes by brand and code, with recommended replacement parts","https://modelpartfinder.com/docs/api","公共与知识数据","Open Data","开放数据综合能力","upstream","public-apis/public-apis","https://modelpartfinder.com/docs/api","","","","No","Yes","Yes","100","A · 优先试用","浏览器直连候选","适合无密钥原型；生产使用前验证限流、许可和稳定性。","仍需验证额度、条款、延迟与数据质量"
"02089c3241af","Nasdaq Data Link","Stock market data","https://docs.data.nasdaq.com/","公共与知识数据","Open Data","开放数据综合能力","upstream","public-apis/public-apis","https://docs.data.nasdaq.com/","","","","apiKey","Yes","Unknown","78","B · 值得验证","后端代理","建议通过服务端适配器统一鉴权、缓存、限流和错误处理。","CORS 未知，需要浏览器实测；密钥不得暴露在前端"
"06f0234f756b","Nobel Prize","Open data about nobel prizes and events","https://www.nobelprize.org/about/developer-zone-2/","公共与知识数据","Open Data","开放数据集目录","upstream","public-apis/public-apis","https://www.nobelprize.org/about/developer-zone-2/","","","","No","Yes","Yes","100","A · 优先试用","浏览器直连候选","适合无密钥原型；生产使用前验证限流、许可和稳定性。","仍需验证额度、条款、延迟与数据质量"
"09e4b5fe6734","Onyx Bazaar","Free public leaderboard of x402 paid HTTP services indexed from Coinbase CDP discovery API","https://onyx-actions.onrender.com/bazaar","公共与知识数据","Open Data","开放数据综合能力","upstream","public-apis/public-apis","https://onyx-actions.onrender.com/bazaar","","","","No","Yes","Unknown","88","A · 优先试用","后端代理","建议通过服务端适配器统一鉴权、缓存、限流和错误处理。","CORS 未知，需要浏览器实测"
"75aafa7adcc5","Open Data Minneapolis","Spatial (GIS) and non-spatial city data for Minneapolis","https://opendata.minneapolismn.gov/","公共与知识数据","Open Data","开放数据集目录","upstream","public-apis/public-apis","https://opendata.minneapolismn.gov/","","","","No","Yes","No","80","B · 值得验证","后端代理","建议通过服务端适配器统一鉴权、缓存、限流和错误处理。","浏览器不可直连，应走服务端"
"419942999a7e","Open Scholarships","Free, openly-licensed directory of US scholarships and student aid from official sources","https://scholarships.grudged.io","公共与知识数据","Open Data","开放数据综合能力","upstream","public-apis/public-apis","https://scholarships.grudged.io","","","","No","Yes","Yes","100","A · 优先试用","浏览器直连候选","适合无密钥原型；生产使用前验证限流、许可和稳定性。","仍需验证额度、条款、延迟与数据质量"
"1a0eb188142b","openAFRICA","Large datasets repository of African open data","https://africaopendata.org/","公共与知识数据","Open Data","开放数据集目录","upstream","public-apis/public-apis","https://africaopendata.org/","","","","No","Yes","Unknown","88","A · 优先试用","后端代理","建议通过服务端适配器统一鉴权、缓存、限流和错误处理。","CORS 未知，需要浏览器实测"
"f7c2afc94fda","OpenCorporates","Data on corporate entities and directors in many countries","http://api.opencorporates.com/documentation/API-Reference","公共与知识数据","Open Data","国际组织与机构数据","upstream","public-apis/public-apis","http://api.opencorporates.com/documentation/API-Reference","","","","apiKey","Yes","Unknown","73","B · 值得验证","后端代理","建议通过服务端适配器统一鉴权、缓存、限流和错误处理。","CORS 未知，需要浏览器实测；密钥不得暴露在前端"
"3d3be8a43bd7","OpenSanctions","Data on international sanctions, crime and politically exposed persons","https://www.opensanctions.org/docs/api/","公共与知识数据","Open Data","开放数据综合能力","upstream","public-apis/public-apis","https://www.opensanctions.org/docs/api/","","","","No","Yes","Yes","100","A · 优先试用","浏览器直连候选","适合无密钥原型；生产使用前验证限流、许可和稳定性。","仍需验证额度、条款、延迟与数据质量"
"90f29aa5ac63","Pan Africa Data","Macroeconomic and subnational income distribution data for all 54 African countries","https://panafricadata.com","公共与知识数据","Open Data","国际组织与机构数据","upstream","public-apis/public-apis","https://panafricadata.com","","","","apiKey","Yes","Unknown","83","B · 值得验证","后端代理","建议通过服务端适配器统一鉴权、缓存、限流和错误处理。","CORS 未知，需要浏览器实测；密钥不得暴露在前端"
"cb4d236b468d","PeakMetrics","News articles and public datasets","https://rapidapi.com/peakmetrics-peakmetrics-default/api/peakmetrics-news","公共与知识数据","Open Data","开放数据集目录","upstream","public-apis/public-apis","https://rapidapi.com/peakmetrics-peakmetrics-default/api/peakmetrics-news","","","","apiKey","Yes","Unknown","83","B · 值得验证","后端代理","建议通过服务端适配器统一鉴权、缓存、限流和错误处理。","CORS 未知，需要浏览器实测；密钥不得暴露在前端"
"73344dedbe22","Recreation Information Database","Recreational areas, federal lands, historic sites, museums, and other attractions/resources(US)","https://ridb.recreation.gov/","公共与知识数据","Open Data","国际组织与机构数据；土地、地址与地理开放数据","upstream","public-apis/public-apis","https://ridb.recreation.gov/","","","","apiKey","Yes","Unknown","83","B · 值得验证","后端代理","建议通过服务端适配器统一鉴权、缓存、限流和错误处理。","CORS 未知，需要浏览器实测；密钥不得暴露在前端"
"8fa64c8320dd","Registrum","UK company data: profiles, directors, PSC, iXBRL-parsed financials, ECCTA status","https://api.registrum.co.uk/docs","公共与知识数据","Open Data","开放数据综合能力","upstream","public-apis/public-apis","https://api.registrum.co.uk/docs","","","","apiKey","Yes","No","75","B · 值得验证","后端代理","建议通过服务端适配器统一鉴权、缓存、限流和错误处理。","浏览器不可直连，应走服务端；密钥不得暴露在前端"
"ccf0c4906a25","Scoop.it","Content Curation Service","http://www.scoop.it/dev","公共与知识数据","Open Data","开放数据综合能力","upstream","public-apis/public-apis","http://www.scoop.it/dev","","","","apiKey","No","Unknown","43","D · 建议替代","仅研究/寻找替代","先寻找 HTTPS 替代服务，不纳入默认生产候选。","未声明 HTTPS，不建议生产接入；CORS 未知，需要浏览器实测；密钥不得暴露在前端"
"6e76488f0709","Socrata","Access to Open Data from Governments, Non-profits and NGOs around the world","https://dev.socrata.com/","公共与知识数据","Open Data","国际组织与机构数据；开放数据集目录","upstream","public-apis/public-apis","https://dev.socrata.com/","","","","OAuth","Yes","Yes","92","A · 优先试用","OAuth 集成","适合用户授权型产品；优先评估回调、安全存储和撤销流程。","需要完整授权与令牌生命周期设计"
"100c5611247a","Statistics of the World","Economic data for 218 countries — GDP, population, inflation, and 440+ indicators from IMF and World Bank","https://statisticsoftheworld.com/api-docs","公共与知识数据","Open Data","国际组织与机构数据；人口与社会统计","upstream","public-apis/public-apis","https://statisticsoftheworld.com/api-docs","","","","No","Yes","Yes","100","A · 优先试用","浏览器直连候选","适合无密钥原型；生产使用前验证限流、许可和稳定性。","仍需验证额度、条款、延迟与数据质量"
"239b5cf9087e","Teleport","Quality of Life Data","https://developers.teleport.org/","公共与知识数据","Open Data","开放数据综合能力","upstream","public-apis/public-apis","https://developers.teleport.org/","","","","No","Yes","Unknown","83","B · 值得验证","后端代理","建议通过服务端适配器统一鉴权、缓存、限流和错误处理。","CORS 未知，需要浏览器实测"
"6a7bfdb71650","Tilth","Free daily UK fertiliser price index across nine grades, CC BY 4.0 licensed","https://www.tilth.uk/data","公共与知识数据","Open Data","开放数据综合能力","upstream","public-apis/public-apis","https://www.tilth.uk/data","","","","No","Yes","Yes","100","A · 优先试用","浏览器直连候选","适合无密钥原型；生产使用前验证限流、许可和稳定性。","仍需验证额度、条款、延迟与数据质量"
"e1f9dda690de","Umeå Open Data","Open data of the city Umeå in northen Sweden","https://opendata.umea.se/api/","公共与知识数据","Open Data","开放数据集目录","upstream","public-apis/public-apis","https://opendata.umea.se/api/","","","","No","Yes","Yes","100","A · 优先试用","浏览器直连候选","适合无密钥原型；生产使用前验证限流、许可和稳定性。","仍需验证额度、条款、延迟与数据质量"
"81438fb43861","Universities List","University names, countries and domains","https://github.com/Hipo/university-domains-list","公共与知识数据","Open Data","国际组织与机构数据","upstream","public-apis/public-apis","https://github.com/Hipo/university-domains-list","","","","No","Yes","Unknown","88","A · 优先试用","后端代理","建议通过服务端适配器统一鉴权、缓存、限流和错误处理。","CORS 未知，需要浏览器实测"
"dd404e91ec2e","University of Oslo","Courses, lecture videos, detailed information for courses etc. for the University of Oslo (Norway)","https://data.uio.no/","公共与知识数据","Open Data","国际组织与机构数据","upstream","public-apis/public-apis","https://data.uio.no/","","","","No","Yes","Unknown","88","A · 优先试用","后端代理","建议通过服务端适配器统一鉴权、缓存、限流和错误处理。","CORS 未知，需要浏览器实测"
"7dabe39ee5bc","UPC database","More than 1.5 million barcode numbers from all around the world","https://upcdatabase.org/api","公共与知识数据","Open Data","国际组织与机构数据","upstream","public-apis/public-apis","https://upcdatabase.org/api","","","","apiKey","Yes","Unknown","83","B · 值得验证","后端代理","建议通过服务端适配器统一鉴权、缓存、限流和错误处理。","CORS 未知，需要浏览器实测；密钥不得暴露在前端"
"6b96e67de7ea","Urban Observatory","The largest set of publicly available real time urban data in the UK","https://urbanobservatory.ac.uk","公共与知识数据","Open Data","开放数据综合能力","upstream","public-apis/public-apis","https://urbanobservatory.ac.uk","","","","No","No","No","50","C · 谨慎接入","仅研究/寻找替代","先寻找 HTTPS 替代服务，不纳入默认生产候选。","未声明 HTTPS，不建议生产接入；浏览器不可直连，应走服务端"
"51ea854c1e79","Voidly","Internet censorship measurements, incidents, and ISP-level blocking data across 126 countries","https://voidly.ai/api-docs","公共与知识数据","Open Data","国际组织与机构数据","upstream","public-apis/public-apis","https://voidly.ai/api-docs","","","","No","Yes","No","80","B · 值得验证","后端代理","建议通过服务端适配器统一鉴权、缓存、限流和错误处理。","浏览器不可直连，应走服务端"
"f765e18c885a","Warnely","Composite travel-safety scores for 180 countries (FCDO + US State + GPI + WGI + live incident wire), OpenAPI 3.1 spec, CC BY 4.0","https://warnely.com/developers","公共与知识数据","Open Data","国际组织与机构数据","upstream","public-apis/public-apis","https://warnely.com/developers","","","","No","Yes","Yes","100","A · 优先试用","浏览器直连候选","适合无密钥原型；生产使用前验证限流、许可和稳定性。","仍需验证额度、条款、延迟与数据质量"
"81c9b1a70852","Wikidata","Collaboratively edited knowledge base operated by the Wikimedia Foundation","https://www.wikidata.org/w/api.php?action=help","公共与知识数据","Open Data","国际组织与机构数据","upstream","public-apis/public-apis","https://www.wikidata.org/w/api.php?action=help","","","","OAuth","Yes","Unknown","80","B · 值得验证","OAuth 集成","适合用户授权型产品；优先评估回调、安全存储和撤销流程。","CORS 未知，需要浏览器实测；需要完整授权与令牌生命周期设计"
"ecefdc22998a","Wikipedia","Mediawiki Encyclopedia","https://www.mediawiki.org/wiki/API:Main_page","公共与知识数据","Open Data","开放数据综合能力","upstream","public-apis/public-apis","https://www.mediawiki.org/wiki/API:Main_page","","","","No","Yes","Unknown","83","B · 值得验证","后端代理","建议通过服务端适配器统一鉴权、缓存、限流和错误处理。","CORS 未知，需要浏览器实测"
"5016c4b9c45a","Yelp","Find Local Business","https://www.yelp.com/developers/documentation/v3","公共与知识数据","Open Data","开放数据综合能力","upstream","public-apis/public-apis","https://www.yelp.com/developers/documentation/v3","","","","OAuth","Yes","Unknown","75","B · 值得验证","OAuth 集成","适合用户授权型产品；优先评估回调、安全存储和撤销流程。","CORS 未知，需要浏览器实测；需要完整授权与令牌生命周期设计"
"37a56ed57af5","Countly","Countly web analytics","https://api.count.ly/reference","开发与基础设施","Open Source Projects","开源分析与事件数据；仓库贡献与活跃度","upstream","public-apis/public-apis","https://api.count.ly/reference","","","","No","No","Unknown","53","C · 谨慎接入","仅研究/寻找替代","先寻找 HTTPS 替代服务，不纳入默认生产候选。","未声明 HTTPS，不建议生产接入；CORS 未知，需要浏览器实测"
"31d08d960bdb","Creative Commons Catalog","Search among openly licensed and public domain works","https://api.creativecommons.engineering/","开发与基础设施","Open Source Projects","开源项目与资源发现","upstream","public-apis/public-apis","https://api.creativecommons.engineering/","","","","OAuth","Yes","Yes","92","A · 优先试用","OAuth 集成","适合用户授权型产品；优先评估回调、安全存储和撤销流程。","需要完整授权与令牌生命周期设计"
"a70c6440d0ee","Datamuse","Word-finding query engine","https://www.datamuse.com/api/","开发与基础设施","Open Source Projects","开放 Web 小工具","upstream","public-apis/public-apis","https://www.datamuse.com/api/","","","","No","Yes","Unknown","88","A · 优先试用","后端代理","建议通过服务端适配器统一鉴权、缓存、限流和错误处理。","CORS 未知，需要浏览器实测"
"51f40fc006e5","Drupal.org","Drupal.org","https://www.drupal.org/drupalorg/docs/api","开发与基础设施","Open Source Projects","开源平台内容与接口","upstream","public-apis/public-apis","https://www.drupal.org/drupalorg/docs/api","","","","No","Yes","Unknown","83","B · 值得验证","后端代理","建议通过服务端适配器统一鉴权、缓存、限流和错误处理。","CORS 未知，需要浏览器实测"
"749deac275b6","Evil Insult Generator","Evil Insults","https://evilinsult.com/api","开发与基础设施","Open Source Projects","开放 Web 小工具","upstream","public-apis/public-apis","https://evilinsult.com/api","","","","No","Yes","Yes","95","A · 优先试用","浏览器直连候选","适合无密钥原型；生产使用前验证限流、许可和稳定性。","仍需验证额度、条款、延迟与数据质量"
"f7e74f6b2f6b","GitHub Contribution Chart Generator","Create an image of your GitHub contributions","https://github-contributions.vercel.app","开发与基础设施","Open Source Projects","仓库贡献与活跃度；开放 Web 小工具","upstream","public-apis/public-apis","https://github-contributions.vercel.app","","","","No","Yes","Yes","100","A · 优先试用","浏览器直连候选","适合无密钥原型；生产使用前验证限流、许可和稳定性。","仍需验证额度、条款、延迟与数据质量"
"9055c62de88b","GitHub ReadMe Stats","Add dynamically generated statistics to your GitHub profile ReadMe","https://github.com/anuraghazra/github-readme-stats","开发与基础设施","Open Source Projects","开源项目综合能力","upstream","public-apis/public-apis","https://github.com/anuraghazra/github-readme-stats","","","","No","Yes","Yes","100","A · 优先试用","浏览器直连候选","适合无密钥原型；生产使用前验证限流、许可和稳定性。","仍需验证额度、条款、延迟与数据质量"
"604331f2d436","Metabase","An open source Business Intelligence server to share data and analytics inside your company","https://www.metabase.com/","开发与基础设施","Open Source Projects","仓库贡献与活跃度","upstream","public-apis/public-apis","https://www.metabase.com/","","","","No","Yes","Yes","100","A · 优先试用","浏览器直连候选","适合无密钥原型；生产使用前验证限流、许可和稳定性。","仍需验证额度、条款、延迟与数据质量"
"bcf51aa2c665","Shields","Concise, consistent, and legible badges in SVG and raster format","https://shields.io/","开发与基础设施","Open Source Projects","开源项目综合能力","upstream","public-apis/public-apis","https://shields.io/","","","","No","Yes","Unknown","88","A · 优先试用","后端代理","建议通过服务端适配器统一鉴权、缓存、限流和错误处理。","CORS 未知，需要浏览器实测"
"528ed7297171","EPO","European patent search system api","https://developers.epo.org/","公共与知识数据","Patent","专利检索","upstream","public-apis/public-apis","https://developers.epo.org/","","","","OAuth","Yes","Unknown","80","B · 值得验证","OAuth 集成","适合用户授权型产品；优先评估回调、安全存储和撤销流程。","CORS 未知，需要浏览器实测；需要完整授权与令牌生命周期设计"
"dffd9b5b51ca","PatentsView ","API is intended to explore and visualize trends/patterns across the US innovation landscape","https://patentsview.org/apis/purpose","公共与知识数据","Patent","创新趋势与专利分析","upstream","public-apis/public-apis","https://patentsview.org/apis/purpose","","","","No","Yes","Unknown","88","A · 优先试用","后端代理","建议通过服务端适配器统一鉴权、缓存、限流和错误处理。","CORS 未知，需要浏览器实测"
"bd02b354bb5d","TIPO","Taiwan patent search system api","https://tiponet.tipo.gov.tw/Gazette/OpenData/OD/OD05.aspx?QryDS=API00","公共与知识数据","Patent","专利检索","upstream","public-apis/public-apis","https://tiponet.tipo.gov.tw/Gazette/OpenData/OD/OD05.aspx?QryDS=API00","","","","apiKey","Yes","Unknown","83","B · 值得验证","后端代理","建议通过服务端适配器统一鉴权、缓存、限流和错误处理。","CORS 未知，需要浏览器实测；密钥不得暴露在前端"
"d7df4cf1de8a","USPTO","USA patent api services","https://www.uspto.gov/learning-and-resources/open-data-and-mobility","公共与知识数据","Patent","专利检索；专利元数据与法律状态","upstream","public-apis/public-apis","https://www.uspto.gov/learning-and-resources/open-data-and-mobility","","","","No","Yes","Unknown","83","B · 值得验证","后端代理","建议通过服务端适配器统一鉴权、缓存、限流和错误处理。","CORS 未知，需要浏览器实测"
"33de46b4a4fb","Advice Slip","Generate random advice slips","http://api.adviceslip.com/","公共与知识数据","Personality","名言、建议与每日内容","upstream","public-apis/public-apis","http://api.adviceslip.com/","","","","No","Yes","Unknown","78","B · 值得验证","后端代理","建议通过服务端适配器统一鉴权、缓存、限流和错误处理。","CORS 未知，需要浏览器实测"
"37af7e982f62","AstroWay","Astrology, natal charts, Human Design, Vedic and horoscopes on the Swiss Ephemeris","https://api.astroway.info/docs/","公共与知识数据","Personality","占星、星盘与人格娱乐","upstream","public-apis/public-apis","https://api.astroway.info/docs/","","","","apiKey","Yes","Yes","95","A · 优先试用","后端代理","建议通过服务端适配器统一鉴权、缓存、限流和错误处理。","密钥不得暴露在前端"
"102f7f81e639","Biriyani As A Service","Biriyani images placeholder","https://biriyani.anoram.com/","公共与知识数据","Personality","头像与个性化占位图；姓名推断年龄、性别与国籍","upstream","public-apis/public-apis","https://biriyani.anoram.com/","","","","No","Yes","No","80","B · 值得验证","后端代理","建议通过服务端适配器统一鉴权、缓存、限流和错误处理。","浏览器不可直连，应走服务端"
"06b60188d445","Dev.to","Access Forem articles, users and other resources via API","https://developers.forem.com/api","公共与知识数据","Personality","社区用户与文章资料","upstream","public-apis/public-apis","https://developers.forem.com/api","","","","apiKey","Yes","Unknown","83","B · 值得验证","后端代理","建议通过服务端适配器统一鉴权、缓存、限流和错误处理。","CORS 未知，需要浏览器实测；密钥不得暴露在前端"
"b5e335acb248","Dictum","API to get access to the collection of the most inspiring expressions of mankind","https://github.com/fisenkodv/dictum","公共与知识数据","Personality","名言、建议与每日内容","upstream","public-apis/public-apis","https://github.com/fisenkodv/dictum","","","","No","Yes","Unknown","88","A · 优先试用","后端代理","建议通过服务端适配器统一鉴权、缓存、限流和错误处理。","CORS 未知，需要浏览器实测"
"00773b83feb3","FavQs.com","FavQs allows you to collect, discover and share your favorite quotes","https://favqs.com/api","公共与知识数据","Personality","名言、建议与每日内容","upstream","public-apis/public-apis","https://favqs.com/api","","","","apiKey","Yes","Unknown","83","B · 值得验证","后端代理","建议通过服务端适配器统一鉴权、缓存、限流和错误处理。","CORS 未知，需要浏览器实测；密钥不得暴露在前端"
"cbb3b94d8b4e","FOAAS","Fuck Off As A Service","http://www.foaas.com/","公共与知识数据","Personality","个性化内容综合能力","upstream","public-apis/public-apis","http://www.foaas.com/","","","","No","No","Unknown","43","D · 建议替代","仅研究/寻找替代","先寻找 HTTPS 替代服务，不纳入默认生产候选。","未声明 HTTPS，不建议生产接入；CORS 未知，需要浏览器实测"
"6572f8db9c6e","Forismatic","Inspirational Quotes","http://forismatic.com/en/api/","公共与知识数据","Personality","名言、建议与每日内容","upstream","public-apis/public-apis","http://forismatic.com/en/api/","","","","No","No","Unknown","43","D · 建议替代","仅研究/寻找替代","先寻找 HTTPS 替代服务，不纳入默认生产候选。","未声明 HTTPS，不建议生产接入；CORS 未知，需要浏览器实测"
"b1a0a7f6c5fe","icanhazdadjoke","The largest selection of dad jokes on the internet","https://icanhazdadjoke.com/api","公共与知识数据","Personality","个性化内容综合能力","upstream","public-apis/public-apis","https://icanhazdadjoke.com/api","","","","No","Yes","Unknown","88","A · 优先试用","后端代理","建议通过服务端适配器统一鉴权、缓存、限流和错误处理。","CORS 未知，需要浏览器实测"
"4c9eb3d0eb51","Inspiration","Motivational and Inspirational quotes","https://inspiration.goprogram.ai/docs/","公共与知识数据","Personality","名言、建议与每日内容","upstream","public-apis/public-apis","https://inspiration.goprogram.ai/docs/","","","","No","Yes","Yes","100","A · 优先试用","浏览器直连候选","适合无密钥原型；生产使用前验证限流、许可和稳定性。","仍需验证额度、条款、延迟与数据质量"
"e56e98433cce","kanye.rest","REST API for random Kanye West quotes","https://kanye.rest","公共与知识数据","Personality","名言、建议与每日内容","upstream","public-apis/public-apis","https://kanye.rest","","","","No","Yes","Yes","100","A · 优先试用","浏览器直连候选","适合无密钥原型；生产使用前验证限流、许可和稳定性。","仍需验证额度、条款、延迟与数据质量"
"c3f855ea0f5e","kimiquotes","Team radio and interview quotes by Finnish F1 legend Kimi Räikkönen","https://kimiquotes.herokuapp.com/doc","公共与知识数据","Personality","名言、建议与每日内容","upstream","public-apis/public-apis","https://kimiquotes.herokuapp.com/doc","","","","No","Yes","Yes","100","A · 优先试用","浏览器直连候选","适合无密钥原型；生产使用前验证限流、许可和稳定性。","仍需验证额度、条款、延迟与数据质量"
"6142b9174c69","Medium","Community of readers and writers offering unique perspectives on ideas","https://github.com/Medium/medium-api-docs","公共与知识数据","Personality","个性化内容综合能力","upstream","public-apis/public-apis","https://github.com/Medium/medium-api-docs","","","","OAuth","Yes","Unknown","80","B · 值得验证","OAuth 集成","适合用户授权型产品；优先评估回调、安全存储和撤销流程。","CORS 未知，需要浏览器实测；需要完整授权与令牌生命周期设计"
"f1aeb60e873c","Personality.fyi","Free MBTI personality types and OEJTS test scoring","https://personality.fyi/api","公共与知识数据","Personality","人格测试与趣味测评","upstream","public-apis/public-apis","https://personality.fyi/api","","","","No","Yes","Yes","100","A · 优先试用","浏览器直连候选","适合无密钥原型；生产使用前验证限流、许可和稳定性。","仍需验证额度、条款、延迟与数据质量"
"bf98b4acd5bb","Programming Quotes","Programming Quotes API for open source projects","https://github.com/skolakoda/programming-quotes-api","公共与知识数据","Personality","名言、建议与每日内容","upstream","public-apis/public-apis","https://github.com/skolakoda/programming-quotes-api","","","","No","Yes","Unknown","88","A · 优先试用","后端代理","建议通过服务端适配器统一鉴权、缓存、限流和错误处理。","CORS 未知，需要浏览器实测"
"fe4127d52a3d","Quotable Quotes","Quotable is a free, open source quotations API","https://github.com/lukePeavey/quotable","公共与知识数据","Personality","名言、建议与每日内容","upstream","public-apis/public-apis","https://github.com/lukePeavey/quotable","","","","No","Yes","Unknown","88","A · 优先试用","后端代理","建议通过服务端适配器统一鉴权、缓存、限流和错误处理。","CORS 未知，需要浏览器实测"
"0db4808232e1","Quote Garden","REST API for more than 5000 famous quotes","https://pprathameshmore.github.io/QuoteGarden/","公共与知识数据","Personality","名言、建议与每日内容","upstream","public-apis/public-apis","https://pprathameshmore.github.io/QuoteGarden/","","","","No","Yes","Unknown","88","A · 优先试用","后端代理","建议通过服务端适配器统一鉴权、缓存、限流和错误处理。","CORS 未知，需要浏览器实测"
"ac18eddebec9","quoteclear","Ever-growing list of James Clear quotes from the 3-2-1 Newsletter","https://quoteclear.web.app/","公共与知识数据","Personality","名言、建议与每日内容","upstream","public-apis/public-apis","https://quoteclear.web.app/","","","","No","Yes","Yes","100","A · 优先试用","浏览器直连候选","适合无密钥原型；生产使用前验证限流、许可和稳定性。","仍需验证额度、条款、延迟与数据质量"
"85e6f72fb1bd","Quotes on Design","Inspirational Quotes","https://quotesondesign.com/api/","公共与知识数据","Personality","名言、建议与每日内容","upstream","public-apis/public-apis","https://quotesondesign.com/api/","","","","No","Yes","Unknown","83","B · 值得验证","后端代理","建议通过服务端适配器统一鉴权、缓存、限流和错误处理。","CORS 未知，需要浏览器实测"
"0cdbb02e5e78","Stoicism Quote","Quotes about Stoicism","https://github.com/tlcheah2/stoic-quote-lambda-public-api","公共与知识数据","Personality","名言、建议与每日内容","upstream","public-apis/public-apis","https://github.com/tlcheah2/stoic-quote-lambda-public-api","","","","No","Yes","Unknown","83","B · 值得验证","后端代理","建议通过服务端适配器统一鉴权、缓存、限流和错误处理。","CORS 未知，需要浏览器实测"
"b61bc2353f1d","They Said So Quotes","Quotes Trusted by many fortune brands around the world","https://theysaidso.com/api/","公共与知识数据","Personality","名言、建议与每日内容","upstream","public-apis/public-apis","https://theysaidso.com/api/","","","","No","Yes","Unknown","88","A · 优先试用","后端代理","建议通过服务端适配器统一鉴权、缓存、限流和错误处理。","CORS 未知，需要浏览器实测"
"d46f3daf0a72","Traitify","Assess, collect and analyze Personality","https://app.traitify.com/developer","公共与知识数据","Personality","人格测试与趣味测评","upstream","public-apis/public-apis","https://app.traitify.com/developer","","","","No","Yes","Unknown","88","A · 优先试用","后端代理","建议通过服务端适配器统一鉴权、缓存、限流和错误处理。","CORS 未知，需要浏览器实测"
"943ca6ce7385","Udemy(instructor)","API for instructors on Udemy","https://www.udemy.com/developers/instructor/","公共与知识数据","Personality","个性化内容综合能力","upstream","public-apis/public-apis","https://www.udemy.com/developers/instructor/","","","","apiKey","Yes","Unknown","83","B · 值得验证","后端代理","建议通过服务端适配器统一鉴权、缓存、限流和错误处理。","CORS 未知，需要浏览器实测；密钥不得暴露在前端"
"234db4336dff","Vadivelu HTTP Codes","On demand HTTP Codes with images","https://vadivelu.anoram.com/","公共与知识数据","Personality","头像与个性化占位图；姓名推断年龄、性别与国籍","upstream","public-apis/public-apis","https://vadivelu.anoram.com/","","","","No","Yes","No","80","B · 值得验证","后端代理","建议通过服务端适配器统一鉴权、缓存、限流和错误处理。","浏览器不可直连，应走服务端"
"9468abd42a39","Zen Quotes","Large collection of Zen quotes for inspiration","https://zenquotes.io/","公共与知识数据","Personality","名言、建议与每日内容","upstream","public-apis/public-apis","https://zenquotes.io/","","","","No","Yes","Yes","100","A · 优先试用","浏览器直连候选","适合无密钥原型；生产使用前验证限流、许可和稳定性。","仍需验证额度、条款、延迟与数据质量"
"4b1ce823ed05","Numlookup","Phone number validation and carrier lookup API with global coverage","https://numlookupapi.com","安全与身份","Phone","运营商、线路与地区查询；电话号码验证与格式化","upstream","public-apis/public-apis","https://numlookupapi.com","","","","apiKey","Yes","Unknown","83","B · 值得验证","后端代理","建议通过服务端适配器统一鉴权、缓存、限流和错误处理。","CORS 未知，需要浏览器实测；密钥不得暴露在前端"
"1ae02fc68bec","Numverify","Phone number validation","https://numverify.com?utm_source=Github&utm_medium=Referral&utm_campaign=Public-apis-repo-Best-sellers","安全与身份","Phone","电话号码验证与格式化","upstream","public-apis/public-apis","https://numverify.com?utm_source=Github&utm_medium=Referral&utm_campaign=Public-apis-repo-Best-sellers","","","","apiKey","Yes","Unknown","78","B · 值得验证","后端代理","建议通过服务端适配器统一鉴权、缓存、限流和错误处理。","CORS 未知，需要浏览器实测；密钥不得暴露在前端"
"0a7f0ba41517","Cloudmersive Validate","Validate international phone numbers","https://cloudmersive.com/phone-number-validation-API","安全与身份","Phone","电话综合能力","upstream","public-apis/public-apis","https://cloudmersive.com/phone-number-validation-API","","","","apiKey","Yes","Yes","95","A · 优先试用","后端代理","建议通过服务端适配器统一鉴权、缓存、限流和错误处理。","密钥不得暴露在前端"
"8e2d4f3fad42","Phone Specification","Rest Api for Phone specifications","https://github.com/azharimm/phone-specs-api","安全与身份","Phone","手机设备规格","upstream","public-apis/public-apis","https://github.com/azharimm/phone-specs-api","","","","No","Yes","Yes","100","A · 优先试用","浏览器直连候选","适合无密钥原型；生产使用前验证限流、许可和稳定性。","仍需验证额度、条款、延迟与数据质量"
"80540f189bff","Phone Validation","Validate phone numbers globally","https://www.abstractapi.com/phone-validation-api","安全与身份","Phone","电话号码验证与格式化","upstream","public-apis/public-apis","https://www.abstractapi.com/phone-validation-api","","","","apiKey","Yes","Yes","95","A · 优先试用","后端代理","建议通过服务端适配器统一鉴权、缓存、限流和错误处理。","密钥不得暴露在前端"
"dfdf136df803","Veriphone","Phone number validation & carrier lookup","https://veriphone.io","安全与身份","Phone","运营商、线路与地区查询；电话号码验证与格式化","upstream","public-apis/public-apis","https://veriphone.io","","","","apiKey","Yes","Yes","95","A · 优先试用","后端代理","建议通过服务端适配器统一鉴权、缓存、限流和错误处理。","密钥不得暴露在前端"
"934797220a13","VeriRoute Intel","CNAM caller ID, carrier/LRN lookup and spam scoring for North American phone numbers","https://verirouteintel.com","安全与身份","Phone","短信与语音通信；运营商、线路与地区查询","upstream","public-apis/public-apis","https://verirouteintel.com","","","","apiKey","Yes","Unknown","83","B · 值得验证","后端代理","建议通过服务端适配器统一鉴权、缓存、限流和错误处理。","CORS 未知，需要浏览器实测；密钥不得暴露在前端"
"cf0986f7fe3e","Screenshotlayer","URL to screenshot","https://screenshotlayer.com?utm_source=Github&utm_medium=Referral&utm_campaign=Public-apis-repo-Best-sellers","文化与媒体","Photography","网页截图","upstream","public-apis/public-apis","https://screenshotlayer.com?utm_source=Github&utm_medium=Referral&utm_campaign=Public-apis-repo-Best-sellers","","","","No","Yes","Unknown","83","B · 值得验证","后端代理","建议通过服务端适配器统一鉴权、缓存、限流和错误处理。","CORS 未知，需要浏览器实测"
"f86fe1c22ec0","APITemplate.io","Dynamically generate images and PDFs from templates with a simple API","https://apitemplate.io","文化与媒体","Photography","模板化图片与海报生成","upstream","public-apis/public-apis","https://apitemplate.io","","","","apiKey","Yes","Yes","95","A · 优先试用","后端代理","建议通过服务端适配器统一鉴权、缓存、限流和错误处理。","密钥不得暴露在前端"
"d0bbf8a4c752","Bruzu","Image generation with query string","https://docs.bruzu.com","文化与媒体","Photography","模板化图片与海报生成","upstream","public-apis/public-apis","https://docs.bruzu.com","","","","apiKey","Yes","Yes","95","A · 优先试用","后端代理","建议通过服务端适配器统一鉴权、缓存、限流和错误处理。","密钥不得暴露在前端"
"e7bde9c279db","CheetahO","Photo optimization and resize","https://cheetaho.com/docs/getting-started/","文化与媒体","Photography","图片裁剪、压缩与优化；图库与版权图片搜索","upstream","public-apis/public-apis","https://cheetaho.com/docs/getting-started/","","","","apiKey","Yes","Unknown","83","B · 值得验证","后端代理","建议通过服务端适配器统一鉴权、缓存、限流和错误处理。","CORS 未知，需要浏览器实测；密钥不得暴露在前端"
"b5b8c636bf49","Dagpi","Image manipulation and processing","https://dagpi.xyz","文化与媒体","Photography","图片裁剪、压缩与优化","upstream","public-apis/public-apis","https://dagpi.xyz","","","","apiKey","Yes","Unknown","83","B · 值得验证","后端代理","建议通过服务端适配器统一鉴权、缓存、限流和错误处理。","CORS 未知，需要浏览器实测；密钥不得暴露在前端"
"7970777a0de3","Duply","Generate, Edit, Scale and Manage Images and Videos Smarter & Faster","https://duply.co/docs#getting-started-api","文化与媒体","Photography","图片上传与托管","upstream","public-apis/public-apis","https://duply.co/docs#getting-started-api","","","","apiKey","Yes","Yes","95","A · 优先试用","后端代理","建议通过服务端适配器统一鉴权、缓存、限流和错误处理。","密钥不得暴露在前端"
"6f83177cb40a","DynaPictures","Generate Hundreds of Personalized Images in Minutes","https://dynapictures.com/docs/","文化与媒体","Photography","图像与摄影综合能力","upstream","public-apis/public-apis","https://dynapictures.com/docs/","","","","apiKey","Yes","Yes","95","A · 优先试用","后端代理","建议通过服务端适配器统一鉴权、缓存、限流和错误处理。","密钥不得暴露在前端"
"6db965680b8f","Flickr","Flickr Services","https://www.flickr.com/services/api/","文化与媒体","Photography","图像与摄影综合能力","upstream","public-apis/public-apis","https://www.flickr.com/services/api/","","","","OAuth","Yes","Unknown","75","B · 值得验证","OAuth 集成","适合用户授权型产品；优先评估回调、安全存储和撤销流程。","CORS 未知，需要浏览器实测；需要完整授权与令牌生命周期设计"
"aa445901d224","Getty Images","Build applications using the world's most powerful imagery","http://developers.gettyimages.com/en/","文化与媒体","Photography","图像与摄影综合能力","upstream","public-apis/public-apis","http://developers.gettyimages.com/en/","","","","OAuth","Yes","Unknown","70","B · 值得验证","OAuth 集成","适合用户授权型产品；优先评估回调、安全存储和撤销流程。","CORS 未知，需要浏览器实测；需要完整授权与令牌生命周期设计"
"b9462ada75cf","Gfycat","Jiffier GIFs","https://developers.gfycat.com/api/","文化与媒体","Photography","图像与摄影综合能力","upstream","public-apis/public-apis","https://developers.gfycat.com/api/","","","","OAuth","Yes","Unknown","75","B · 值得验证","OAuth 集成","适合用户授权型产品；优先评估回调、安全存储和撤销流程。","CORS 未知，需要浏览器实测；需要完整授权与令牌生命周期设计"
"52af4ac896b3","Giphy","Get all your gifs","https://developers.giphy.com/docs/","文化与媒体","Photography","图像与摄影综合能力","upstream","public-apis/public-apis","https://developers.giphy.com/docs/","","","","apiKey","Yes","Unknown","78","B · 值得验证","后端代理","建议通过服务端适配器统一鉴权、缓存、限流和错误处理。","CORS 未知，需要浏览器实测；密钥不得暴露在前端"
"6eea8f822523","Google Photos","Integrate Google Photos with your apps or devices","https://developers.google.com/photos","文化与媒体","Photography","图库与版权图片搜索","upstream","public-apis/public-apis","https://developers.google.com/photos","","","","OAuth","Yes","Unknown","80","B · 值得验证","OAuth 集成","适合用户授权型产品；优先评估回调、安全存储和撤销流程。","CORS 未知，需要浏览器实测；需要完整授权与令牌生命周期设计"
"415a8606bf51","Image Upload","Image Optimization","https://apilayer.com/marketplace/image_upload-api","文化与媒体","Photography","图片裁剪、压缩与优化；图片上传与托管","upstream","public-apis/public-apis","https://apilayer.com/marketplace/image_upload-api","","","","apiKey","Yes","Unknown","78","B · 值得验证","后端代理","建议通过服务端适配器统一鉴权、缓存、限流和错误处理。","CORS 未知，需要浏览器实测；密钥不得暴露在前端"
"e1ad3b2fa0e2","Imgur","Images","https://apidocs.imgur.com/","文化与媒体","Photography","图像与摄影综合能力","upstream","public-apis/public-apis","https://apidocs.imgur.com/","","","","OAuth","Yes","Unknown","70","B · 值得验证","OAuth 集成","适合用户授权型产品；优先评估回调、安全存储和撤销流程。","CORS 未知，需要浏览器实测；需要完整授权与令牌生命周期设计"
"5a3ea4c570d5","Imsea","Free image search","https://imsea.herokuapp.com/","文化与媒体","Photography","图像与摄影综合能力","upstream","public-apis/public-apis","https://imsea.herokuapp.com/","","","","No","Yes","Unknown","83","B · 值得验证","后端代理","建议通过服务端适配器统一鉴权、缓存、限流和错误处理。","CORS 未知，需要浏览器实测"
"e396f861a1ad","Lorem Picsum","Images from Unsplash","https://picsum.photos/","文化与媒体","Photography","图库与版权图片搜索","upstream","public-apis/public-apis","https://picsum.photos/","","","","No","Yes","Unknown","83","B · 值得验证","后端代理","建议通过服务端适配器统一鉴权、缓存、限流和错误处理。","CORS 未知，需要浏览器实测"
"6e0e5d82f1b5","ObjectCut","Image Background removal","https://objectcut.com/","文化与媒体","Photography","图像与摄影综合能力","upstream","public-apis/public-apis","https://objectcut.com/","","","","apiKey","Yes","Yes","95","A · 优先试用","后端代理","建议通过服务端适配器统一鉴权、缓存、限流和错误处理。","密钥不得暴露在前端"
"db2d748af229","Pexafy","Semantic image search across 9+ free stock photo sources with a unified JSON schema","https://docs.pexafy.com","文化与媒体","Photography","图库与版权图片搜索","upstream","public-apis/public-apis","https://docs.pexafy.com","","","","apiKey","Yes","Yes","95","A · 优先试用","后端代理","建议通过服务端适配器统一鉴权、缓存、限流和错误处理。","密钥不得暴露在前端"
"f631ac6e17bc","Pexels","Free Stock Photos and Videos","https://www.pexels.com/api/","文化与媒体","Photography","图库与版权图片搜索","upstream","public-apis/public-apis","https://www.pexels.com/api/","","","","apiKey","Yes","Yes","95","A · 优先试用","后端代理","建议通过服务端适配器统一鉴权、缓存、限流和错误处理。","密钥不得暴露在前端"
"cc0df8ea453c","PhotoRoom","Remove background from images","https://www.photoroom.com/api/","文化与媒体","Photography","图库与版权图片搜索","upstream","public-apis/public-apis","https://www.photoroom.com/api/","","","","apiKey","Yes","Unknown","83","B · 值得验证","后端代理","建议通过服务端适配器统一鉴权、缓存、限流和错误处理。","CORS 未知，需要浏览器实测；密钥不得暴露在前端"
"3c5655a68513","Pixabay","Photography","https://pixabay.com/sk/service/about/api/","文化与媒体","Photography","图库与版权图片搜索","upstream","public-apis/public-apis","https://pixabay.com/sk/service/about/api/","","","","apiKey","Yes","Unknown","78","B · 值得验证","后端代理","建议通过服务端适配器统一鉴权、缓存、限流和错误处理。","CORS 未知，需要浏览器实测；密钥不得暴露在前端"
"9b0b114c2032","PlaceKeanu","Resizable Keanu Reeves placeholder images with grayscale and young Keanu options","https://placekeanu.com/","文化与媒体","Photography","图像与摄影综合能力","upstream","public-apis/public-apis","https://placekeanu.com/","","","","No","Yes","Unknown","88","A · 优先试用","后端代理","建议通过服务端适配器统一鉴权、缓存、限流和错误处理。","CORS 未知，需要浏览器实测"
"4ed3eb3ff284","Readme typing SVG","Customizable typing and deleting text SVG","https://github.com/DenverCoder1/readme-typing-svg","文化与媒体","Photography","图像与摄影综合能力","upstream","public-apis/public-apis","https://github.com/DenverCoder1/readme-typing-svg","","","","No","Yes","Unknown","88","A · 优先试用","后端代理","建议通过服务端适配器统一鉴权、缓存、限流和错误处理。","CORS 未知，需要浏览器实测"
"6aa82416cc1d","Remove.bg","Image Background removal","https://www.remove.bg/api","文化与媒体","Photography","图像与摄影综合能力","upstream","public-apis/public-apis","https://www.remove.bg/api","","","","apiKey","Yes","Unknown","83","B · 值得验证","后端代理","建议通过服务端适配器统一鉴权、缓存、限流和错误处理。","CORS 未知，需要浏览器实测；密钥不得暴露在前端"
"f764e43cc370","ReSmush.it","Photo optimization","https://resmush.it/api","文化与媒体","Photography","图库与版权图片搜索；图片裁剪、压缩与优化","upstream","public-apis/public-apis","https://resmush.it/api","","","","No","No","Unknown","53","C · 谨慎接入","仅研究/寻找替代","先寻找 HTTPS 替代服务，不纳入默认生产候选。","未声明 HTTPS，不建议生产接入；CORS 未知，需要浏览器实测"
"eabe0ec61819","shutterstock","Stock Photos and Videos","https://api-reference.shutterstock.com/","文化与媒体","Photography","图库与版权图片搜索","upstream","public-apis/public-apis","https://api-reference.shutterstock.com/","","","","OAuth","Yes","Unknown","75","B · 值得验证","OAuth 集成","适合用户授权型产品；优先评估回调、安全存储和撤销流程。","CORS 未知，需要浏览器实测；需要完整授权与令牌生命周期设计"
"d2c21e037aa6","Sirv","Image management solutions like optimization, manipulation, hosting","https://apidocs.sirv.com/","文化与媒体","Photography","图片裁剪、压缩与优化","upstream","public-apis/public-apis","https://apidocs.sirv.com/","","","","apiKey","Yes","Unknown","83","B · 值得验证","后端代理","建议通过服务端适配器统一鉴权、缓存、限流和错误处理。","CORS 未知，需要浏览器实测；密钥不得暴露在前端"
"f827a753afe4","Tinify.dev","Image compression, resize and crop API with usage metadata","https://tinify.dev/developers","文化与媒体","Photography","图片裁剪、压缩与优化","upstream","public-apis/public-apis","https://tinify.dev/developers","","","","apiKey","Yes","No","75","B · 值得验证","后端代理","建议通过服务端适配器统一鉴权、缓存、限流和错误处理。","浏览器不可直连，应走服务端；密钥不得暴露在前端"
"8810ff8cf010","Unsplash","Photography","https://unsplash.com/developers","文化与媒体","Photography","图库与版权图片搜索","upstream","public-apis/public-apis","https://unsplash.com/developers","","","","OAuth","Yes","Unknown","75","B · 值得验证","OAuth 集成","适合用户授权型产品；优先评估回调、安全存储和撤销流程。","CORS 未知，需要浏览器实测；需要完整授权与令牌生命周期设计"
"bbda175f8b00","Wallhaven","Wallpapers","https://wallhaven.cc/help/api","文化与媒体","Photography","图库与版权图片搜索","upstream","public-apis/public-apis","https://wallhaven.cc/help/api","","","","apiKey","Yes","Unknown","78","B · 值得验证","后端代理","建议通过服务端适配器统一鉴权、缓存、限流和错误处理。","CORS 未知，需要浏览器实测；密钥不得暴露在前端"
"b154634d6133","Webdam","Images","https://www.damsuccess.com/hc/en-us/articles/202134055-REST-API","文化与媒体","Photography","图像与摄影综合能力","upstream","public-apis/public-apis","https://www.damsuccess.com/hc/en-us/articles/202134055-REST-API","","","","OAuth","Yes","Unknown","70","B · 值得验证","OAuth 集成","适合用户授权型产品；优先评估回调、安全存储和撤销流程。","CORS 未知，需要浏览器实测；需要完整授权与令牌生命周期设计"
"8edf938204b5","Codeforces","Get access to Codeforces data","https://codeforces.com/apiHelp","开发与基础设施","Programming","编程竞赛与题目","upstream","public-apis/public-apis","https://codeforces.com/apiHelp","","","","apiKey","Yes","Unknown","83","B · 值得验证","后端代理","建议通过服务端适配器统一鉴权、缓存、限流和错误处理。","CORS 未知，需要浏览器实测；密钥不得暴露在前端"
"ef96baecac61","Hackerearth","For compiling and running code in several languages","https://www.hackerearth.com/docs/wiki/developers/v4/","开发与基础设施","Programming","在线代码执行与编译","upstream","public-apis/public-apis","https://www.hackerearth.com/docs/wiki/developers/v4/","","","","apiKey","Yes","Unknown","83","B · 值得验证","后端代理","建议通过服务端适配器统一鉴权、缓存、限流和错误处理。","CORS 未知，需要浏览器实测；密钥不得暴露在前端"
"3370e8252d23","Judge0 CE","Online code execution system","https://ce.judge0.com/","开发与基础设施","Programming","在线代码执行与编译","upstream","public-apis/public-apis","https://ce.judge0.com/","","","","apiKey","Yes","Unknown","83","B · 值得验证","后端代理","建议通过服务端适配器统一鉴权、缓存、限流和错误处理。","CORS 未知，需要浏览器实测；密钥不得暴露在前端"
"b18a41fb59de","KONTESTS","For upcoming and ongoing competitive coding contests","https://kontests.net/api","开发与基础设施","Programming","编程竞赛与题目","upstream","public-apis/public-apis","https://kontests.net/api","","","","No","Yes","Unknown","88","A · 优先试用","后端代理","建议通过服务端适配器统一鉴权、缓存、限流和错误处理。","CORS 未知，需要浏览器实测"
"23895244e0ee","Mintlify","For programmatically generating documentation for code","https://docs.mintlify.com","开发与基础设施","Programming","代码文档生成","upstream","public-apis/public-apis","https://docs.mintlify.com","","","","apiKey","Yes","Yes","95","A · 优先试用","后端代理","建议通过服务端适配器统一鉴权、缓存、限流和错误处理。","密钥不得暴露在前端"
"238bccb0c2b3","arcsecond.io","Multiple astronomy data sources","https://api.arcsecond.io/","自然与生命","Science & Math","天文、太阳系与观测","upstream","public-apis/public-apis","https://api.arcsecond.io/","","","","No","Yes","Unknown","88","A · 优先试用","后端代理","建议通过服务端适配器统一鉴权、缓存、限流和错误处理。","CORS 未知，需要浏览器实测"
"88d701bb61c7","arXiv","Curated research-sharing platform: physics, mathematics, quantitative finance, and economics","https://arxiv.org/help/api/user-manual","自然与生命","Science & Math","论文与开放学术文献；数学计算与公式","upstream","public-apis/public-apis","https://arxiv.org/help/api/user-manual","","","","No","Yes","Unknown","88","A · 优先试用","后端代理","建议通过服务端适配器统一鉴权、缓存、限流和错误处理。","CORS 未知，需要浏览器实测"
"19248f531ede","CodeCogs","Render LaTeX equations in PNG, GIF, SVG, EMF, PDF, JSON, or download formats with styling options","https://editor.codecogs.com/docs/4-LaTeX_rendering.php","自然与生命","Science & Math","公式与 LaTeX 渲染；数学计算与公式","upstream","public-apis/public-apis","https://editor.codecogs.com/docs/4-LaTeX_rendering.php","","","","No","Yes","Unknown","88","A · 优先试用","后端代理","建议通过服务端适配器统一鉴权、缓存、限流和错误处理。","CORS 未知，需要浏览器实测"
"3446f84ae8cf","CORE","Access the world's Open Access research papers","https://core.ac.uk/services#api","自然与生命","Science & Math","论文与开放学术文献","upstream","public-apis/public-apis","https://core.ac.uk/services#api","","","","apiKey","Yes","Unknown","83","B · 值得验证","后端代理","建议通过服务端适配器统一鉴权、缓存、限流和错误处理。","CORS 未知，需要浏览器实测；密钥不得暴露在前端"
"b02099f13470","CycleCalcs","Interpreted astronomy: sun and moon times, moon phases, planets, eclipses, seasons","https://www.cyclecalcs.com/api.html","自然与生命","Science & Math","天文、太阳系与观测","upstream","public-apis/public-apis","https://www.cyclecalcs.com/api.html","","","","No","Yes","Yes","100","A · 优先试用","浏览器直连候选","适合无密钥原型；生产使用前验证限流、许可和稳定性。","仍需验证额度、条款、延迟与数据质量"
"4e5e180482a8","GBIF","Global Biodiversity Information Facility","https://www.gbif.org/developer/summary","自然与生命","Science & Math","生物与物种科学数据","upstream","public-apis/public-apis","https://www.gbif.org/developer/summary","","","","No","Yes","Yes","100","A · 优先试用","浏览器直连候选","适合无密钥原型；生产使用前验证限流、许可和稳定性。","仍需验证额度、条款、延迟与数据质量"
"2e1edbb291f7","iDigBio","Access millions of museum specimens from organizations around the world","https://github.com/idigbio/idigbio-search-api/wiki","自然与生命","Science & Math","科学与数学综合能力","upstream","public-apis/public-apis","https://github.com/idigbio/idigbio-search-api/wiki","","","","No","Yes","Unknown","88","A · 优先试用","后端代理","建议通过服务端适配器统一鉴权、缓存、限流和错误处理。","CORS 未知，需要浏览器实测"
"c54c538465c0","inspirehep.net","High Energy Physics info. system","https://github.com/inspirehep/rest-api-doc","自然与生命","Science & Math","科学与数学综合能力","upstream","public-apis/public-apis","https://github.com/inspirehep/rest-api-doc","","","","No","Yes","Unknown","88","A · 优先试用","后端代理","建议通过服务端适配器统一鉴权、缓存、限流和错误处理。","CORS 未知，需要浏览器实测"
"815951866458","isEven (humor)","Check if a number is even","https://isevenapi.xyz/","自然与生命","Science & Math","科学与数学综合能力","upstream","public-apis/public-apis","https://isevenapi.xyz/","","","","No","Yes","Unknown","88","A · 优先试用","后端代理","建议通过服务端适配器统一鉴权、缓存、限流和错误处理。","CORS 未知，需要浏览器实测"
"cdeaa89a00da","ISRO","ISRO Space Crafts Information","https://isro.vercel.app","自然与生命","Science & Math","航天任务与太空数据","upstream","public-apis/public-apis","https://isro.vercel.app","","","","No","Yes","No","80","B · 值得验证","后端代理","建议通过服务端适配器统一鉴权、缓存、限流和错误处理。","浏览器不可直连，应走服务端"
"30695d793b7b","ITIS","Integrated Taxonomic Information System","https://www.itis.gov/ws_description.html","自然与生命","Science & Math","科学与数学综合能力","upstream","public-apis/public-apis","https://www.itis.gov/ws_description.html","","","","No","Yes","Unknown","88","A · 优先试用","后端代理","建议通过服务端适配器统一鉴权、缓存、限流和错误处理。","CORS 未知，需要浏览器实测"
"4117d2039da2","Launch Library 2","Spaceflight launches and events database","https://thespacedevs.com/llapi","自然与生命","Science & Math","航天任务与太空数据","upstream","public-apis/public-apis","https://thespacedevs.com/llapi","","","","No","Yes","Yes","100","A · 优先试用","浏览器直连候选","适合无密钥原型；生产使用前验证限流、许可和稳定性。","仍需验证额度、条款、延迟与数据质量"
"de4e38dc9800","Materials Platform for Data Science","Curated experimental data for materials science","https://mpds.io","自然与生命","Science & Math","科学与数学综合能力","upstream","public-apis/public-apis","https://mpds.io","","","","apiKey","Yes","No","75","B · 值得验证","后端代理","建议通过服务端适配器统一鉴权、缓存、限流和错误处理。","浏览器不可直连，应走服务端；密钥不得暴露在前端"
"0bec2ba8ca64","Minor Planet Center","Asterank.com Information","http://www.asterank.com/mpc","自然与生命","Science & Math","天文、太阳系与观测","upstream","public-apis/public-apis","http://www.asterank.com/mpc","","","","No","No","Unknown","48","D · 建议替代","仅研究/寻找替代","先寻找 HTTPS 替代服务，不纳入默认生产候选。","未声明 HTTPS，不建议生产接入；CORS 未知，需要浏览器实测"
"dc9d19892012","NASA","NASA data, including imagery","https://api.nasa.gov","自然与生命","Science & Math","航天任务与太空数据","upstream","public-apis/public-apis","https://api.nasa.gov","","","","No","Yes","No","80","B · 值得验证","后端代理","建议通过服务端适配器统一鉴权、缓存、限流和错误处理。","浏览器不可直连，应走服务端"
"7a8fbfa1481d","NASA ADS","NASA Astrophysics Data System","https://ui.adsabs.harvard.edu/help/api/api-docs.html","自然与生命","Science & Math","航天任务与太空数据","upstream","public-apis/public-apis","https://ui.adsabs.harvard.edu/help/api/api-docs.html","","","","OAuth","Yes","Yes","92","A · 优先试用","OAuth 集成","适合用户授权型产品；优先评估回调、安全存储和撤销流程。","需要完整授权与令牌生命周期设计"
"8b980207eef3","Newton","Symbolic and Arithmetic Math Calculator","https://newton.vercel.app","自然与生命","Science & Math","数学计算与公式","upstream","public-apis/public-apis","https://newton.vercel.app","","","","No","Yes","No","80","B · 值得验证","后端代理","建议通过服务端适配器统一鉴权、缓存、限流和错误处理。","浏览器不可直连，应走服务端"
"86024075e19b","Noctua","REST API used to access NoctuaSky features","https://api.noctuasky.com/api/v1/swaggerdoc/","自然与生命","Science & Math","科学与数学综合能力","upstream","public-apis/public-apis","https://api.noctuasky.com/api/v1/swaggerdoc/","","","","No","Yes","Unknown","88","A · 优先试用","后端代理","建议通过服务端适配器统一鉴权、缓存、限流和错误处理。","CORS 未知，需要浏览器实测"
"6e45ce15442e","Numbers","Number of the day, random number, number facts and anything else you want to do with numbers","https://math.tools/api/numbers/","自然与生命","Science & Math","科学与数学综合能力","upstream","public-apis/public-apis","https://math.tools/api/numbers/","","","","apiKey","Yes","No","75","B · 值得验证","后端代理","建议通过服务端适配器统一鉴权、缓存、限流和错误处理。","浏览器不可直连，应走服务端；密钥不得暴露在前端"
"729d2cf5df86","Numbers","Facts about numbers","http://numbersapi.com","自然与生命","Science & Math","科学与数学综合能力","upstream","public-apis/public-apis","http://numbersapi.com","","","","No","No","No","35","D · 建议替代","仅研究/寻找替代","先寻找 HTTPS 替代服务，不纳入默认生产候选。","未声明 HTTPS，不建议生产接入；浏览器不可直连，应走服务端"
"21de7f1bab51","Ocean Facts","Facts pertaining to the physical science of Oceanography","https://oceanfacts.herokuapp.com/","自然与生命","Science & Math","科学与数学综合能力","upstream","public-apis/public-apis","https://oceanfacts.herokuapp.com/","","","","No","Yes","Unknown","88","A · 优先试用","后端代理","建议通过服务端适配器统一鉴权、缓存、限流和错误处理。","CORS 未知，需要浏览器实测"
"4c2e22f88bdd","Open Notify","ISS astronauts, current location, etc","http://open-notify.org/Open-Notify-API/","自然与生命","Science & Math","科学与数学综合能力","upstream","public-apis/public-apis","http://open-notify.org/Open-Notify-API/","","","","No","No","No","40","D · 建议替代","仅研究/寻找替代","先寻找 HTTPS 替代服务，不纳入默认生产候选。","未声明 HTTPS，不建议生产接入；浏览器不可直连，应走服务端"
"ff2642e795b0","Open Science Framework","Repository and archive for study designs, research materials, data, manuscripts, etc","https://developer.osf.io","自然与生命","Science & Math","科学与数学综合能力","upstream","public-apis/public-apis","https://developer.osf.io","","","","No","Yes","Unknown","88","A · 优先试用","后端代理","建议通过服务端适配器统一鉴权、缓存、限流和错误处理。","CORS 未知，需要浏览器实测"
"dc7303bab1b6","OpenAlex","Open catalog of scholarly works, authors, institutions, sources, and concepts","https://docs.openalex.org/","自然与生命","Science & Math","科学与数学综合能力","upstream","public-apis/public-apis","https://docs.openalex.org/","","","","No","Yes","Yes","100","A · 优先试用","浏览器直连候选","适合无密钥原型；生产使用前验证限流、许可和稳定性。","仍需验证额度、条款、延迟与数据质量"
"02d1d4982267","OrbitalWiki","Catalog of 16,000+ satellites merging CelesTrak, GCAT, Wikidata; free tier included","https://orbitalwiki.com/developers","自然与生命","Science & Math","航天任务与太空数据","upstream","public-apis/public-apis","https://orbitalwiki.com/developers","","","","apiKey","Yes","Yes","95","A · 优先试用","后端代理","建议通过服务端适配器统一鉴权、缓存、限流和错误处理。","密钥不得暴露在前端"
"f6207e7c1513","Purple Air","Real Time Air Quality Monitoring","https://www2.purpleair.com/","自然与生命","Science & Math","科学与数学综合能力","upstream","public-apis/public-apis","https://www2.purpleair.com/","","","","No","Yes","Unknown","88","A · 优先试用","后端代理","建议通过服务端适配器统一鉴权、缓存、限流和错误处理。","CORS 未知，需要浏览器实测"
"c4f384d199ca","Remote Calc","Decodes base64 encoding and parses it to return a solution to the calculation in JSON","https://github.com/elizabethadegbaju/remotecalc","自然与生命","Science & Math","科学与数学综合能力","upstream","public-apis/public-apis","https://github.com/elizabethadegbaju/remotecalc","","","","No","Yes","Yes","100","A · 优先试用","浏览器直连候选","适合无密钥原型；生产使用前验证限流、许可和稳定性。","仍需验证额度、条款、延迟与数据质量"
"a9172d3196e2","SHARE","A free, open, dataset about research and scholarly activities","https://share.osf.io/api/v2/","自然与生命","Science & Math","科学与数学综合能力","upstream","public-apis/public-apis","https://share.osf.io/api/v2/","","","","No","Yes","No","80","B · 值得验证","后端代理","建议通过服务端适配器统一鉴权、缓存、限流和错误处理。","浏览器不可直连，应走服务端"
"eff8e95e3a34","SpaceX","Company, vehicle, launchpad and launch data","https://github.com/r-spacex/SpaceX-API","自然与生命","Science & Math","航天任务与太空数据","upstream","public-apis/public-apis","https://github.com/r-spacex/SpaceX-API","","","","No","Yes","No","80","B · 值得验证","后端代理","建议通过服务端适配器统一鉴权、缓存、限流和错误处理。","浏览器不可直连，应走服务端"
"657eccefbbc7","SpaceX","GraphQL, Company, Ships, launchpad and launch data","https://api.spacex.land/graphql/","自然与生命","Science & Math","航天任务与太空数据","upstream","public-apis/public-apis","https://api.spacex.land/graphql/","","","","No","Yes","Unknown","88","A · 优先试用","后端代理","建议通过服务端适配器统一鉴权、缓存、限流和错误处理。","CORS 未知，需要浏览器实测"
"2794f6656971","Sunrise and Sunset","Sunset and sunrise times for a given latitude and longitude","https://sunrise-sunset.org/api","自然与生命","Science & Math","天文、太阳系与观测","upstream","public-apis/public-apis","https://sunrise-sunset.org/api","","","","No","Yes","No","80","B · 值得验证","后端代理","建议通过服务端适配器统一鉴权、缓存、限流和错误处理。","浏览器不可直连，应走服务端"
"1c755572c1d1","Tallytopia","Calculators for finance, health, math, space and sports with step-by-step results","https://tallytopia.com/api-docs","自然与生命","Science & Math","航天任务与太空数据；数学计算与公式","upstream","public-apis/public-apis","https://tallytopia.com/api-docs","","","","No","Yes","Yes","100","A · 优先试用","浏览器直连候选","适合无密钥原型；生产使用前验证限流、许可和稳定性。","仍需验证额度、条款、延迟与数据质量"
"52afd82c7bfb","Times Adder","With this API you can add each of the times introduced in the array sended","https://github.com/FranP-code/API-Times-Adder","自然与生命","Science & Math","科学与数学综合能力","upstream","public-apis/public-apis","https://github.com/FranP-code/API-Times-Adder","","","","No","Yes","No","80","B · 值得验证","后端代理","建议通过服务端适配器统一鉴权、缓存、限流和错误处理。","浏览器不可直连，应走服务端"
"9494bbf767fa","TLE","Satellite information","https://tle.ivanstanojevic.me/#/docs","自然与生命","Science & Math","航天任务与太空数据","upstream","public-apis/public-apis","https://tle.ivanstanojevic.me/#/docs","","","","No","Yes","No","75","B · 值得验证","后端代理","建议通过服务端适配器统一鉴权、缓存、限流和错误处理。","浏览器不可直连，应走服务端"
"a53dcbdacf0b","USGS Earthquake Hazards Program","Earthquakes data real-time","https://earthquake.usgs.gov/fdsnws/event/1/","自然与生命","Science & Math","科学与数学综合能力","upstream","public-apis/public-apis","https://earthquake.usgs.gov/fdsnws/event/1/","","","","No","Yes","No","80","B · 值得验证","后端代理","建议通过服务端适配器统一鉴权、缓存、限流和错误处理。","浏览器不可直连，应走服务端"
"ed96b1c59bd9","USGS Water Services","Water quality and level info for rivers and lakes","https://waterservices.usgs.gov/","自然与生命","Science & Math","科学与数学综合能力","upstream","public-apis/public-apis","https://waterservices.usgs.gov/","","","","No","Yes","No","80","B · 值得验证","后端代理","建议通过服务端适配器统一鉴权、缓存、限流和错误处理。","浏览器不可直连，应走服务端"
"a02df6c23874","VedIntel™ AstroAPI","Vedic astrology computation — birth charts, dashas, panchang, AI narratives","https://vedintelastroapi.com/docs","自然与生命","Science & Math","科学与数学综合能力","upstream","public-apis/public-apis","https://vedintelastroapi.com/docs","","","","apiKey","Yes","Yes","95","A · 优先试用","后端代理","建议通过服务端适配器统一鉴权、缓存、限流和错误处理。","密钥不得暴露在前端"
"8a5e67d6199c","World Bank","World Data","https://datahelpdesk.worldbank.org/knowledgebase/topics/125589","自然与生命","Science & Math","科学与数学综合能力","upstream","public-apis/public-apis","https://datahelpdesk.worldbank.org/knowledgebase/topics/125589","","","","No","Yes","No","75","B · 值得验证","后端代理","建议通过服务端适配器统一鉴权、缓存、限流和错误处理。","浏览器不可直连，应走服务端"
"c325fa7b215b","xMath","Random mathematical expressions","https://x-math.herokuapp.com/","自然与生命","Science & Math","数学计算与公式","upstream","public-apis/public-apis","https://x-math.herokuapp.com/","","","","No","Yes","Yes","100","A · 优先试用","浏览器直连候选","适合无密钥原型；生产使用前验证限流、许可和稳定性。","仍需验证额度、条款、延迟与数据质量"
"547271a05675","Application Environment Verification","Android library and API to verify the safety of user devices, detect rooted devices and other risks","https://github.com/fingerprintjs/aev","安全与身份","Security","欺诈、机器人与设备风险","upstream","public-apis/public-apis","https://github.com/fingerprintjs/aev","","","","apiKey","Yes","Yes","95","A · 优先试用","后端代理","建议通过服务端适配器统一鉴权、缓存、限流和错误处理。","密钥不得暴露在前端"
"de780944c194","BinaryEdge","Provide access to BinaryEdge 40fy scanning platform","https://docs.binaryedge.io/api-v2.html","安全与身份","Security","互联网资产与暴露面","upstream","public-apis/public-apis","https://docs.binaryedge.io/api-v2.html","","","","apiKey","Yes","Yes","95","A · 优先试用","后端代理","建议通过服务端适配器统一鉴权、缓存、限流和错误处理。","密钥不得暴露在前端"
"46f98d305c1e","BitWarden","Best open-source password manager","https://bitwarden.com/help/api/","安全与身份","Security","密码与密钥安全","upstream","public-apis/public-apis","https://bitwarden.com/help/api/","","","","OAuth","Yes","Unknown","80","B · 值得验证","OAuth 集成","适合用户授权型产品；优先评估回调、安全存储和撤销流程。","CORS 未知，需要浏览器实测；需要完整授权与令牌生命周期设计"
"1b296ba05021","Botd","Botd is a browser library for JavaScript bot detection","https://github.com/fingerprintjs/botd","安全与身份","Security","欺诈、机器人与设备风险","upstream","public-apis/public-apis","https://github.com/fingerprintjs/botd","","","","apiKey","Yes","Yes","95","A · 优先试用","后端代理","建议通过服务端适配器统一鉴权、缓存、限流和错误处理。","密钥不得暴露在前端"
"498753376ac7","Bugcrowd","Bugcrowd API for interacting and tracking the reported issues programmatically","https://docs.bugcrowd.com/api/getting-started/","安全与身份","Security","漏洞报告与安全项目管理；互联网资产与暴露面","upstream","public-apis/public-apis","https://docs.bugcrowd.com/api/getting-started/","","","","apiKey","Yes","Unknown","83","B · 值得验证","后端代理","建议通过服务端适配器统一鉴权、缓存、限流和错误处理。","CORS 未知，需要浏览器实测；密钥不得暴露在前端"
"4ed0f14c746a","Censys","Search engine for Internet connected host and devices","https://search.censys.io/api","安全与身份","Security","互联网资产与暴露面","upstream","public-apis/public-apis","https://search.censys.io/api","","","","apiKey","Yes","No","75","B · 值得验证","后端代理","建议通过服务端适配器统一鉴权、缓存、限流和错误处理。","浏览器不可直连，应走服务端；密钥不得暴露在前端"
"1ab52a1c748d","Classify","Encrypting & decrypting text messages","https://classify-web.herokuapp.com/#/api","安全与身份","Security","网络安全综合能力","upstream","public-apis/public-apis","https://classify-web.herokuapp.com/#/api","","","","No","Yes","Yes","100","A · 优先试用","浏览器直连候选","适合无密钥原型；生产使用前验证限流、许可和稳定性。","仍需验证额度、条款、延迟与数据质量"
"31305e0a7910","Complete Criminal Checks","Provides data of offenders from all U.S. States and Pureto Rico","https://completecriminalchecks.com/Developers","安全与身份","Security","网络安全综合能力","upstream","public-apis/public-apis","https://completecriminalchecks.com/Developers","","","","apiKey","Yes","Yes","95","A · 优先试用","后端代理","建议通过服务端适配器统一鉴权、缓存、限流和错误处理。","密钥不得暴露在前端"
"67407739c8a8","CRXcavator","Chrome extension risk scoring","https://crxcavator.io/apidocs","安全与身份","Security","欺诈、机器人与设备风险","upstream","public-apis/public-apis","https://crxcavator.io/apidocs","","","","apiKey","Yes","Unknown","83","B · 值得验证","后端代理","建议通过服务端适配器统一鉴权、缓存、限流和错误处理。","CORS 未知，需要浏览器实测；密钥不得暴露在前端"
"2d98dc7ba6b0","CSR.plus","Generate certificate signing requests and private keys without OpenSSL","https://csr.plus/docs/api","安全与身份","Security","TLS 证书与域名安全","upstream","public-apis/public-apis","https://csr.plus/docs/api","","","","No","Yes","Yes","100","A · 优先试用","浏览器直连候选","适合无密钥原型；生产使用前验证限流、许可和稳定性。","仍需验证额度、条款、延迟与数据质量"
"38a72a8bd0c1","dead-drop","Ephemeral zero-knowledge encrypted data sharing","https://api.dead-drop.xyz/api/v1/docs","安全与身份","Security","网络安全综合能力","upstream","public-apis/public-apis","https://api.dead-drop.xyz/api/v1/docs","","","","No","Yes","Yes","100","A · 优先试用","浏览器直连候选","适合无密钥原型；生产使用前验证限流、许可和稳定性。","仍需验证额度、条款、延迟与数据质量"
"51c4d2b50aba","Dehash.lt","Hash decryption MD5, SHA1, SHA3, SHA256, SHA384, SHA512","https://github.com/Dehash-lt/api","安全与身份","Security","网络安全综合能力","upstream","public-apis/public-apis","https://github.com/Dehash-lt/api","","","","No","Yes","Unknown","88","A · 优先试用","后端代理","建议通过服务端适配器统一鉴权、缓存、限流和错误处理。","CORS 未知，需要浏览器实测"
"c230fc26a83a","Domain Intelligence","DNS, WHOIS/RDAP, SSL, subdomain enumeration, and email security in one parallel call","https://oti-labs.com/domain-intelligence-api","安全与身份","Security","TLS 证书与域名安全","upstream","public-apis/public-apis","https://oti-labs.com/domain-intelligence-api","","","","apiKey","Yes","No","75","B · 值得验证","后端代理","建议通过服务端适配器统一鉴权、缓存、限流和错误处理。","浏览器不可直连，应走服务端；密钥不得暴露在前端"
"64f45c964438","EmailRep","Email address threat and risk prediction","https://docs.emailrep.io/","安全与身份","Security","欺诈、机器人与设备风险","upstream","public-apis/public-apis","https://docs.emailrep.io/","","","","No","Yes","Unknown","88","A · 优先试用","后端代理","建议通过服务端适配器统一鉴权、缓存、限流和错误处理。","CORS 未知，需要浏览器实测"
"52ac5060b221","Escape","An API for escaping different kind of queries","https://github.com/polarspetroll/EscapeAPI","安全与身份","Security","网络安全综合能力","upstream","public-apis/public-apis","https://github.com/polarspetroll/EscapeAPI","","","","No","Yes","No","80","B · 值得验证","后端代理","建议通过服务端适配器统一鉴权、缓存、限流和错误处理。","浏览器不可直连，应走服务端"
"3075409b6edd","FilterLists","Lists of filters for adblockers and firewalls","https://filterlists.com","安全与身份","Security","网络安全综合能力","upstream","public-apis/public-apis","https://filterlists.com","","","","No","Yes","Unknown","88","A · 优先试用","后端代理","建议通过服务端适配器统一鉴权、缓存、限流和错误处理。","CORS 未知，需要浏览器实测"
"5a0f933f0cd5","FingerprintJS Pro","Fraud detection API offering highly accurate browser fingerprinting","https://dev.fingerprintjs.com/docs","安全与身份","Security","欺诈、机器人与设备风险","upstream","public-apis/public-apis","https://dev.fingerprintjs.com/docs","","","","apiKey","Yes","Yes","95","A · 优先试用","后端代理","建议通过服务端适配器统一鉴权、缓存、限流和错误处理。","密钥不得暴露在前端"
"4586dd1d8178","FOFA","Search engine for Internet connected assets and devices","https://en.fofa.info/api","安全与身份","Security","互联网资产与暴露面","upstream","public-apis/public-apis","https://en.fofa.info/api","","","","apiKey","Yes","Unknown","83","B · 值得验证","后端代理","建议通过服务端适配器统一鉴权、缓存、限流和错误处理。","CORS 未知，需要浏览器实测；密钥不得暴露在前端"
"589f0b3cf976","FraudLabs Pro","Screen order information using AI to detect frauds","https://www.fraudlabspro.com/developer/api/screen-order","安全与身份","Security","欺诈、机器人与设备风险","upstream","public-apis/public-apis","https://www.fraudlabspro.com/developer/api/screen-order","","","","apiKey","Yes","Unknown","83","B · 值得验证","后端代理","建议通过服务端适配器统一鉴权、缓存、限流和错误处理。","CORS 未知，需要浏览器实测；密钥不得暴露在前端"
"2f89c67967a1","FullHunt","Searchable attack surface database of the entire internet","https://api-docs.fullhunt.io/#introduction","安全与身份","Security","网络安全综合能力","upstream","public-apis/public-apis","https://api-docs.fullhunt.io/#introduction","","","","apiKey","Yes","Unknown","83","B · 值得验证","后端代理","建议通过服务端适配器统一鉴权、缓存、限流和错误处理。","CORS 未知，需要浏览器实测；密钥不得暴露在前端"
"13c6ab2b4d44","GitGuardian","Scan files for secrets (API Keys, database credentials)","https://api.gitguardian.com/doc","安全与身份","Security","密码与密钥安全","upstream","public-apis/public-apis","https://api.gitguardian.com/doc","","","","apiKey","Yes","No","75","B · 值得验证","后端代理","建议通过服务端适配器统一鉴权、缓存、限流和错误处理。","浏览器不可直连，应走服务端；密钥不得暴露在前端"
"b9f2006b7168","GreyNoise","Query IPs in the GreyNoise dataset and retrieve a subset of the full IP context data","https://docs.greynoise.io/reference/get_v3-community-ip","安全与身份","Security","网络安全综合能力","upstream","public-apis/public-apis","https://docs.greynoise.io/reference/get_v3-community-ip","","","","apiKey","Yes","Unknown","83","B · 值得验证","后端代理","建议通过服务端适配器统一鉴权、缓存、限流和错误处理。","CORS 未知，需要浏览器实测；密钥不得暴露在前端"
"3048e35d4493","HackerOne","The industry’s first hacker API that helps increase productivity towards creative bug bounty hunting","https://api.hackerone.com/","安全与身份","Security","漏洞报告与安全项目管理","upstream","public-apis/public-apis","https://api.hackerone.com/","","","","apiKey","Yes","Unknown","83","B · 值得验证","后端代理","建议通过服务端适配器统一鉴权、缓存、限流和错误处理。","CORS 未知，需要浏览器实测；密钥不得暴露在前端"
"9ce983592912","Hashable","A REST API to access high level cryptographic functions and methods","https://hashable.space/pages/api/","安全与身份","Security","网络安全综合能力","upstream","public-apis/public-apis","https://hashable.space/pages/api/","","","","No","Yes","Yes","100","A · 优先试用","浏览器直连候选","适合无密钥原型；生产使用前验证限流、许可和稳定性。","仍需验证额度、条款、延迟与数据质量"
"05c1cbb15ef2","Hybrid Analysis","File and URL malware analysis powered by Falcon Sandbox","https://www.hybrid-analysis.com/docs/api/v2","安全与身份","Security","网络安全综合能力","upstream","public-apis/public-apis","https://www.hybrid-analysis.com/docs/api/v2","","","","apiKey","Yes","Unknown","83","B · 值得验证","后端代理","建议通过服务端适配器统一鉴权、缓存、限流和错误处理。","CORS 未知，需要浏览器实测；密钥不得暴露在前端"
"b3d72649723c","HaveIBeenPwned","Passwords which have previously been exposed in data breaches","https://haveibeenpwned.com/API/v3","安全与身份","Security","数据泄露与账号暴露；密码与密钥安全","upstream","public-apis/public-apis","https://haveibeenpwned.com/API/v3","","","","apiKey","Yes","Unknown","83","B · 值得验证","后端代理","建议通过服务端适配器统一鉴权、缓存、限流和错误处理。","CORS 未知，需要浏览器实测；密钥不得暴露在前端"
"4392adb08231","Intelligence X","Perform OSINT via Intelligence X","https://github.com/IntelligenceX/SDK/blob/master/Intelligence%20X%20API.pdf","安全与身份","Security","网络安全综合能力","upstream","public-apis/public-apis","https://github.com/IntelligenceX/SDK/blob/master/Intelligence%20X%20API.pdf","","","","apiKey","Yes","Unknown","83","B · 值得验证","后端代理","建议通过服务端适配器统一鉴权、缓存、限流和错误处理。","CORS 未知，需要浏览器实测；密钥不得暴露在前端"
"61632e199f21","IPLogs","Free VPN, proxy, Tor and datacenter IP detection. 13 sources, active probing","https://iplogs.com/docs","安全与身份","Security","欺诈、机器人与设备风险","upstream","public-apis/public-apis","https://iplogs.com/docs","","","","No","Yes","Yes","100","A · 优先试用","浏览器直连候选","适合无密钥原型；生产使用前验证限流、许可和稳定性。","仍需验证额度、条款、延迟与数据质量"
"00c8aad7e32b","LoginRadius","Managed User Authentication Service","https://www.loginradius.com/docs/","安全与身份","Security","网络安全综合能力","upstream","public-apis/public-apis","https://www.loginradius.com/docs/","","","","apiKey","Yes","Yes","95","A · 优先试用","后端代理","建议通过服务端适配器统一鉴权、缓存、限流和错误处理。","密钥不得暴露在前端"
"5c87491f841b","Microsoft Security Response Center (MSRC)","Programmatic interfaces to engage with the Microsoft Security Response Center (MSRC)","https://msrc.microsoft.com/report/developer","安全与身份","Security","网络安全综合能力","upstream","public-apis/public-apis","https://msrc.microsoft.com/report/developer","","","","No","Yes","Unknown","88","A · 优先试用","后端代理","建议通过服务端适配器统一鉴权、缓存、限流和错误处理。","CORS 未知，需要浏览器实测"
"dabce4bda89f","Mozilla http scanner","Mozilla observatory http scanner","https://github.com/mozilla/http-observatory/blob/master/httpobs/docs/api.md","安全与身份","Security","网络安全综合能力","upstream","public-apis/public-apis","https://github.com/mozilla/http-observatory/blob/master/httpobs/docs/api.md","","","","No","Yes","Unknown","88","A · 优先试用","后端代理","建议通过服务端适配器统一鉴权、缓存、限流和错误处理。","CORS 未知，需要浏览器实测"
"c85b306b768d","Mozilla tls scanner","Mozilla observatory tls scanner","https://github.com/mozilla/tls-observatory#api-endpoints","安全与身份","Security","TLS 证书与域名安全","upstream","public-apis/public-apis","https://github.com/mozilla/tls-observatory#api-endpoints","","","","No","Yes","Unknown","88","A · 优先试用","后端代理","建议通过服务端适配器统一鉴权、缓存、限流和错误处理。","CORS 未知，需要浏览器实测"
"de192b072bab","National Vulnerability Database","U.S. National Vulnerability Database","https://nvd.nist.gov/vuln/Data-Feeds/JSON-feed-changelog","安全与身份","Security","漏洞与 CVE 情报","upstream","public-apis/public-apis","https://nvd.nist.gov/vuln/Data-Feeds/JSON-feed-changelog","","","","No","Yes","Unknown","88","A · 优先试用","后端代理","建议通过服务端适配器统一鉴权、缓存、限流和错误处理。","CORS 未知，需要浏览器实测"
"7572229e2adb","Passwordinator","Generate random passwords of varying complexities","https://github.com/fawazsullia/password-generator/","安全与身份","Security","密码与密钥安全","upstream","public-apis/public-apis","https://github.com/fawazsullia/password-generator/","","","","No","Yes","Yes","100","A · 优先试用","浏览器直连候选","适合无密钥原型；生产使用前验证限流、许可和稳定性。","仍需验证额度、条款、延迟与数据质量"
"d57f70fb05c2","PhishStats","Phishing database","https://phishstats.info/","安全与身份","Security","网络安全综合能力","upstream","public-apis/public-apis","https://phishstats.info/","","","","No","Yes","Unknown","83","B · 值得验证","后端代理","建议通过服务端适配器统一鉴权、缓存、限流和错误处理。","CORS 未知，需要浏览器实测"
"2856629f54db","Privacy.com","Generate merchant-specific and one-time use credit card numbers that link back to your bank","https://privacy.com/developer/docs","安全与身份","Security","网络安全综合能力","upstream","public-apis/public-apis","https://privacy.com/developer/docs","","","","apiKey","Yes","Unknown","83","B · 值得验证","后端代理","建议通过服务端适配器统一鉴权、缓存、限流和错误处理。","CORS 未知，需要浏览器实测；密钥不得暴露在前端"
"41504448cf23","Pulsedive","Scan, search and collect threat intelligence data in real-time","https://pulsedive.com/api/","安全与身份","Security","威胁情报与信誉","upstream","public-apis/public-apis","https://pulsedive.com/api/","","","","apiKey","Yes","Unknown","83","B · 值得验证","后端代理","建议通过服务端适配器统一鉴权、缓存、限流和错误处理。","CORS 未知，需要浏览器实测；密钥不得暴露在前端"
"69d62eeab8e5","SecurityTrails","Domain and IP related information such as current and historical WHOIS and DNS records","https://securitytrails.com/corp/apidocs","安全与身份","Security","TLS 证书与域名安全","upstream","public-apis/public-apis","https://securitytrails.com/corp/apidocs","","","","apiKey","Yes","Unknown","83","B · 值得验证","后端代理","建议通过服务端适配器统一鉴权、缓存、限流和错误处理。","CORS 未知，需要浏览器实测；密钥不得暴露在前端"
"8d6a5e6e3cbf","Shodan","Search engine for Internet connected devices","https://developer.shodan.io/","安全与身份","Security","互联网资产与暴露面","upstream","public-apis/public-apis","https://developer.shodan.io/","","","","apiKey","Yes","Unknown","83","B · 值得验证","后端代理","建议通过服务端适配器统一鉴权、缓存、限流和错误处理。","CORS 未知，需要浏览器实测；密钥不得暴露在前端"
"46904ffedc35","Spyse","Access data on all Internet assets and build powerful attack surface management applications","https://spyse-dev.readme.io/reference/quick-start","安全与身份","Security","网络安全综合能力","upstream","public-apis/public-apis","https://spyse-dev.readme.io/reference/quick-start","","","","apiKey","Yes","Unknown","83","B · 值得验证","后端代理","建议通过服务端适配器统一鉴权、缓存、限流和错误处理。","CORS 未知，需要浏览器实测；密钥不得暴露在前端"
"8c440444bc06","SSL Domain Health Check","SSL certificate validity, domain WHOIS status, and DNS record checks for any domain","https://rapidapi.com/goktugbk/api/ssl-domain-health-check","安全与身份","Security","TLS 证书与域名安全","upstream","public-apis/public-apis","https://rapidapi.com/goktugbk/api/ssl-domain-health-check","","","","apiKey","Yes","Unknown","83","B · 值得验证","后端代理","建议通过服务端适配器统一鉴权、缓存、限流和错误处理。","CORS 未知，需要浏览器实测；密钥不得暴露在前端"
"1d4c79928f47","Threat Jammer","Risk scoring service from curated threat intelligence data","https://threatjammer.com/docs/index","安全与身份","Security","欺诈、机器人与设备风险；威胁情报与信誉","upstream","public-apis/public-apis","https://threatjammer.com/docs/index","","","","apiKey","Yes","Unknown","83","B · 值得验证","后端代理","建议通过服务端适配器统一鉴权、缓存、限流和错误处理。","CORS 未知，需要浏览器实测；密钥不得暴露在前端"
"6ac1ecc04dcf","UK Police","UK Police data","https://data.police.uk/docs/","安全与身份","Security","网络安全综合能力","upstream","public-apis/public-apis","https://data.police.uk/docs/","","","","No","Yes","Unknown","83","B · 值得验证","后端代理","建议通过服务端适配器统一鉴权、缓存、限流和错误处理。","CORS 未知，需要浏览器实测"
"88653aa41189","URLhaus","Database of malicious URLs used for malware distribution","https://urlhaus.abuse.ch/api/","安全与身份","Security","网络安全综合能力","upstream","public-apis/public-apis","https://urlhaus.abuse.ch/api/","","","","No","Yes","Unknown","88","A · 优先试用","后端代理","建议通过服务端适配器统一鉴权、缓存、限流和错误处理。","CORS 未知，需要浏览器实测"
"0d40a32ad36d","Virushee","Virushee file/data scanning","https://api.virushee.com/","安全与身份","Security","网络安全综合能力","upstream","public-apis/public-apis","https://api.virushee.com/","","","","No","Yes","Yes","100","A · 优先试用","浏览器直连候选","适合无密钥原型；生产使用前验证限流、许可和稳定性。","仍需验证额度、条款、延迟与数据质量"
"4225ffea7c11","VulDB","VulDB API allows to initiate queries for one or more items along with transactional bots","https://vuldb.com/?doc.api","安全与身份","Security","网络安全综合能力","upstream","public-apis/public-apis","https://vuldb.com/?doc.api","","","","apiKey","Yes","Unknown","83","B · 值得验证","后端代理","建议通过服务端适配器统一鉴权、缓存、限流和错误处理。","CORS 未知，需要浏览器实测；密钥不得暴露在前端"
"5fda24fdc481","Best Buy","Products, Buying Options, Categories, Recommendations, Stores and Commerce","https://bestbuyapis.github.io/api-documentation/#overview","金融与商业","Shopping","商品目录与详情；电商平台交易；价格、库存与优惠","upstream","public-apis/public-apis","https://bestbuyapis.github.io/api-documentation/#overview","","","","apiKey","Yes","Unknown","83","B · 值得验证","后端代理","建议通过服务端适配器统一鉴权、缓存、限流和错误处理。","CORS 未知，需要浏览器实测；密钥不得暴露在前端"
"33d3a003dc5a","BuyWhere","Real-time product catalog API for AI agents across merchants in 7 countries (SG, MY, TH, VN, PH, ID, US)","https://buywhere.ai","金融与商业","Shopping","商品目录与详情","upstream","public-apis/public-apis","https://buywhere.ai","","","","apiKey","Yes","Unknown","83","B · 值得验证","后端代理","建议通过服务端适配器统一鉴权、缓存、限流和错误处理。","CORS 未知，需要浏览器实测；密钥不得暴露在前端"
"44e647611b18","Digi-Key","Retrieve price and inventory of electronic components as well as place orders","https://www.digikey.com/en/resources/api-solutions","金融与商业","Shopping","价格、库存与优惠；商品目录与详情","upstream","public-apis/public-apis","https://www.digikey.com/en/resources/api-solutions","","","","OAuth","Yes","Unknown","80","B · 值得验证","OAuth 集成","适合用户授权型产品；优先评估回调、安全存储和撤销流程。","CORS 未知，需要浏览器实测；需要完整授权与令牌生命周期设计"
"e2322b4ddd69","Descripio Amazon Reviews","Amazon product reviews for 12 marketplaces","https://docs.descripio.com","金融与商业","Shopping","商品评价与口碑；电商平台交易；商品目录与详情","upstream","public-apis/public-apis","https://docs.descripio.com","","","","apiKey","Yes","Unknown","83","B · 值得验证","后端代理","建议通过服务端适配器统一鉴权、缓存、限流和错误处理。","CORS 未知，需要浏览器实测；密钥不得暴露在前端"
"9d863c779998","Dummy Products","An api to fetch dummy e-commerce products JSON data with placeholder images","https://dummyproducts-api.herokuapp.com/","金融与商业","Shopping","电商平台交易；商品目录与详情","upstream","public-apis/public-apis","https://dummyproducts-api.herokuapp.com/","","","","apiKey","Yes","Yes","95","A · 优先试用","后端代理","建议通过服务端适配器统一鉴权、缓存、限流和错误处理。","密钥不得暴露在前端"
"0ac9b0ee5d21","eBay","Sell and Buy on eBay","https://developer.ebay.com/","金融与商业","Shopping","电商平台交易","upstream","public-apis/public-apis","https://developer.ebay.com/","","","","OAuth","Yes","Unknown","75","B · 值得验证","OAuth 集成","适合用户授权型产品；优先评估回调、安全存储和撤销流程。","CORS 未知，需要浏览器实测；需要完整授权与令牌生命周期设计"
"07b43b35813d","Etsy","Manage shop and interact with listings","https://www.etsy.com/developers/documentation/getting_started/api_basics","金融与商业","Shopping","购物电商综合能力","upstream","public-apis/public-apis","https://www.etsy.com/developers/documentation/getting_started/api_basics","","","","OAuth","Yes","Unknown","80","B · 值得验证","OAuth 集成","适合用户授权型产品；优先评估回调、安全存储和撤销流程。","CORS 未知，需要浏览器实测；需要完整授权与令牌生命周期设计"
"e68692ecfc98","Flipkart Marketplace","Product listing management, Order Fulfilment in the Flipkart Marketplace","https://seller.flipkart.com/api-docs/FMSAPI.html","金融与商业","Shopping","电商平台交易；商品目录与详情","upstream","public-apis/public-apis","https://seller.flipkart.com/api-docs/FMSAPI.html","","","","OAuth","Yes","Yes","92","A · 优先试用","OAuth 集成","适合用户授权型产品；优先评估回调、安全存储和撤销流程。","需要完整授权与令牌生命周期设计"
"36b375126cb4","Lazada","Retrieve product ratings and seller performance metrics","https://open.lazada.com/doc/doc.htm","金融与商业","Shopping","商品目录与详情；商品评价与口碑","upstream","public-apis/public-apis","https://open.lazada.com/doc/doc.htm","","","","apiKey","Yes","Unknown","83","B · 值得验证","后端代理","建议通过服务端适配器统一鉴权、缓存、限流和错误处理。","CORS 未知，需要浏览器实测；密钥不得暴露在前端"
"7733cb39bdb4","Marketplace Fee Data","Seller fee schedules for 21 e-commerce marketplaces and payment processors as JSON","https://www.sellerscalc.com/data","金融与商业","Shopping","电商平台交易","upstream","public-apis/public-apis","https://www.sellerscalc.com/data","","","","No","Yes","Yes","100","A · 优先试用","浏览器直连候选","适合无密钥原型；生产使用前验证限流、许可和稳定性。","仍需验证额度、条款、延迟与数据质量"
"87047b6d8a1c","Mercadolibre","Manage sales, ads, products, services and Shops","https://developers.mercadolibre.cl/es_ar/api-docs-es","金融与商业","Shopping","商品目录与详情","upstream","public-apis/public-apis","https://developers.mercadolibre.cl/es_ar/api-docs-es","","","","apiKey","Yes","Unknown","83","B · 值得验证","后端代理","建议通过服务端适配器统一鉴权、缓存、限流和错误处理。","CORS 未知，需要浏览器实测；密钥不得暴露在前端"
"70151cdf12e4","Octopart","Electronic part data for manufacturing, design, and sourcing","https://octopart.com/api/v4/reference","金融与商业","Shopping","购物电商综合能力","upstream","public-apis/public-apis","https://octopart.com/api/v4/reference","","","","apiKey","Yes","Unknown","83","B · 值得验证","后端代理","建议通过服务端适配器统一鉴权、缓存、限流和错误处理。","CORS 未知，需要浏览器实测；密钥不得暴露在前端"
"50d89723999a","OLX Poland","Integrate with local sites by posting, managing adverts and communicating with OLX users","https://developer.olx.pl/api/doc#section/","金融与商业","Shopping","购物电商综合能力","upstream","public-apis/public-apis","https://developer.olx.pl/api/doc#section/","","","","apiKey","Yes","Unknown","83","B · 值得验证","后端代理","建议通过服务端适配器统一鉴权、缓存、限流和错误处理。","CORS 未知，需要浏览器实测；密钥不得暴露在前端"
"529cb31b8f5b","Rappi","Manage orders from Rappi's app","https://dev-portal.rappi.com/","金融与商业","Shopping","购物电商综合能力","upstream","public-apis/public-apis","https://dev-portal.rappi.com/","","","","OAuth","Yes","Unknown","80","B · 值得验证","OAuth 集成","适合用户授权型产品；优先评估回调、安全存储和撤销流程。","CORS 未知，需要浏览器实测；需要完整授权与令牌生命周期设计"
"e5e1323ce91d","Shopee","Shopee's official API for integration of various services from Shopee","https://open.shopee.com/documents?version=1","金融与商业","Shopping","购物电商综合能力","upstream","public-apis/public-apis","https://open.shopee.com/documents?version=1","","","","apiKey","Yes","Unknown","83","B · 值得验证","后端代理","建议通过服务端适配器统一鉴权、缓存、限流和错误处理。","CORS 未知，需要浏览器实测；密钥不得暴露在前端"
"b3059dd461a2","Sparepilot","Spare parts catalog, OEM cross-references & price comparison for garden power equipment","https://sparepilot.com/developers","金融与商业","Shopping","价格、库存与优惠；商品目录与详情","upstream","public-apis/public-apis","https://sparepilot.com/developers","","","","apiKey","Yes","Unknown","83","B · 值得验证","后端代理","建议通过服务端适配器统一鉴权、缓存、限流和错误处理。","CORS 未知，需要浏览器实测；密钥不得暴露在前端"
"8005141d8c18","Tokopedia","Tokopedia's Official API for integration of various services from Tokopedia","https://developer.tokopedia.com/openapi/guide/#/","金融与商业","Shopping","购物电商综合能力","upstream","public-apis/public-apis","https://developer.tokopedia.com/openapi/guide/#/","","","","OAuth","Yes","Unknown","80","B · 值得验证","OAuth 集成","适合用户授权型产品；优先评估回调、安全存储和撤销流程。","CORS 未知，需要浏览器实测；需要完整授权与令牌生命周期设计"
"0f9b85b27426","WooCommerce","WooCommerce REST APIS to create, read, update, and delete data on wordpress website in JSON format","https://woocommerce.github.io/woocommerce-rest-api-docs/","金融与商业","Shopping","电商平台交易","upstream","public-apis/public-apis","https://woocommerce.github.io/woocommerce-rest-api-docs/","","","","apiKey","Yes","Yes","95","A · 优先试用","后端代理","建议通过服务端适配器统一鉴权、缓存、限流和错误处理。","密钥不得暴露在前端"
"2f19161c3c60","4chan","Simple image-based bulletin board dedicated to a variety of topics","https://github.com/4chan/4chan-API","生产力与职业","Social","社区、论坛与讨论","upstream","public-apis/public-apis","https://github.com/4chan/4chan-API","","","","No","Yes","Yes","100","A · 优先试用","浏览器直连候选","适合无密钥原型；生产使用前验证限流、许可和稳定性。","仍需验证额度、条款、延迟与数据质量"
"f02a678fc38a","Ayrshare","Social media APIs to post, get analytics, and manage multiple users social media accounts","https://www.ayrshare.com","生产力与职业","Social","多平台内容发布；社交数据与互动分析；用户、主页与社交图谱","upstream","public-apis/public-apis","https://www.ayrshare.com","","","","apiKey","Yes","Yes","95","A · 优先试用","后端代理","建议通过服务端适配器统一鉴权、缓存、限流和错误处理。","密钥不得暴露在前端"
"3e5ef74e61dc","aztro","Daily horoscope info for yesterday, today, and tomorrow","https://aztro.sameerkumar.website/","生产力与职业","Social","社交综合能力","upstream","public-apis/public-apis","https://aztro.sameerkumar.website/","","","","No","Yes","Unknown","88","A · 优先试用","后端代理","建议通过服务端适配器统一鉴权、缓存、限流和错误处理。","CORS 未知，需要浏览器实测"
"d9d91d1cd436","Blogger","The Blogger APIs allows client applications to view and update Blogger content","https://developers.google.com/blogger/","生产力与职业","Social","博客与内容管理；多平台内容发布","upstream","public-apis/public-apis","https://developers.google.com/blogger/","","","","OAuth","Yes","Unknown","80","B · 值得验证","OAuth 集成","适合用户授权型产品；优先评估回调、安全存储和撤销流程。","CORS 未知，需要浏览器实测；需要完整授权与令牌生命周期设计"
"f8c4084b0493","Bluesky","Decentralized social networking via the AT protocol","https://docs.bsky.app/","生产力与职业","Social","去中心化社交协议；用户、主页与社交图谱","upstream","public-apis/public-apis","https://docs.bsky.app/","","","","No","Yes","Yes","100","A · 优先试用","浏览器直连候选","适合无密钥原型；生产使用前验证限流、许可和稳定性。","仍需验证额度、条款、延迟与数据质量"
"c0088ce057fa","Cisco Spark","Team Collaboration Software","https://developer.ciscospark.com","生产力与职业","Social","团队消息与协作","upstream","public-apis/public-apis","https://developer.ciscospark.com","","","","OAuth","Yes","Unknown","80","B · 值得验证","OAuth 集成","适合用户授权型产品；优先评估回调、安全存储和撤销流程。","CORS 未知，需要浏览器实测；需要完整授权与令牌生命周期设计"
"99d13e6a00ae","Dangerous Discord Database","Database of malicious Discord accounts","https://discord.riverside.rocks/docs/index.php","生产力与职业","Social","社交综合能力","upstream","public-apis/public-apis","https://discord.riverside.rocks/docs/index.php","","","","apiKey","Yes","Unknown","83","B · 值得验证","后端代理","建议通过服务端适配器统一鉴权、缓存、限流和错误处理。","CORS 未知，需要浏览器实测；密钥不得暴露在前端"
"56ba9bd1dbbf","Discord","Make bots for Discord, integrate Discord onto an external platform","https://discord.com/developers/docs/intro","生产力与职业","Social","社交综合能力","upstream","public-apis/public-apis","https://discord.com/developers/docs/intro","","","","OAuth","Yes","Unknown","80","B · 值得验证","OAuth 集成","适合用户授权型产品；优先评估回调、安全存储和撤销流程。","CORS 未知，需要浏览器实测；需要完整授权与令牌生命周期设计"
"fefb2db60f2f","Disqus","Communicate with Disqus data","https://disqus.com/api/docs/auth/","生产力与职业","Social","社交综合能力","upstream","public-apis/public-apis","https://disqus.com/api/docs/auth/","","","","OAuth","Yes","Unknown","80","B · 值得验证","OAuth 集成","适合用户授权型产品；优先评估回调、安全存储和撤销流程。","CORS 未知，需要浏览器实测；需要完整授权与令牌生命周期设计"
"b613284b9f94","Doge-Meme","Top meme posts from r/dogecoin which include 'Meme' flair","https://api.doge-meme.lol/docs","生产力与职业","Social","多平台内容发布","upstream","public-apis/public-apis","https://api.doge-meme.lol/docs","","","","No","Yes","Yes","100","A · 优先试用","浏览器直连候选","适合无密钥原型；生产使用前验证限流、许可和稳定性。","仍需验证额度、条款、延迟与数据质量"
"22a8ae14418f","Facebook","Facebook Login, Share on FB, Social Plugins, Analytics and more","https://developers.facebook.com/","生产力与职业","Social","社交数据与互动分析","upstream","public-apis/public-apis","https://developers.facebook.com/","","","","OAuth","Yes","Unknown","80","B · 值得验证","OAuth 集成","适合用户授权型产品；优先评估回调、安全存储和撤销流程。","CORS 未知，需要浏览器实测；需要完整授权与令牌生命周期设计"
"ba9438394756","Foursquare","Interact with Foursquare users and places (geolocation-based checkins, photos, tips, events, etc)","https://developer.foursquare.com/","生产力与职业","Social","用户、主页与社交图谱","upstream","public-apis/public-apis","https://developer.foursquare.com/","","","","OAuth","Yes","Unknown","80","B · 值得验证","OAuth 集成","适合用户授权型产品；优先评估回调、安全存储和撤销流程。","CORS 未知，需要浏览器实测；需要完整授权与令牌生命周期设计"
"e79b5b9045bf","Fuck Off as a Service","Asks someone to fuck off","https://www.foaas.com","生产力与职业","Social","社交综合能力","upstream","public-apis/public-apis","https://www.foaas.com","","","","No","Yes","Unknown","88","A · 优先试用","后端代理","建议通过服务端适配器统一鉴权、缓存、限流和错误处理。","CORS 未知，需要浏览器实测"
"2c521be45086","Full Contact","Get Social Media profiles and contact Information","https://docs.fullcontact.com/","生产力与职业","Social","用户、主页与社交图谱","upstream","public-apis/public-apis","https://docs.fullcontact.com/","","","","OAuth","Yes","Unknown","80","B · 值得验证","OAuth 集成","适合用户授权型产品；优先评估回调、安全存储和撤销流程。","CORS 未知，需要浏览器实测；需要完整授权与令牌生命周期设计"
"743eea81e443","GetXAPI","Read Twitter / X data and post tweets, likes, retweets, follows, DMs via REST","https://www.getxapi.com/","生产力与职业","Social","多平台内容发布","upstream","public-apis/public-apis","https://www.getxapi.com/","","","","apiKey","Yes","Unknown","83","B · 值得验证","后端代理","建议通过服务端适配器统一鉴权、缓存、限流和错误处理。","CORS 未知，需要浏览器实测；密钥不得暴露在前端"
"444cedcc33da","HackerNews","Social news for CS and entrepreneurship","https://github.com/HackerNews/API","生产力与职业","Social","社交综合能力","upstream","public-apis/public-apis","https://github.com/HackerNews/API","","","","No","Yes","Unknown","88","A · 优先试用","后端代理","建议通过服务端适配器统一鉴权、缓存、限流和错误处理。","CORS 未知，需要浏览器实测"
"b2ec245f4dee","Hashnode","A blogging platform built for developers","https://hashnode.com","生产力与职业","Social","博客与内容管理","upstream","public-apis/public-apis","https://hashnode.com","","","","No","Yes","Unknown","88","A · 优先试用","后端代理","建议通过服务端适配器统一鉴权、缓存、限流和错误处理。","CORS 未知，需要浏览器实测"
"6adf3db098df","Instagram","Instagram Login, Share on Instagram, Social Plugins and more","https://www.instagram.com/developer/","生产力与职业","Social","社交综合能力","upstream","public-apis/public-apis","https://www.instagram.com/developer/","","","","OAuth","Yes","Unknown","80","B · 值得验证","OAuth 集成","适合用户授权型产品；优先评估回调、安全存储和撤销流程。","CORS 未知，需要浏览器实测；需要完整授权与令牌生命周期设计"
"856f8cede6c9","Kakao","Kakao Login, Share on KakaoTalk, Social Plugins and more","https://developers.kakao.com/","生产力与职业","Social","社交综合能力","upstream","public-apis/public-apis","https://developers.kakao.com/","","","","OAuth","Yes","Unknown","80","B · 值得验证","OAuth 集成","适合用户授权型产品；优先评估回调、安全存储和撤销流程。","CORS 未知，需要浏览器实测；需要完整授权与令牌生命周期设计"
"055588c0ea7e","Lanyard","Retrieve your presence on Discord through an HTTP REST API or WebSocket","https://github.com/Phineas/lanyard","生产力与职业","Social","社交综合能力","upstream","public-apis/public-apis","https://github.com/Phineas/lanyard","","","","No","Yes","Yes","100","A · 优先试用","浏览器直连候选","适合无密钥原型；生产使用前验证限流、许可和稳定性。","仍需验证额度、条款、延迟与数据质量"
"cf98e7dba250","Line","Line Login, Share on Line, Social Plugins and more","https://developers.line.biz/","生产力与职业","Social","社交综合能力","upstream","public-apis/public-apis","https://developers.line.biz/","","","","OAuth","Yes","Unknown","80","B · 值得验证","OAuth 集成","适合用户授权型产品；优先评估回调、安全存储和撤销流程。","CORS 未知，需要浏览器实测；需要完整授权与令牌生命周期设计"
"ed5b60e3a321","LinkedIn","The foundation of all digital integrations with LinkedIn","https://docs.microsoft.com/en-us/linkedin/?context=linkedin/context","生产力与职业","Social","社交综合能力","upstream","public-apis/public-apis","https://docs.microsoft.com/en-us/linkedin/?context=linkedin/context","","","","OAuth","Yes","Unknown","80","B · 值得验证","OAuth 集成","适合用户授权型产品；优先评估回调、安全存储和撤销流程。","CORS 未知，需要浏览器实测；需要完整授权与令牌生命周期设计"
"dbd070e325f5","Meetup.com","Data about Meetups from Meetup.com","https://www.meetup.com/api/guide","生产力与职业","Social","社交综合能力","upstream","public-apis/public-apis","https://www.meetup.com/api/guide","","","","apiKey","Yes","Unknown","83","B · 值得验证","后端代理","建议通过服务端适配器统一鉴权、缓存、限流和错误处理。","CORS 未知，需要浏览器实测；密钥不得暴露在前端"
"b52195f1bbde","Microsoft Graph","Access the data and intelligence in Microsoft 365, Windows 10, and Enterprise Mobility","https://docs.microsoft.com/en-us/graph/api/overview","生产力与职业","Social","社交综合能力","upstream","public-apis/public-apis","https://docs.microsoft.com/en-us/graph/api/overview","","","","OAuth","Yes","Unknown","80","B · 值得验证","OAuth 集成","适合用户授权型产品；优先评估回调、安全存储和撤销流程。","CORS 未知，需要浏览器实测；需要完整授权与令牌生命周期设计"
"e6f036cd5424","NAVER","NAVER Login, Share on NAVER, Social Plugins and more","https://developers.naver.com/main/","生产力与职业","Social","社交综合能力","upstream","public-apis/public-apis","https://developers.naver.com/main/","","","","OAuth","Yes","Unknown","80","B · 值得验证","OAuth 集成","适合用户授权型产品；优先评估回调、安全存储和撤销流程。","CORS 未知，需要浏览器实测；需要完整授权与令牌生命周期设计"
"5ea8d7b2979a","Open Collective","Get Open Collective data","https://docs.opencollective.com/help/developers/api","生产力与职业","Social","社交综合能力","upstream","public-apis/public-apis","https://docs.opencollective.com/help/developers/api","","","","No","Yes","Unknown","88","A · 优先试用","后端代理","建议通过服务端适配器统一鉴权、缓存、限流和错误处理。","CORS 未知，需要浏览器实测"
"b4eb99d38dec","Pinterest","The world's catalog of ideas","https://developers.pinterest.com/","生产力与职业","Social","社交综合能力","upstream","public-apis/public-apis","https://developers.pinterest.com/","","","","OAuth","Yes","Unknown","80","B · 值得验证","OAuth 集成","适合用户授权型产品；优先评估回调、安全存储和撤销流程。","CORS 未知，需要浏览器实测；需要完整授权与令牌生命周期设计"
"22ed3722f7d6","PostLake","One API to publish, schedule, and read analytics across every major social network","https://postlake.dev/docs/","生产力与职业","Social","多平台内容发布；社交数据与互动分析；用户、主页与社交图谱","upstream","public-apis/public-apis","https://postlake.dev/docs/","","","","apiKey","Yes","No","75","B · 值得验证","后端代理","建议通过服务端适配器统一鉴权、缓存、限流和错误处理。","浏览器不可直连，应走服务端；密钥不得暴露在前端"
"479494b01772","Product Hunt","The best new products in tech","https://api.producthunt.com/v2/docs","生产力与职业","Social","社交综合能力","upstream","public-apis/public-apis","https://api.producthunt.com/v2/docs","","","","OAuth","Yes","Unknown","80","B · 值得验证","OAuth 集成","适合用户授权型产品；优先评估回调、安全存储和撤销流程。","CORS 未知，需要浏览器实测；需要完整授权与令牌生命周期设计"
"f6bc3fd60c0c","Publora","Publish and schedule posts to ten social networks from one endpoint","https://docs.publora.com","生产力与职业","Social","多平台内容发布；用户、主页与社交图谱","upstream","public-apis/public-apis","https://docs.publora.com","","","","apiKey","Yes","No","75","B · 值得验证","后端代理","建议通过服务端适配器统一鉴权、缓存、限流和错误处理。","浏览器不可直连，应走服务端；密钥不得暴露在前端"
"3d71fbb41612","Reddit","Homepage of the internet","https://www.reddit.com/dev/api","生产力与职业","Social","社区、论坛与讨论","upstream","public-apis/public-apis","https://www.reddit.com/dev/api","","","","OAuth","Yes","Unknown","80","B · 值得验证","OAuth 集成","适合用户授权型产品；优先评估回调、安全存储和撤销流程。","CORS 未知，需要浏览器实测；需要完整授权与令牌生命周期设计"
"5c317769e918","RedditAPIs","Reddit data API: subreddit listings, post/comment/community/user search, comment trees, top posts","https://www.redditapis.com/","生产力与职业","Social","社区、论坛与讨论；多平台内容发布；用户、主页与社交图谱","upstream","public-apis/public-apis","https://www.redditapis.com/","","","","apiKey","Yes","Unknown","83","B · 值得验证","后端代理","建议通过服务端适配器统一鉴权、缓存、限流和错误处理。","CORS 未知，需要浏览器实测；密钥不得暴露在前端"
"fefc345bb604","Revolt","Revolt open source Discord alternative","https://developers.revolt.chat/api/","生产力与职业","Social","社交综合能力","upstream","public-apis/public-apis","https://developers.revolt.chat/api/","","","","apiKey","Yes","Unknown","83","B · 值得验证","后端代理","建议通过服务端适配器统一鉴权、缓存、限流和错误处理。","CORS 未知，需要浏览器实测；密钥不得暴露在前端"
"1a662b820904","Saidit","Open Source Reddit Clone","https://www.saidit.net/dev/api","生产力与职业","Social","社区、论坛与讨论","upstream","public-apis/public-apis","https://www.saidit.net/dev/api","","","","OAuth","Yes","Unknown","80","B · 值得验证","OAuth 集成","适合用户授权型产品；优先评估回调、安全存储和撤销流程。","CORS 未知，需要浏览器实测；需要完整授权与令牌生命周期设计"
"6ff34e0649a6","Slack","Team Instant Messaging","https://api.slack.com/","生产力与职业","Social","团队消息与协作","upstream","public-apis/public-apis","https://api.slack.com/","","","","OAuth","Yes","Unknown","75","B · 值得验证","OAuth 集成","适合用户授权型产品；优先评估回调、安全存储和撤销流程。","CORS 未知，需要浏览器实测；需要完整授权与令牌生命周期设计"
"6ae77a0a1fdf","SocialSwarm","Turn articles into ready-to-post X thread drafts with different hooks","https://social-swarm-main-aa77a19.zuplo.site","生产力与职业","Social","博客与内容管理；多平台内容发布","upstream","public-apis/public-apis","https://social-swarm-main-aa77a19.zuplo.site","","","","apiKey","Yes","No","75","B · 值得验证","后端代理","建议通过服务端适配器统一鉴权、缓存、限流和错误处理。","浏览器不可直连，应走服务端；密钥不得暴露在前端"
"232e6e3be4fe","TamTam","Bot API to interact with TamTam","https://dev.tamtam.chat/","生产力与职业","Social","社交综合能力","upstream","public-apis/public-apis","https://dev.tamtam.chat/","","","","apiKey","Yes","Unknown","83","B · 值得验证","后端代理","建议通过服务端适配器统一鉴权、缓存、限流和错误处理。","CORS 未知，需要浏览器实测；密钥不得暴露在前端"
"a6eff36bde76","Telegram Bot","Simplified HTTP version of the MTProto API for bots","https://core.telegram.org/bots/api","生产力与职业","Social","社交综合能力","upstream","public-apis/public-apis","https://core.telegram.org/bots/api","","","","apiKey","Yes","Unknown","83","B · 值得验证","后端代理","建议通过服务端适配器统一鉴权、缓存、限流和错误处理。","CORS 未知，需要浏览器实测；密钥不得暴露在前端"
"44fd2eb803fe","Telegram MTProto","Read and write Telegram data","https://core.telegram.org/api#getting-started","生产力与职业","Social","社交综合能力","upstream","public-apis/public-apis","https://core.telegram.org/api#getting-started","","","","OAuth","Yes","Unknown","80","B · 值得验证","OAuth 集成","适合用户授权型产品；优先评估回调、安全存储和撤销流程。","CORS 未知，需要浏览器实测；需要完整授权与令牌生命周期设计"
"4c6f8f4bc186","Telegraph","Create attractive blogs easily, to share","https://telegra.ph/api","生产力与职业","Social","博客与内容管理","upstream","public-apis/public-apis","https://telegra.ph/api","","","","apiKey","Yes","Unknown","83","B · 值得验证","后端代理","建议通过服务端适配器统一鉴权、缓存、限流和错误处理。","CORS 未知，需要浏览器实测；密钥不得暴露在前端"
"581eea1c5142","TikTok","Fetches user info and user's video posts on TikTok platform","https://developers.tiktok.com/doc/login-kit-web","生产力与职业","Social","多平台内容发布；用户、主页与社交图谱","upstream","public-apis/public-apis","https://developers.tiktok.com/doc/login-kit-web","","","","OAuth","Yes","Unknown","80","B · 值得验证","OAuth 集成","适合用户授权型产品；优先评估回调、安全存储和撤销流程。","CORS 未知，需要浏览器实测；需要完整授权与令牌生命周期设计"
"585077014871","Trash Nothing","A freecycling community with thousands of free items posted every day","https://trashnothing.com/developer","生产力与职业","Social","多平台内容发布；社区、论坛与讨论","upstream","public-apis/public-apis","https://trashnothing.com/developer","","","","OAuth","Yes","Yes","92","A · 优先试用","OAuth 集成","适合用户授权型产品；优先评估回调、安全存储和撤销流程。","需要完整授权与令牌生命周期设计"
"e46d7b6e39c9","Tumblr","Read and write Tumblr Data","https://www.tumblr.com/docs/en/api/v2","生产力与职业","Social","社交综合能力","upstream","public-apis/public-apis","https://www.tumblr.com/docs/en/api/v2","","","","OAuth","Yes","Unknown","80","B · 值得验证","OAuth 集成","适合用户授权型产品；优先评估回调、安全存储和撤销流程。","CORS 未知，需要浏览器实测；需要完整授权与令牌生命周期设计"
"0afa5bb17932","TweetAPI","Public Twitter data for posts, profiles, followers, search, lists and communities","https://tweetapi.com/docs","生产力与职业","Social","用户、主页与社交图谱；多平台内容发布；社交数据与互动分析","upstream","public-apis/public-apis","https://tweetapi.com/docs","","","","apiKey","Yes","No","75","B · 值得验证","后端代理","建议通过服务端适配器统一鉴权、缓存、限流和错误处理。","浏览器不可直连，应走服务端；密钥不得暴露在前端"
"a6245e6a33bd","Twitch","Game Streaming API","https://dev.twitch.tv/docs","生产力与职业","Social","社交综合能力","upstream","public-apis/public-apis","https://dev.twitch.tv/docs","","","","OAuth","Yes","Unknown","75","B · 值得验证","OAuth 集成","适合用户授权型产品；优先评估回调、安全存储和撤销流程。","CORS 未知，需要浏览器实测；需要完整授权与令牌生命周期设计"
"151c6c9807ee","Twitter","Read and write Twitter data","https://developer.twitter.com/en/docs","生产力与职业","Social","社交综合能力","upstream","public-apis/public-apis","https://developer.twitter.com/en/docs","","","","OAuth","Yes","No","72","B · 值得验证","OAuth 集成","适合用户授权型产品；优先评估回调、安全存储和撤销流程。","浏览器不可直连，应走服务端；需要完整授权与令牌生命周期设计"
"74e5f83230dd","TwitterAPIs","Twitter / X data API: search, profiles, timelines, followers, DMs, write actions","https://www.twitterapis.com/","生产力与职业","Social","用户、主页与社交图谱；社交数据与互动分析","upstream","public-apis/public-apis","https://www.twitterapis.com/","","","","apiKey","Yes","Unknown","83","B · 值得验证","后端代理","建议通过服务端适配器统一鉴权、缓存、限流和错误处理。","CORS 未知，需要浏览器实测；密钥不得暴露在前端"
"e8add14cbb25","vk","Read and write vk data","https://vk.com/dev/sites","生产力与职业","Social","社交综合能力","upstream","public-apis/public-apis","https://vk.com/dev/sites","","","","OAuth","Yes","Unknown","75","B · 值得验证","OAuth 集成","适合用户授权型产品；优先评估回调、安全存储和撤销流程。","CORS 未知，需要浏览器实测；需要完整授权与令牌生命周期设计"
"8877559f5d45","xfetch","Read API for X/Twitter search, profiles, tweets, and social graph","https://xfetch.io","生产力与职业","Social","用户、主页与社交图谱","upstream","public-apis/public-apis","https://xfetch.io","","","","apiKey","Yes","Yes","95","A · 优先试用","后端代理","建议通过服务端适配器统一鉴权、缓存、限流和错误处理。","密钥不得暴露在前端"
"245a9e9cfe55","XFlux","Read X/Twitter profiles, search, timelines; account monitors with signed webhooks","https://www.xfluxapi.com/docs/api","生产力与职业","Social","用户、主页与社交图谱","upstream","public-apis/public-apis","https://www.xfluxapi.com/docs/api","","","","apiKey","Yes","No","75","B · 值得验证","后端代理","建议通过服务端适配器统一鉴权、缓存、限流和错误处理。","浏览器不可直连，应走服务端；密钥不得暴露在前端"
"ed71aa74e331","API-FOOTBALL","Get information about Football Leagues & Cups","https://www.api-football.com/documentation-v3","位置与出行","Sports & Fitness","实时比分与赛程；球队、球员与统计","upstream","public-apis/public-apis","https://www.api-football.com/documentation-v3","","","","apiKey","Yes","Yes","95","A · 优先试用","后端代理","建议通过服务端适配器统一鉴权、缓存、限流和错误处理。","密钥不得暴露在前端"
"1f07806c145a","ApiMedic","ApiMedic offers a medical symptom checker API primarily for patients","https://apimedic.com/","位置与出行","Sports & Fitness","体育健身综合能力","upstream","public-apis/public-apis","https://apimedic.com/","","","","apiKey","Yes","Unknown","83","B · 值得验证","后端代理","建议通过服务端适配器统一鉴权、缓存、限流和错误处理。","CORS 未知，需要浏览器实测；密钥不得暴露在前端"
"c1e72b49ab03","balldontlie","Balldontlie provides access to stats data from the NBA","https://www.balldontlie.io","位置与出行","Sports & Fitness","球队、球员与统计","upstream","public-apis/public-apis","https://www.balldontlie.io","","","","No","Yes","Yes","100","A · 优先试用","浏览器直连候选","适合无密钥原型；生产使用前验证限流、许可和稳定性。","仍需验证额度、条款、延迟与数据质量"
"48274c158300","Bet Better","Sports model win probabilities and fair odds across 13 leagues","https://betbetter.world/api/","位置与出行","Sports & Fitness","赔率、概率与预测；实时比分与赛程","upstream","public-apis/public-apis","https://betbetter.world/api/","","","","No","Yes","Yes","100","A · 优先试用","浏览器直连候选","适合无密钥原型；生产使用前验证限流、许可和稳定性。","仍需验证额度、条款、延迟与数据质量"
"2592abcc1b84","Canadian Football League (CFL)","Official JSON API providing real-time league, team and player statistics about the CFL","http://api.cfl.ca/","位置与出行","Sports & Fitness","球队、球员与统计；实时比分与赛程","upstream","public-apis/public-apis","http://api.cfl.ca/","","","","apiKey","Yes","No","65","C · 谨慎接入","后端代理","建议通过服务端适配器统一鉴权、缓存、限流和错误处理。","浏览器不可直连，应走服务端；密钥不得暴露在前端"
"6cc67b81ce28","City Bikes","City Bikes around the world","https://api.citybik.es/v2/","位置与出行","Sports & Fitness","共享单车与城市骑行","upstream","public-apis/public-apis","https://api.citybik.es/v2/","","","","No","Yes","Unknown","88","A · 优先试用","后端代理","建议通过服务端适配器统一鉴权、缓存、限流和错误处理。","CORS 未知，需要浏览器实测"
"bcec0ab81b3a","Cloudbet","Official Cloudbet API provides real-time sports odds and betting API to place bets programmatically","https://www.cloudbet.com/api/","位置与出行","Sports & Fitness","赔率、概率与预测","upstream","public-apis/public-apis","https://www.cloudbet.com/api/","","","","apiKey","Yes","Yes","95","A · 优先试用","后端代理","建议通过服务端适配器统一鉴权、缓存、限流和错误处理。","密钥不得暴露在前端"
"f2fa7376bbfb","CollegeFootballData.com","Unofficial detailed American college football statistics, records, and results API","https://collegefootballdata.com","位置与出行","Sports & Fitness","球队、球员与统计","upstream","public-apis/public-apis","https://collegefootballdata.com","","","","apiKey","Yes","Unknown","83","B · 值得验证","后端代理","建议通过服务端适配器统一鉴权、缓存、限流和错误处理。","CORS 未知，需要浏览器实测；密钥不得暴露在前端"
"b895cbbd6f56","DiscGolf","Structured disc golf course data","https://discgolfapi.com/docs/","位置与出行","Sports & Fitness","体育健身综合能力","upstream","public-apis/public-apis","https://discgolfapi.com/docs/","","","","No","Yes","Yes","100","A · 优先试用","浏览器直连候选","适合无密钥原型；生产使用前验证限流、许可和稳定性。","仍需验证额度、条款、延迟与数据质量"
"27b9fea85741","Ergast F1","F1 data from the beginning of the world championships in 1950","http://ergast.com/mrd/","位置与出行","Sports & Fitness","体育健身综合能力","upstream","public-apis/public-apis","http://ergast.com/mrd/","","","","No","Yes","Unknown","78","B · 值得验证","后端代理","建议通过服务端适配器统一鉴权、缓存、限流和错误处理。","CORS 未知，需要浏览器实测"
"ddcaeb0a4223","Fitbit","Fitbit Information","https://dev.fitbit.com/","位置与出行","Sports & Fitness","体育健身综合能力","upstream","public-apis/public-apis","https://dev.fitbit.com/","","","","OAuth","Yes","Unknown","75","B · 值得验证","OAuth 集成","适合用户授权型产品；优先评估回调、安全存储和撤销流程。","CORS 未知，需要浏览器实测；需要完整授权与令牌生命周期设计"
"d5e292db9e9f","Football","A simple Open Source Football API to get squads’ stats, best scorers and more","https://rapidapi.com/GiulianoCrescimbeni/api/football98/","位置与出行","Sports & Fitness","球队、球员与统计；实时比分与赛程","upstream","public-apis/public-apis","https://rapidapi.com/GiulianoCrescimbeni/api/football98/","","","","X-Mashape-Key","Yes","Unknown","76","B · 值得验证","后端代理","建议通过服务端适配器统一鉴权、缓存、限流和错误处理。","CORS 未知，需要浏览器实测；认证方式较特殊，先核对文档"
"0788e342ab3b","Football (Soccer) Videos","Embed codes for goals and highlights from Premier League, Bundesliga, Serie A and many more","https://www.scorebat.com/video-api/","位置与出行","Sports & Fitness","球队、球员与统计；实时比分与赛程","upstream","public-apis/public-apis","https://www.scorebat.com/video-api/","","","","No","Yes","Yes","100","A · 优先试用","浏览器直连候选","适合无密钥原型；生产使用前验证限流、许可和稳定性。","仍需验证额度、条款、延迟与数据质量"
"21f6fc388db6","Football Charts","Tables, results, model probabilities and Monte Carlo season projections for 93 leagues","https://www.football-charts.com/developers","位置与出行","Sports & Fitness","赔率、概率与预测；球队、球员与统计；实时比分与赛程","upstream","public-apis/public-apis","https://www.football-charts.com/developers","","","","apiKey","Yes","Yes","95","A · 优先试用","后端代理","建议通过服务端适配器统一鉴权、缓存、限流和错误处理。","密钥不得暴露在前端"
"97a1462780a9","Football Standings","Display football standings e.g epl, la liga, serie a etc. The data is based on espn site","https://github.com/azharimm/football-standings-api","位置与出行","Sports & Fitness","球队、球员与统计","upstream","public-apis/public-apis","https://github.com/azharimm/football-standings-api","","","","No","Yes","Yes","100","A · 优先试用","浏览器直连候选","适合无密钥原型；生产使用前验证限流、许可和稳定性。","仍需验证额度、条款、延迟与数据质量"
"e4d26a810eb5","Football-Data","Football data with matches info, players, teams, and competitions","https://www.football-data.org","位置与出行","Sports & Fitness","球队、球员与统计","upstream","public-apis/public-apis","https://www.football-data.org","","","","X-Mashape-Key","Yes","Unknown","76","B · 值得验证","后端代理","建议通过服务端适配器统一鉴权、缓存、限流和错误处理。","CORS 未知，需要浏览器实测；认证方式较特殊，先核对文档"
"2dcb1c7613f3","JCDecaux Bike","JCDecaux's self-service bicycles","https://developer.jcdecaux.com/","位置与出行","Sports & Fitness","共享单车与城市骑行","upstream","public-apis/public-apis","https://developer.jcdecaux.com/","","","","apiKey","Yes","Unknown","83","B · 值得验证","后端代理","建议通过服务端适配器统一鉴权、缓存、限流和错误处理。","CORS 未知，需要浏览器实测；密钥不得暴露在前端"
"ba6cf0aed17d","Lumify","Real-time sports intelligence: scores, odds, betting splits & AI bet analysis across 8 sports","https://lumify.ai/docs","位置与出行","Sports & Fitness","赔率、概率与预测；实时比分与赛程","upstream","public-apis/public-apis","https://lumify.ai/docs","","","","apiKey","Yes","No","75","B · 值得验证","后端代理","建议通过服务端适配器统一鉴权、缓存、限流和错误处理。","浏览器不可直连，应走服务端；密钥不得暴露在前端"
"6c5d71e0eed8","MLB Records and Stats","Current and historical MLB statistics","https://appac.github.io/mlb-data-api-docs/","位置与出行","Sports & Fitness","球队、球员与统计","upstream","public-apis/public-apis","https://appac.github.io/mlb-data-api-docs/","","","","No","No","Unknown","58","C · 谨慎接入","仅研究/寻找替代","先寻找 HTTPS 替代服务，不纳入默认生产候选。","未声明 HTTPS，不建议生产接入；CORS 未知，需要浏览器实测"
"7b0df6dadf2e","NBA Data","All NBA Stats DATA, Games, Livescore, Standings, Statistics","https://rapidapi.com/api-sports/api/api-nba/","位置与出行","Sports & Fitness","球队、球员与统计；实时比分与赛程","upstream","public-apis/public-apis","https://rapidapi.com/api-sports/api/api-nba/","","","","apiKey","Yes","Unknown","83","B · 值得验证","后端代理","建议通过服务端适配器统一鉴权、缓存、限流和错误处理。","CORS 未知，需要浏览器实测；密钥不得暴露在前端"
"4d58f9261d6c","NBA Stats","Current and historical NBA Statistics","https://any-api.com/nba_com/nba_com/docs/API_Description","位置与出行","Sports & Fitness","球队、球员与统计","upstream","public-apis/public-apis","https://any-api.com/nba_com/nba_com/docs/API_Description","","","","No","Yes","Unknown","88","A · 优先试用","后端代理","建议通过服务端适配器统一鉴权、缓存、限流和错误处理。","CORS 未知，需要浏览器实测"
"0e889efcbe57","NHL Records and Stats","NHL historical data and statistics","https://gitlab.com/dword4/nhlapi","位置与出行","Sports & Fitness","球队、球员与统计","upstream","public-apis/public-apis","https://gitlab.com/dword4/nhlapi","","","","No","Yes","Unknown","88","A · 优先试用","后端代理","建议通过服务端适配器统一鉴权、缓存、限流和错误处理。","CORS 未知，需要浏览器实测"
"641df68320d9","Odds-API","Real-time sports betting odds from 265+ bookmakers across 34 sports via REST and WebSocket","https://docs.odds-api.io","位置与出行","Sports & Fitness","赔率、概率与预测","upstream","public-apis/public-apis","https://docs.odds-api.io","","","","apiKey","Yes","Yes","95","A · 优先试用","后端代理","建议通过服务端适配器统一鉴权、缓存、限流和错误处理。","密钥不得暴露在前端"
"a52510a1f2e9","Oddsmagnet","Odds history from multiple UK bookmakers","https://data.oddsmagnet.com","位置与出行","Sports & Fitness","赔率、概率与预测","upstream","public-apis/public-apis","https://data.oddsmagnet.com","","","","No","Yes","Yes","100","A · 优先试用","浏览器直连候选","适合无密钥原型；生产使用前验证限流、许可和稳定性。","仍需验证额度、条款、延迟与数据质量"
"4762edc96e95","OpenF1","Real-time and historical Formula 1 data including laps, car telemetry and positions","https://openf1.org/","位置与出行","Sports & Fitness","体育健身综合能力","upstream","public-apis/public-apis","https://openf1.org/","","","","No","Yes","Yes","100","A · 优先试用","浏览器直连候选","适合无密钥原型；生产使用前验证限流、许可和稳定性。","仍需验证额度、条款、延迟与数据质量"
"430dbcee7e19","OpenLigaDB","Crowd sourced sports league results","https://www.openligadb.de","位置与出行","Sports & Fitness","实时比分与赛程","upstream","public-apis/public-apis","https://www.openligadb.de","","","","No","Yes","Yes","100","A · 优先试用","浏览器直连候选","适合无密钥原型；生产使用前验证限流、许可和稳定性。","仍需验证额度、条款、延迟与数据质量"
"aae2bc7368b4","Padel Snipe","4,000+ mapped padel clubs across 9 European countries with GPS and courts","https://padelsnipe.com/fr/world/api","位置与出行","Sports & Fitness","体育健身综合能力","upstream","public-apis/public-apis","https://padelsnipe.com/fr/world/api","","","","No","Yes","Yes","100","A · 优先试用","浏览器直连候选","适合无密钥原型；生产使用前验证限流、许可和稳定性。","仍需验证额度、条款、延迟与数据质量"
"0e86cdbfa869","PlayerElo","Player-level Elo ratings, predictions and history for 176 football leagues","https://playerelo.football/api-access","位置与出行","Sports & Fitness","球队、球员与统计；赔率、概率与预测；实时比分与赛程","upstream","public-apis/public-apis","https://playerelo.football/api-access","","","","apiKey","Yes","Unknown","83","B · 值得验证","后端代理","建议通过服务端适配器统一鉴权、缓存、限流和错误处理。","CORS 未知，需要浏览器实测；密钥不得暴露在前端"
"afce08c5f582","Premier League Standings ","All Current Premier League Standings and Statistics","https://rapidapi.com/heisenbug/api/premier-league-live-scores/","位置与出行","Sports & Fitness","球队、球员与统计；实时比分与赛程","upstream","public-apis/public-apis","https://rapidapi.com/heisenbug/api/premier-league-live-scores/","","","","apiKey","Yes","Unknown","83","B · 值得验证","后端代理","建议通过服务端适配器统一鉴权、缓存、限流和错误处理。","CORS 未知，需要浏览器实测；密钥不得暴露在前端"
"be72e595f100","PropLine","Real-time player-props betting odds with graded prop resolution across 13 books","https://prop-line.com","位置与出行","Sports & Fitness","赔率、概率与预测；球队、球员与统计","upstream","public-apis/public-apis","https://prop-line.com","","","","apiKey","Yes","Unknown","83","B · 值得验证","后端代理","建议通过服务端适配器统一鉴权、缓存、限流和错误处理。","CORS 未知，需要浏览器实测；密钥不得暴露在前端"
"f1bf0e372756","RacingHub","Formula 1 historical data and statistics","https://racinghub.net/api/v1/docs#/","位置与出行","Sports & Fitness","球队、球员与统计","upstream","public-apis/public-apis","https://racinghub.net/api/v1/docs#/","","","","No","Yes","Unknown","88","A · 优先试用","后端代理","建议通过服务端适配器统一鉴权、缓存、限流和错误处理。","CORS 未知，需要浏览器实测"
"60c7c7e7f892","Sport Data","Get sports data from all over the world","https://sportdataapi.com","位置与出行","Sports & Fitness","体育健身综合能力","upstream","public-apis/public-apis","https://sportdataapi.com","","","","apiKey","Yes","Unknown","83","B · 值得验证","后端代理","建议通过服务端适配器统一鉴权、缓存、限流和错误处理。","CORS 未知，需要浏览器实测；密钥不得暴露在前端"
"3c9e7a09f987","Sport List & Data","List of and resources related to sports","https://developers.decathlon.com/products/sports","位置与出行","Sports & Fitness","体育健身综合能力","upstream","public-apis/public-apis","https://developers.decathlon.com/products/sports","","","","No","Yes","Yes","100","A · 优先试用","浏览器直连候选","适合无密钥原型；生产使用前验证限流、许可和稳定性。","仍需验证额度、条款、延迟与数据质量"
"c7b4752c3fce","Sport Places","Crowd-source sports places around the world","https://developers.decathlon.com/products/sport-places","位置与出行","Sports & Fitness","体育健身综合能力","upstream","public-apis/public-apis","https://developers.decathlon.com/products/sport-places","","","","No","Yes","No","80","B · 值得验证","后端代理","建议通过服务端适配器统一鉴权、缓存、限流和错误处理。","浏览器不可直连，应走服务端"
"7dc47f357b54","Sport Vision","Identify sport, brands and gear in an image. Also does image sports captioning","https://developers.decathlon.com/products/sport-vision","位置与出行","Sports & Fitness","体育健身综合能力","upstream","public-apis/public-apis","https://developers.decathlon.com/products/sport-vision","","","","apiKey","Yes","Yes","95","A · 优先试用","后端代理","建议通过服务端适配器统一鉴权、缓存、限流和错误处理。","密钥不得暴露在前端"
"0bcd27df6784","SportScore","Live scores, fixtures, standings and stats for football, basketball, cricket and tennis","https://sportscore.com/developers/","位置与出行","Sports & Fitness","实时比分与赛程；球队、球员与统计","upstream","public-apis/public-apis","https://sportscore.com/developers/","","","","No","Yes","Yes","100","A · 优先试用","浏览器直连候选","适合无密钥原型；生产使用前验证限流、许可和稳定性。","仍需验证额度、条款、延迟与数据质量"
"d5860591bbed","Sportmonks Cricket","Live cricket score, player statistics and fantasy API","https://docs.sportmonks.com/cricket/","位置与出行","Sports & Fitness","球队、球员与统计；实时比分与赛程","upstream","public-apis/public-apis","https://docs.sportmonks.com/cricket/","","","","apiKey","Yes","Unknown","83","B · 值得验证","后端代理","建议通过服务端适配器统一鉴权、缓存、限流和错误处理。","CORS 未知，需要浏览器实测；密钥不得暴露在前端"
"e6e6244efba4","Sportmonks Football","Football score/schedule, news api, tv channels, stats, history, display standing e.g. epl, la liga","https://docs.sportmonks.com/football/","位置与出行","Sports & Fitness","球队、球员与统计；实时比分与赛程；体育资讯与赛事内容","upstream","public-apis/public-apis","https://docs.sportmonks.com/football/","","","","apiKey","Yes","Unknown","83","B · 值得验证","后端代理","建议通过服务端适配器统一鉴权、缓存、限流和错误处理。","CORS 未知，需要浏览器实测；密钥不得暴露在前端"
"82167eb3a791","Squiggle","Fixtures, results and predictions for Australian Football League matches","https://api.squiggle.com.au","位置与出行","Sports & Fitness","实时比分与赛程；赔率、概率与预测；球队、球员与统计","upstream","public-apis/public-apis","https://api.squiggle.com.au","","","","No","Yes","Yes","100","A · 优先试用","浏览器直连候选","适合无密钥原型；生产使用前验证限流、许可和稳定性。","仍需验证额度、条款、延迟与数据质量"
"ce2ebe3f74bd","Strava","Connect with athletes, activities and more","https://strava.github.io/api/","位置与出行","Sports & Fitness","跑步、骑行与运动记录","upstream","public-apis/public-apis","https://strava.github.io/api/","","","","OAuth","Yes","Unknown","80","B · 值得验证","OAuth 集成","适合用户授权型产品；优先评估回调、安全存储和撤销流程。","CORS 未知，需要浏览器实测；需要完整授权与令牌生命周期设计"
"e680c614c640","SuredBits","Query sports data, including teams, players, games, scores and statistics","https://suredbits.com/api/","位置与出行","Sports & Fitness","球队、球员与统计；实时比分与赛程","upstream","public-apis/public-apis","https://suredbits.com/api/","","","","No","No","No","50","C · 谨慎接入","仅研究/寻找替代","先寻找 HTTPS 替代服务，不纳入默认生产候选。","未声明 HTTPS，不建议生产接入；浏览器不可直连，应走服务端"
"f82f2f53419a","TheRundown","Real-time sports data: odds, scores, stats & prediction markets, 30+ leagues, 18+ sportsbooks","https://therundown.io/","位置与出行","Sports & Fitness","赔率、概率与预测；实时比分与赛程","upstream","public-apis/public-apis","https://therundown.io/","","","","apiKey","Yes","Yes","95","A · 优先试用","后端代理","建议通过服务端适配器统一鉴权、缓存、限流和错误处理。","密钥不得暴露在前端"
"32a65499a244","TheSportsDB","Crowd-Sourced Sports Data and Artwork","https://www.thesportsdb.com/api.php","位置与出行","Sports & Fitness","体育健身综合能力","upstream","public-apis/public-apis","https://www.thesportsdb.com/api.php","","","","apiKey","Yes","Yes","95","A · 优先试用","后端代理","建议通过服务端适配器统一鉴权、缓存、限流和错误处理。","密钥不得暴露在前端"
"7ceef0a2b116","TourneyRadar","Upcoming chess tournaments from 140+ national federations worldwide","https://tourneyradar-api.vercel.app","位置与出行","Sports & Fitness","体育健身综合能力","upstream","public-apis/public-apis","https://tourneyradar-api.vercel.app","","","","No","Yes","Unknown","88","A · 优先试用","后端代理","建议通过服务端适配器统一鉴权、缓存、限流和错误处理。","CORS 未知，需要浏览器实测"
"65c55cfadba0","Tredict","Get and set activities, health data and more","https://www.tredict.com/blog/oauth_docs/","位置与出行","Sports & Fitness","体育健身综合能力","upstream","public-apis/public-apis","https://www.tredict.com/blog/oauth_docs/","","","","OAuth","Yes","Unknown","80","B · 值得验证","OAuth 集成","适合用户授权型产品；优先评估回调、安全存储和撤销流程。","CORS 未知，需要浏览器实测；需要完整授权与令牌生命周期设计"
"0fab13a7caa9","Wger","Workout manager data as exercises, muscles or equipment","https://wger.de/en/software/api","位置与出行","Sports & Fitness","训练动作与健身计划","upstream","public-apis/public-apis","https://wger.de/en/software/api","","","","apiKey","Yes","Unknown","83","B · 值得验证","后端代理","建议通过服务端适配器统一鉴权、缓存、限流和错误处理。","CORS 未知，需要浏览器实测；密钥不得暴露在前端"
"225675eddc58","AddressMock","Random US, Hong Kong and Cape Verde addresses with matched city, state and ZIP","https://addressmock.com/api","测试与内容供给","Test Data","虚拟地址与地理数据","upstream","public-apis/public-apis","https://addressmock.com/api","","","","No","Yes","Yes","100","A · 优先试用","浏览器直连候选","适合无密钥原型；生产使用前验证限流、许可和稳定性。","仍需验证额度、条款、延迟与数据质量"
"eb508e56d9ae","Bacon Ipsum","A Meatier Lorem Ipsum Generator","https://baconipsum.com/json-api/","测试与内容供给","Test Data","随机文本与词语","upstream","public-apis/public-apis","https://baconipsum.com/json-api/","","","","No","Yes","Unknown","88","A · 优先试用","后端代理","建议通过服务端适配器统一鉴权、缓存、限流和错误处理。","CORS 未知，需要浏览器实测"
"cf8e96043f4c","Dicebear Avatars","Generate random pixel-art avatars","https://avatars.dicebear.com/","测试与内容供给","Test Data","测试头像与占位图片","upstream","public-apis/public-apis","https://avatars.dicebear.com/","","","","No","Yes","No","80","B · 值得验证","后端代理","建议通过服务端适配器统一鉴权、缓存、限流和错误处理。","浏览器不可直连，应走服务端"
"5f934c552751","DummyJSON","Fake REST API with products, users, posts, comments, todos and more","https://dummyjson.com/","测试与内容供给","Test Data","通用虚拟 REST 数据；虚拟商品、订单与支付数据；虚拟用户与身份数据","upstream","public-apis/public-apis","https://dummyjson.com/","","","","No","Yes","Yes","100","A · 优先试用","浏览器直连候选","适合无密钥原型；生产使用前验证限流、许可和稳定性。","仍需验证额度、条款、延迟与数据质量"
"0abf1a2c986d","English Random Words","Generate English Random Words with Pronunciation","https://random-words-api.vercel.app/word","测试与内容供给","Test Data","随机文本与词语","upstream","public-apis/public-apis","https://random-words-api.vercel.app/word","","","","No","Yes","No","80","B · 值得验证","后端代理","建议通过服务端适配器统一鉴权、缓存、限流和错误处理。","浏览器不可直连，应走服务端"
"a2564010f5e3","FakeJSON","Service to generate test and fake data","https://fakejson.com","测试与内容供给","Test Data","通用虚拟 REST 数据","upstream","public-apis/public-apis","https://fakejson.com","","","","apiKey","Yes","Yes","95","A · 优先试用","后端代理","建议通过服务端适配器统一鉴权、缓存、限流和错误处理。","密钥不得暴露在前端"
"2c113f1aab71","FakerAPI","APIs collection to get fake data","https://fakerapi.it/en","测试与内容供给","Test Data","测试数据综合能力","upstream","public-apis/public-apis","https://fakerapi.it/en","","","","No","Yes","Yes","100","A · 优先试用","浏览器直连候选","适合无密钥原型；生产使用前验证限流、许可和稳定性。","仍需验证额度、条款、延迟与数据质量"
"b3fca69f3a1a","FakeStoreAPI","Fake store rest API for your e-commerce or shopping website prototype","https://fakestoreapi.com/","测试与内容供给","Test Data","虚拟商品、订单与支付数据","upstream","public-apis/public-apis","https://fakestoreapi.com/","","","","No","Yes","Unknown","88","A · 优先试用","后端代理","建议通过服务端适配器统一鉴权、缓存、限流和错误处理。","CORS 未知，需要浏览器实测"
"6e55daea1ab6","GeneradorDNI","Data generator API. Profiles, vehicles, banks and cards, etc","https://api.generadordni.es","测试与内容供给","Test Data","虚拟用户与身份数据","upstream","public-apis/public-apis","https://api.generadordni.es","","","","apiKey","Yes","Unknown","83","B · 值得验证","后端代理","建议通过服务端适配器统一鉴权、缓存、限流和错误处理。","CORS 未知，需要浏览器实测；密钥不得暴露在前端"
"8753e92b97a4","ItsThisForThat","Generate Random startup ideas","https://itsthisforthat.com/api.php","测试与内容供给","Test Data","测试数据综合能力","upstream","public-apis/public-apis","https://itsthisforthat.com/api.php","","","","No","Yes","No","80","B · 值得验证","后端代理","建议通过服务端适配器统一鉴权、缓存、限流和错误处理。","浏览器不可直连，应走服务端"
"59d3d893ad62","JSONPlaceholder","Fake data for testing and prototyping","http://jsonplaceholder.typicode.com/","测试与内容供给","Test Data","测试数据综合能力","upstream","public-apis/public-apis","http://jsonplaceholder.typicode.com/","","","","No","No","Unknown","48","D · 建议替代","仅研究/寻找替代","先寻找 HTTPS 替代服务，不纳入默认生产候选。","未声明 HTTPS，不建议生产接入；CORS 未知，需要浏览器实测"
"8b73fa0bff2d","Loripsum","The ""lorem ipsum"" generator that doesn't suck","http://loripsum.net/","测试与内容供给","Test Data","随机文本与词语","upstream","public-apis/public-apis","http://loripsum.net/","","","","No","No","Unknown","48","D · 建议替代","仅研究/寻找替代","先寻找 HTTPS 替代服务，不纳入默认生产候选。","未声明 HTTPS，不建议生产接入；CORS 未知，需要浏览器实测"
"47e2d64a8ec2","Mailsac","Disposable Email","https://mailsac.com/docs/api","测试与内容供给","Test Data","测试数据综合能力","upstream","public-apis/public-apis","https://mailsac.com/docs/api","","","","apiKey","Yes","Unknown","78","B · 值得验证","后端代理","建议通过服务端适配器统一鉴权、缓存、限流和错误处理。","CORS 未知，需要浏览器实测；密钥不得暴露在前端"
"1da303b8b9a8","Metaphorsum","Generate demo paragraphs giving number of words and sentences","http://metaphorpsum.com/","测试与内容供给","Test Data","测试数据综合能力","upstream","public-apis/public-apis","http://metaphorpsum.com/","","","","No","No","Unknown","48","D · 建议替代","仅研究/寻找替代","先寻找 HTTPS 替代服务，不纳入默认生产候选。","未声明 HTTPS，不建议生产接入；CORS 未知，需要浏览器实测"
"25fa76835fda","Mockaroo","Generate fake data to JSON, CSV, TXT, SQL and XML","https://www.mockaroo.com/docs","测试与内容供给","Test Data","测试数据综合能力","upstream","public-apis/public-apis","https://www.mockaroo.com/docs","","","","apiKey","Yes","Unknown","83","B · 值得验证","后端代理","建议通过服务端适配器统一鉴权、缓存、限流和错误处理。","CORS 未知，需要浏览器实测；密钥不得暴露在前端"
"a6a57bd7427b","QuickMocker","API mocking tool to generate contextual, fake or random data","https://quickmocker.com","测试与内容供给","Test Data","随机文本与词语","upstream","public-apis/public-apis","https://quickmocker.com","","","","No","Yes","Yes","100","A · 优先试用","浏览器直连候选","适合无密钥原型；生产使用前验证限流、许可和稳定性。","仍需验证额度、条款、延迟与数据质量"
"af0d17738884","Random Data","Random data generator","https://random-data-api.com","测试与内容供给","Test Data","测试数据综合能力","upstream","public-apis/public-apis","https://random-data-api.com","","","","No","Yes","Unknown","83","B · 值得验证","后端代理","建议通过服务端适配器统一鉴权、缓存、限流和错误处理。","CORS 未知，需要浏览器实测"
"f7bf5da6ff17","Randommer","Random data generator","https://randommer.io/randommer-api","测试与内容供给","Test Data","测试数据综合能力","upstream","public-apis/public-apis","https://randommer.io/randommer-api","","","","apiKey","Yes","Yes","90","A · 优先试用","后端代理","建议通过服务端适配器统一鉴权、缓存、限流和错误处理。","密钥不得暴露在前端"
"f875b496816e","RandomUser","Generates and list user data","https://randomuser.me","测试与内容供给","Test Data","测试数据综合能力","upstream","public-apis/public-apis","https://randomuser.me","","","","No","Yes","Unknown","88","A · 优先试用","后端代理","建议通过服务端适配器统一鉴权、缓存、限流和错误处理。","CORS 未知，需要浏览器实测"
"2941d252b0f3","restful-api","Fake REST API for testing and prototyping with CRUD endpoints","https://restful-api.dev","测试与内容供给","Test Data","通用虚拟 REST 数据","upstream","public-apis/public-apis","https://restful-api.dev","","","","No","Yes","No","80","B · 值得验证","后端代理","建议通过服务端适配器统一鉴权、缓存、限流和错误处理。","浏览器不可直连，应走服务端"
"918117db6274","RoboHash","Generate random robot/alien avatars","https://robohash.org/","测试与内容供给","Test Data","测试头像与占位图片","upstream","public-apis/public-apis","https://robohash.org/","","","","No","Yes","Unknown","88","A · 优先试用","后端代理","建议通过服务端适配器统一鉴权、缓存、限流和错误处理。","CORS 未知，需要浏览器实测"
"470aa2407717","Spanish random names","Generate spanish names (with gender) randomly","https://random-names-api.herokuapp.com/public","测试与内容供给","Test Data","测试数据综合能力","upstream","public-apis/public-apis","https://random-names-api.herokuapp.com/public","","","","No","Yes","Unknown","88","A · 优先试用","后端代理","建议通过服务端适配器统一鉴权、缓存、限流和错误处理。","CORS 未知，需要浏览器实测"
"198e76d1296c","Spanish random words","Generate spanish words randomly","https://palabras-aleatorias-public-api.herokuapp.com","测试与内容供给","Test Data","随机文本与词语","upstream","public-apis/public-apis","https://palabras-aleatorias-public-api.herokuapp.com","","","","No","Yes","Unknown","88","A · 优先试用","后端代理","建议通过服务端适配器统一鉴权、缓存、限流和错误处理。","CORS 未知，需要浏览器实测"
"64d2a76c9a7b","This Person Does not Exist","Generates real-life faces of people who do not exist","https://thispersondoesnotexist.com","测试与内容供给","Test Data","虚拟用户与身份数据","upstream","public-apis/public-apis","https://thispersondoesnotexist.com","","","","No","Yes","Unknown","88","A · 优先试用","后端代理","建议通过服务端适配器统一鉴权、缓存、限流和错误处理。","CORS 未知，需要浏览器实测"
"d960f2d910d8","Toolcarton","Generate random testimonial data","https://testimonialapi.toolcarton.com/","测试与内容供给","Test Data","测试数据综合能力","upstream","public-apis/public-apis","https://testimonialapi.toolcarton.com/","","","","No","Yes","Unknown","88","A · 优先试用","后端代理","建议通过服务端适配器统一鉴权、缓存、限流和错误处理。","CORS 未知，需要浏览器实测"
"64c9e271001e","TotalShiftLeft Sandbox","Free multi-protocol sandbox: REST, GraphQL & SOAP with OAuth2/JWT auth and OpenAPI 3.0 spec","https://demo.totalshiftleft.ai/","测试与内容供给","Test Data","测试数据综合能力","upstream","public-apis/public-apis","https://demo.totalshiftleft.ai/","","","","No","Yes","Yes","100","A · 优先试用","浏览器直连候选","适合无密钥原型；生产使用前验证限流、许可和稳定性。","仍需验证额度、条款、延迟与数据质量"
"a5187a0a3087","UUID Generator","Generate UUIDs","https://www.uuidtools.com/docs","测试与内容供给","Test Data","测试数据综合能力","upstream","public-apis/public-apis","https://www.uuidtools.com/docs","","","","No","Yes","No","75","B · 值得验证","后端代理","建议通过服务端适配器统一鉴权、缓存、限流和错误处理。","浏览器不可直连，应走服务端"
"ec31104af4e4","What The Commit","Random commit message generator","http://whatthecommit.com/index.txt","测试与内容供给","Test Data","测试数据综合能力","upstream","public-apis/public-apis","http://whatthecommit.com/index.txt","","","","No","No","Yes","60","C · 谨慎接入","仅研究/寻找替代","先寻找 HTTPS 替代服务，不纳入默认生产候选。","未声明 HTTPS，不建议生产接入"
"923c5035eda7","Yes No","Generate yes or no randomly","https://yesno.wtf/api","测试与内容供给","Test Data","测试数据综合能力","upstream","public-apis/public-apis","https://yesno.wtf/api","","","","No","Yes","Unknown","88","A · 优先试用","后端代理","建议通过服务端适配器统一鉴权、缓存、限流和错误处理。","CORS 未知，需要浏览器实测"
"80e572e22306","Code Detection","Detect, label, format and enrich the code in your app or in your data pipeline","https://codedetectionapi.runtime.dev","生产力与职业","Text Analysis","文本分析综合能力","upstream","public-apis/public-apis","https://codedetectionapi.runtime.dev","","","","OAuth","Yes","Unknown","80","B · 值得验证","OAuth 集成","适合用户授权型产品；优先评估回调、安全存储和撤销流程。","CORS 未知，需要浏览器实测；需要完整授权与令牌生命周期设计"
"c1e65c3baa75","apilayer languagelayer","Language Detection JSON API supporting 173 languages","https://languagelayer.com/","生产力与职业","Text Analysis","语言检测","upstream","public-apis/public-apis","https://languagelayer.com/","","","","OAuth","Yes","Unknown","80","B · 值得验证","OAuth 集成","适合用户授权型产品；优先评估回调、安全存储和撤销流程。","CORS 未知，需要浏览器实测；需要完整授权与令牌生命周期设计"
"3618abc6078a","Aylien Text Analysis","A collection of information retrieval and natural language APIs","https://docs.aylien.com/textapi/#getting-started","生产力与职业","Text Analysis","实体、关键词与主题提取","upstream","public-apis/public-apis","https://docs.aylien.com/textapi/#getting-started","","","","apiKey","Yes","Unknown","83","B · 值得验证","后端代理","建议通过服务端适配器统一鉴权、缓存、限流和错误处理。","CORS 未知，需要浏览器实测；密钥不得暴露在前端"
"1aafa170fc4b","Audexum","Text-to-speech REST API with 43 voices and 33 languages","https://audexum.com/docs","生产力与职业","Text Analysis","语音合成与文本声音化","upstream","public-apis/public-apis","https://audexum.com/docs","","","","apiKey","Yes","Yes","95","A · 优先试用","后端代理","建议通过服务端适配器统一鉴权、缓存、限流和错误处理。","密钥不得暴露在前端"
"99478f99d783","Cloudmersive Natural Language Processing","Natural language processing and text analysis","https://www.cloudmersive.com/nlp-api","生产力与职业","Text Analysis","文本分析综合能力","upstream","public-apis/public-apis","https://www.cloudmersive.com/nlp-api","","","","apiKey","Yes","Yes","95","A · 优先试用","后端代理","建议通过服务端适配器统一鉴权、缓存、限流和错误处理。","密钥不得暴露在前端"
"b8b588113c37","Detect Language","Detects text language","https://detectlanguage.com/","生产力与职业","Text Analysis","语言检测","upstream","public-apis/public-apis","https://detectlanguage.com/","","","","apiKey","Yes","Unknown","78","B · 值得验证","后端代理","建议通过服务端适配器统一鉴权、缓存、限流和错误处理。","CORS 未知，需要浏览器实测；密钥不得暴露在前端"
"7afe9dcb4074","ELI","Natural Language Processing Tools for Thai Language","https://nlp.insightera.co.th/docs/v1.0","生产力与职业","Text Analysis","文本分析综合能力","upstream","public-apis/public-apis","https://nlp.insightera.co.th/docs/v1.0","","","","apiKey","Yes","Unknown","83","B · 值得验证","后端代理","建议通过服务端适配器统一鉴权、缓存、限流和错误处理。","CORS 未知，需要浏览器实测；密钥不得暴露在前端"
"c3c013b3b370","Google Cloud Natural","Natural language understanding technology, including sentiment, entity and syntax analysis","https://cloud.google.com/natural-language/docs/","生产力与职业","Text Analysis","情感与观点分析；实体、关键词与主题提取","upstream","public-apis/public-apis","https://cloud.google.com/natural-language/docs/","","","","apiKey","Yes","Unknown","83","B · 值得验证","后端代理","建议通过服务端适配器统一鉴权、缓存、限流和错误处理。","CORS 未知，需要浏览器实测；密钥不得暴露在前端"
"69f9622b55c7","GeoScore","Score content for AI search citation readiness with a 0-100 GEO score and 8 structural metrics","https://geoscoreapi.com","生产力与职业","Text Analysis","文本分析综合能力","upstream","public-apis/public-apis","https://geoscoreapi.com","","","","apiKey","Yes","Yes","95","A · 优先试用","后端代理","建议通过服务端适配器统一鉴权、缓存、限流和错误处理。","密钥不得暴露在前端"
"7d9bdf748c00","Hirak OCR","Image to text -text recognition- from image more than 100 language, accurate, unlimited requests","https://ocr.hirak.site/","生产力与职业","Text Analysis","文本分析综合能力","upstream","public-apis/public-apis","https://ocr.hirak.site/","","","","apiKey","Yes","Unknown","83","B · 值得验证","后端代理","建议通过服务端适配器统一鉴权、缓存、限流和错误处理。","CORS 未知，需要浏览器实测；密钥不得暴露在前端"
"9f31921c41b0","Hirak Translation","Translate between 21 of most used languages, accurate, unlimited requests","https://translate.hirak.site/","生产力与职业","Text Analysis","机器翻译","upstream","public-apis/public-apis","https://translate.hirak.site/","","","","apiKey","Yes","Unknown","83","B · 值得验证","后端代理","建议通过服务端适配器统一鉴权、缓存、限流和错误处理。","CORS 未知，需要浏览器实测；密钥不得暴露在前端"
"d1f9ecec825d","Kiprio Translate","Free text translation with language detection, supports 50+ languages","https://kiprio.com/v1/translate","生产力与职业","Text Analysis","机器翻译；语言检测","upstream","public-apis/public-apis","https://kiprio.com/v1/translate","","","","apiKey","Yes","Yes","95","A · 优先试用","后端代理","建议通过服务端适配器统一鉴权、缓存、限流和错误处理。","密钥不得暴露在前端"
"aaf1663f2816","Langbly","Context-aware text translation and language detection for 100+ languages","https://langbly.com/docs","生产力与职业","Text Analysis","机器翻译；语言检测","upstream","public-apis/public-apis","https://langbly.com/docs","","","","apiKey","Yes","Yes","95","A · 优先试用","后端代理","建议通过服务端适配器统一鉴权、缓存、限流和错误处理。","密钥不得暴露在前端"
"a61643319087","Lecto Translation","Translation API with free tier and reasonable prices","https://rapidapi.com/lecto-lecto-default/api/lecto-translation/","生产力与职业","Text Analysis","机器翻译","upstream","public-apis/public-apis","https://rapidapi.com/lecto-lecto-default/api/lecto-translation/","","","","apiKey","Yes","Yes","95","A · 优先试用","后端代理","建议通过服务端适配器统一鉴权、缓存、限流和错误处理。","密钥不得暴露在前端"
"1cb393f561ff","LibreTranslate","Translation tool with 17 available languages","https://libretranslate.com/docs","生产力与职业","Text Analysis","机器翻译","upstream","public-apis/public-apis","https://libretranslate.com/docs","","","","No","Yes","Unknown","88","A · 优先试用","后端代理","建议通过服务端适配器统一鉴权、缓存、限流和错误处理。","CORS 未知，需要浏览器实测"
"7f8aa21f6c3a","Semantria","Text Analytics with sentiment analysis, categorization & named entity extraction","https://semantria.readme.io/docs","生产力与职业","Text Analysis","情感与观点分析；实体、关键词与主题提取","upstream","public-apis/public-apis","https://semantria.readme.io/docs","","","","OAuth","Yes","Unknown","80","B · 值得验证","OAuth 集成","适合用户授权型产品；优先评估回调、安全存储和撤销流程。","CORS 未知，需要浏览器实测；需要完整授权与令牌生命周期设计"
"c1fefcb35b17","Sentiment Analysis","Multilingual sentiment analysis of texts from different sources","https://www.meaningcloud.com/developer/sentiment-analysis","生产力与职业","Text Analysis","情感与观点分析","upstream","public-apis/public-apis","https://www.meaningcloud.com/developer/sentiment-analysis","","","","apiKey","Yes","Yes","95","A · 优先试用","后端代理","建议通过服务端适配器统一鉴权、缓存、限流和错误处理。","密钥不得暴露在前端"
"a96196b3c842","Tisane","Text Analytics with focus on detection of abusive content and law enforcement applications","https://tisane.ai/","生产力与职业","Text Analysis","文本分析综合能力","upstream","public-apis/public-apis","https://tisane.ai/","","","","OAuth","Yes","Yes","92","A · 优先试用","OAuth 集成","适合用户授权型产品；优先评估回调、安全存储和撤销流程。","需要完整授权与令牌生命周期设计"
"3320b55028b6","Watson Natural Language Understanding","Natural language processing for advanced text analysis","https://cloud.ibm.com/apidocs/natural-language-understanding/natural-language-understanding","生产力与职业","Text Analysis","文本分析综合能力","upstream","public-apis/public-apis","https://cloud.ibm.com/apidocs/natural-language-understanding/natural-language-understanding","","","","OAuth","Yes","Unknown","80","B · 值得验证","OAuth 集成","适合用户授权型产品；优先评估回调、安全存储和撤销流程。","CORS 未知，需要浏览器实测；需要完整授权与令牌生命周期设计"
"16769a46c577","Aftership","API to update, manage and track shipment efficiently","https://developers.aftership.com/reference/quick-start","位置与出行","Tracking","快递与包裹追踪","upstream","public-apis/public-apis","https://developers.aftership.com/reference/quick-start","","","","apiKey","Yes","Yes","95","A · 优先试用","后端代理","建议通过服务端适配器统一鉴权、缓存、限流和错误处理。","密钥不得暴露在前端"
"a13e95dafa0a","Correios","Integration to provide information and prepare shipments using Correio's services","https://cws.correios.com.br/ajuda","位置与出行","Tracking","快递与包裹追踪；物流下单与运单准备","upstream","public-apis/public-apis","https://cws.correios.com.br/ajuda","","","","apiKey","Yes","Unknown","83","B · 值得验证","后端代理","建议通过服务端适配器统一鉴权、缓存、限流和错误处理。","CORS 未知，需要浏览器实测；密钥不得暴露在前端"
"b0fa978cd439","Mapbox","Maps, directions, geocoding","https://docs.mapbox.com/api/","位置与出行","Tracking","地图、路线与位置追踪","upstream","public-apis/public-apis","https://docs.mapbox.com/api/","","","","apiKey","Yes","Unknown","83","B · 值得验证","后端代理","建议通过服务端适配器统一鉴权、缓存、限流和错误处理。","CORS 未知，需要浏览器实测；密钥不得暴露在前端"
"74b0090d1266","Pixela","API for recording and tracking habits or effort, routines","https://pixe.la","位置与出行","Tracking","习惯、目标与投入记录","upstream","public-apis/public-apis","https://pixe.la","","","","X-Mashape-Key","Yes","Yes","88","A · 优先试用","后端代理","建议通过服务端适配器统一鉴权、缓存、限流和错误处理。","认证方式较特殊，先核对文档"
"395be928aaf1","PostalPinCode","API for getting Pincode details in India","http://www.postalpincode.in/Api-Details","位置与出行","Tracking","邮编与地址查询","upstream","public-apis/public-apis","http://www.postalpincode.in/Api-Details","","","","No","Yes","Unknown","78","B · 值得验证","后端代理","建议通过服务端适配器统一鉴权、缓存、限流和错误处理。","CORS 未知，需要浏览器实测"
"b5d3b7a77b3e","Postmon","An API to query Brazilian ZIP codes and orders easily, quickly and free","http://postmon.com.br","位置与出行","Tracking","快递与包裹追踪；邮编与地址查询","upstream","public-apis/public-apis","http://postmon.com.br","","","","No","No","Unknown","48","D · 建议替代","仅研究/寻找替代","先寻找 HTTPS 替代服务，不纳入默认生产候选。","未声明 HTTPS，不建议生产接入；CORS 未知，需要浏览器实测"
"3f9a6430be29","PostNord","Provides information about parcels in transport for Sweden and Denmark","https://developer.postnord.com/api","位置与出行","Tracking","追踪综合能力","upstream","public-apis/public-apis","https://developer.postnord.com/api","","","","apiKey","No","Unknown","53","C · 谨慎接入","仅研究/寻找替代","先寻找 HTTPS 替代服务，不纳入默认生产候选。","未声明 HTTPS，不建议生产接入；CORS 未知，需要浏览器实测；密钥不得暴露在前端"
"3abfd7ef7799","UPS","Shipment and Address information","https://www.ups.com/upsdeveloperkit","位置与出行","Tracking","快递与包裹追踪","upstream","public-apis/public-apis","https://www.ups.com/upsdeveloperkit","","","","apiKey","Yes","Unknown","83","B · 值得验证","后端代理","建议通过服务端适配器统一鉴权、缓存、限流和错误处理。","CORS 未知，需要浏览器实测；密钥不得暴露在前端"
"48a42213bbf7","WeCanTrack","Automatically place subids in affiliate links to attribute affiliate conversions to click data","https://docs.wecantrack.com","位置与出行","Tracking","追踪综合能力","upstream","public-apis/public-apis","https://docs.wecantrack.com","","","","apiKey","Yes","Yes","95","A · 优先试用","后端代理","建议通过服务端适配器统一鉴权、缓存、限流和错误处理。","密钥不得暴露在前端"
"0fd726b13741","WhatPulse","Small application that measures your keyboard/mouse usage","https://developer.whatpulse.org/#web-api","位置与出行","Tracking","追踪综合能力","upstream","public-apis/public-apis","https://developer.whatpulse.org/#web-api","","","","No","Yes","Unknown","88","A · 优先试用","后端代理","建议通过服务端适配器统一鉴权、缓存、限流和错误处理。","CORS 未知，需要浏览器实测"
"ce468080e194","WhereParcel","Unified parcel tracking API across 60+ carriers worldwide (USPS, FedEx, UPS, DHL, etc.)","https://whereparcel.com/docs","位置与出行","Tracking","追踪综合能力","upstream","public-apis/public-apis","https://whereparcel.com/docs","","","","apiKey","Yes","Yes","95","A · 优先试用","后端代理","建议通过服务端适配器统一鉴权、缓存、限流和错误处理。","密钥不得暴露在前端"
"26173b924a83","ADS-B Exchange","Access real-time and historical data of any and all airborne aircraft","https://www.adsbexchange.com/data/","位置与出行","Transportation","航班状态与航空数据","upstream","public-apis/public-apis","https://www.adsbexchange.com/data/","","","","No","Yes","Unknown","88","A · 优先试用","后端代理","建议通过服务端适配器统一鉴权、缓存、限流和错误处理。","CORS 未知，需要浏览器实测"
"ff12d7c1ffaa","airportsapi","Get name and website-URL for airports by ICAO code","https://airport-web.appspot.com/api/docs/","位置与出行","Transportation","航班状态与航空数据","upstream","public-apis/public-apis","https://airport-web.appspot.com/api/docs/","","","","No","Yes","Unknown","88","A · 优先试用","后端代理","建议通过服务端适配器统一鉴权、缓存、限流和错误处理。","CORS 未知，需要浏览器实测"
"64d247631bb5","AIS Hub","Real-time data of any marine and inland vessel equipped with AIS tracking system","http://www.aishub.net/api","位置与出行","Transportation","船舶、港口与海运","upstream","public-apis/public-apis","http://www.aishub.net/api","","","","apiKey","No","Unknown","43","D · 建议替代","仅研究/寻找替代","先寻找 HTTPS 替代服务，不纳入默认生产候选。","未声明 HTTPS，不建议生产接入；CORS 未知，需要浏览器实测；密钥不得暴露在前端"
"3d196b45dd4e","Amadeus for Developers","Travel Search - Limited usage","https://developers.amadeus.com/self-service","位置与出行","Transportation","机票、酒店与旅行搜索","upstream","public-apis/public-apis","https://developers.amadeus.com/self-service","","","","OAuth","Yes","Unknown","80","B · 值得验证","OAuth 集成","适合用户授权型产品；优先评估回调、安全存储和撤销流程。","CORS 未知，需要浏览器实测；需要完整授权与令牌生命周期设计"
"adad96d2ad8e","apilayer aviationstack","Real-time Flight Status & Global Aviation Data API","https://aviationstack.com/","位置与出行","Transportation","航班状态与航空数据","upstream","public-apis/public-apis","https://aviationstack.com/","","","","OAuth","Yes","Unknown","80","B · 值得验证","OAuth 集成","适合用户授权型产品；优先评估回调、安全存储和撤销流程。","CORS 未知，需要浏览器实测；需要完整授权与令牌生命周期设计"
"bb9066550f3d","Apimetro","Geospatial data for Mexico City public transport system (Metro, Metrobús, Cablebús, RTP, etc.)","https://apimetro.dev/swagger/index.html","位置与出行","Transportation","公交、地铁与公共交通","upstream","public-apis/public-apis","https://apimetro.dev/swagger/index.html","","","","No","Yes","Yes","100","A · 优先试用","浏览器直连候选","适合无密钥原型；生产使用前验证限流、许可和稳定性。","仍需验证额度、条款、延迟与数据质量"
"99a15b0922f4","AviationAPI","FAA Aeronautical Charts and Publications, Airport Information, and Airport Weather","https://docs.aviationapi.com","位置与出行","Transportation","航班状态与航空数据","upstream","public-apis/public-apis","https://docs.aviationapi.com","","","","No","Yes","No","80","B · 值得验证","后端代理","建议通过服务端适配器统一鉴权、缓存、限流和错误处理。","浏览器不可直连，应走服务端"
"c7eeab44e8a7","AZ511","Access traffic data from the ADOT API","https://www.az511.com/developers/doc","位置与出行","Transportation","道路交通与路况","upstream","public-apis/public-apis","https://www.az511.com/developers/doc","","","","apiKey","Yes","Unknown","83","B · 值得验证","后端代理","建议通过服务端适配器统一鉴权、缓存、限流和错误处理。","CORS 未知，需要浏览器实测；密钥不得暴露在前端"
"972439d54df8","Bay Area Rapid Transit","Stations and predicted arrivals for BART","http://api.bart.gov","位置与出行","Transportation","公交、地铁与公共交通","upstream","public-apis/public-apis","http://api.bart.gov","","","","apiKey","No","Unknown","43","D · 建议替代","仅研究/寻找替代","先寻找 HTTPS 替代服务，不纳入默认生产候选。","未声明 HTTPS，不建议生产接入；CORS 未知，需要浏览器实测；密钥不得暴露在前端"
"75bfe0f9edbe","BC Ferries","Sailing times and capacities for BC Ferries","https://www.bcferriesapi.ca","位置与出行","Transportation","交通出行综合能力","upstream","public-apis/public-apis","https://www.bcferriesapi.ca","","","","No","Yes","Yes","100","A · 优先试用","浏览器直连候选","适合无密钥原型；生产使用前验证限流、许可和稳定性。","仍需验证额度、条款、延迟与数据质量"
"29f6a25696d3","BIC-Boxtech","Container technical detail for the global container fleet","https://docs.bic-boxtech.org/","位置与出行","Transportation","交通出行综合能力","upstream","public-apis/public-apis","https://docs.bic-boxtech.org/","","","","OAuth","Yes","Unknown","80","B · 值得验证","OAuth 集成","适合用户授权型产品；优先评估回调、安全存储和撤销流程。","CORS 未知，需要浏览器实测；需要完整授权与令牌生命周期设计"
"6279bd17a064","BlaBlaCar","Search car sharing trips","https://dev.blablacar.com","位置与出行","Transportation","出租车、网约车与共享出行","upstream","public-apis/public-apis","https://dev.blablacar.com","","","","apiKey","Yes","Unknown","83","B · 值得验证","后端代理","建议通过服务端适配器统一鉴权、缓存、限流和错误处理。","CORS 未知，需要浏览器实测；密钥不得暴露在前端"
"11a10a4d54bf","Boston MBTA Transit","Stations and predicted arrivals for MBTA","https://www.mbta.com/developers/v3-api","位置与出行","Transportation","公交、地铁与公共交通","upstream","public-apis/public-apis","https://www.mbta.com/developers/v3-api","","","","apiKey","Yes","Unknown","83","B · 值得验证","后端代理","建议通过服务端适配器统一鉴权、缓存、限流和错误处理。","CORS 未知，需要浏览器实测；密钥不得暴露在前端"
"18ddf5d7aea7","Can I enter","Visa and entry requirements for 199 passports, cited to official sources, verified daily","https://canienter.com","位置与出行","Transportation","交通出行综合能力","upstream","public-apis/public-apis","https://canienter.com","","","","No","Yes","Yes","100","A · 优先试用","浏览器直连候选","适合无密钥原型；生产使用前验证限流、许可和稳定性。","仍需验证额度、条款、延迟与数据质量"
"6c6ba94ccd26","Community Transit","Transitland API","https://github.com/transitland/transitland-datastore/blob/master/README.md#api-endpoints","位置与出行","Transportation","公交、地铁与公共交通","upstream","public-apis/public-apis","https://github.com/transitland/transitland-datastore/blob/master/README.md#api-endpoints","","","","No","Yes","Unknown","83","B · 值得验证","后端代理","建议通过服务端适配器统一鉴权、缓存、限流和错误处理。","CORS 未知，需要浏览器实测"
"c7d3358b4806","Compare Flight Prices","API for comparing flight prices across platforms","https://rapidapi.com/obryan-software-obryan-software-default/api/compare-flight-prices/","位置与出行","Transportation","航班状态与航空数据","upstream","public-apis/public-apis","https://rapidapi.com/obryan-software-obryan-software-default/api/compare-flight-prices/","","","","apiKey","Yes","Unknown","83","B · 值得验证","后端代理","建议通过服务端适配器统一鉴权、缓存、限流和错误处理。","CORS 未知，需要浏览器实测；密钥不得暴露在前端"
"f03150563c24","CruiseFeed","Normalized cruise line inventory: ships, sailings, itineraries, ports and lead-in fares","https://cruisefeed.io","位置与出行","Transportation","船舶、港口与海运；机票、酒店与旅行搜索","upstream","public-apis/public-apis","https://cruisefeed.io","","","","apiKey","Yes","Unknown","83","B · 值得验证","后端代理","建议通过服务端适配器统一鉴权、缓存、限流和错误处理。","CORS 未知，需要浏览器实测；密钥不得暴露在前端"
"b4694c014408","CTS","CTS Realtime API","https://api.cts-strasbourg.eu/","位置与出行","Transportation","交通出行综合能力","upstream","public-apis/public-apis","https://api.cts-strasbourg.eu/","","","","apiKey","Yes","Yes","90","A · 优先试用","后端代理","建议通过服务端适配器统一鉴权、缓存、限流和错误处理。","密钥不得暴露在前端"
"0e963a57b0e8","FAA N-Number Registry","Every FAA-registered civil aircraft in the United States, lookup by N-number or Mode S hex code","https://n-number.starfile.org/api","位置与出行","Transportation","航班状态与航空数据","upstream","public-apis/public-apis","https://n-number.starfile.org/api","","","","No","Yes","Yes","100","A · 优先试用","浏览器直连候选","适合无密钥原型；生产使用前验证限流、许可和稳定性。","仍需验证额度、条款、延迟与数据质量"
"c79bc25d8865","Grab","Track deliveries, ride fares, payments and loyalty points","https://developer.grab.com/docs/","位置与出行","Transportation","出租车、网约车与共享出行；机票、酒店与旅行搜索","upstream","public-apis/public-apis","https://developer.grab.com/docs/","","","","OAuth","Yes","Unknown","80","B · 值得验证","OAuth 集成","适合用户授权型产品；优先评估回调、安全存储和撤销流程。","CORS 未知，需要浏览器实测；需要完整授权与令牌生命周期设计"
"4ce9b1ba1ce1","GraphHopper","A-to-B routing with turn-by-turn instructions","https://docs.graphhopper.com/","位置与出行","Transportation","交通出行综合能力","upstream","public-apis/public-apis","https://docs.graphhopper.com/","","","","apiKey","Yes","Unknown","83","B · 值得验证","后端代理","建议通过服务端适配器统一鉴权、缓存、限流和错误处理。","CORS 未知，需要浏览器实测；密钥不得暴露在前端"
"defc26293235","Icelandic APIs","Open APIs that deliver services in or regarding Iceland","http://docs.apis.is/","位置与出行","Transportation","交通出行综合能力","upstream","public-apis/public-apis","http://docs.apis.is/","","","","No","Yes","Unknown","78","B · 值得验证","后端代理","建议通过服务端适配器统一鉴权、缓存、限流和错误处理。","CORS 未知，需要浏览器实测"
"b940edb01688","Impala Hotel Bookings","Hotel content, rates and room bookings","https://docs.impala.travel/docs/booking-api/","位置与出行","Transportation","机票、酒店与旅行搜索","upstream","public-apis/public-apis","https://docs.impala.travel/docs/booking-api/","","","","apiKey","Yes","No","75","B · 值得验证","后端代理","建议通过服务端适配器统一鉴权、缓存、限流和错误处理。","浏览器不可直连，应走服务端；密钥不得暴露在前端"
"0391c4bcffbd","Izi","Audio guide for travellers","http://api-docs.izi.travel/","位置与出行","Transportation","交通出行综合能力","upstream","public-apis/public-apis","http://api-docs.izi.travel/","","","","apiKey","Yes","Unknown","73","B · 值得验证","后端代理","建议通过服务端适配器统一鉴权、缓存、限流和错误处理。","CORS 未知，需要浏览器实测；密钥不得暴露在前端"
"77fc52b5e5d0","Land Transport Authority DataMall, Singapore","Singapore transport information","https://datamall.lta.gov.sg/content/dam/datamall/datasets/LTA_DataMall_API_User_Guide.pdf","位置与出行","Transportation","交通出行综合能力","upstream","public-apis/public-apis","https://datamall.lta.gov.sg/content/dam/datamall/datasets/LTA_DataMall_API_User_Guide.pdf","","","","apiKey","No","Unknown","53","C · 谨慎接入","仅研究/寻找替代","先寻找 HTTPS 替代服务，不纳入默认生产候选。","未声明 HTTPS，不建议生产接入；CORS 未知，需要浏览器实测；密钥不得暴露在前端"
"8972ec81654e","Metro Lisboa","Delays in subway lines","http://app.metrolisboa.pt/status/getLinhas.php","位置与出行","Transportation","公交、地铁与公共交通","upstream","public-apis/public-apis","http://app.metrolisboa.pt/status/getLinhas.php","","","","No","No","No","35","D · 建议替代","仅研究/寻找替代","先寻找 HTTPS 替代服务，不纳入默认生产候选。","未声明 HTTPS，不建议生产接入；浏览器不可直连，应走服务端"
"087acc6673f3","Navitia","The open API for building cool stuff with transport data","https://doc.navitia.io/","位置与出行","Transportation","交通出行综合能力","upstream","public-apis/public-apis","https://doc.navitia.io/","","","","apiKey","Yes","Unknown","83","B · 值得验证","后端代理","建议通过服务端适配器统一鉴权、缓存、限流和错误处理。","CORS 未知，需要浏览器实测；密钥不得暴露在前端"
"1efa0b71496b","Open Charge Map","Global public registry of electric vehicle charging locations","https://openchargemap.org/site/develop/api","位置与出行","Transportation","交通出行综合能力","upstream","public-apis/public-apis","https://openchargemap.org/site/develop/api","","","","apiKey","Yes","Yes","95","A · 优先试用","后端代理","建议通过服务端适配器统一鉴权、缓存、限流和错误处理。","密钥不得暴露在前端"
"a186607e8a27","Orizn Visa","Visa requirements for 199 countries, 39K+ passport-destination pairs in 15 languages","https://visa.orizn.app","位置与出行","Transportation","交通出行综合能力","upstream","public-apis/public-apis","https://visa.orizn.app","","","","apiKey","Yes","Yes","95","A · 优先试用","后端代理","建议通过服务端适配器统一鉴权、缓存、限流和错误处理。","密钥不得暴露在前端"
"b9016ecfd6e5","OpenSky Network","Free real-time ADS-B aviation data","https://opensky-network.org/apidoc/index.html","位置与出行","Transportation","航班状态与航空数据","upstream","public-apis/public-apis","https://opensky-network.org/apidoc/index.html","","","","No","Yes","Unknown","88","A · 优先试用","后端代理","建议通过服务端适配器统一鉴权、缓存、限流和错误处理。","CORS 未知，需要浏览器实测"
"6181b898a705","OpenVan","Fuel prices for 121 countries, food cost index & vanlife weather scores for RV travel","https://openvan.camp/docs","位置与出行","Transportation","交通出行综合能力","upstream","public-apis/public-apis","https://openvan.camp/docs","","","","No","Yes","Yes","100","A · 优先试用","浏览器直连候选","适合无密钥原型；生产使用前验证限流、许可和稳定性。","仍需验证额度、条款、延迟与数据质量"
"3f6768a65a29","Railway Transport for France","SNCF public API","https://www.digital.sncf.com/startup/api","位置与出行","Transportation","铁路与火车","upstream","public-apis/public-apis","https://www.digital.sncf.com/startup/api","","","","apiKey","Yes","Unknown","78","B · 值得验证","后端代理","建议通过服务端适配器统一鉴权、缓存、限流和错误处理。","CORS 未知，需要浏览器实测；密钥不得暴露在前端"
"9f1b33f0c488","REFUGE Restrooms","Provides safe restroom access for transgender, intersex and gender nonconforming individuals","https://www.refugerestrooms.org/api/docs/#!/restrooms","位置与出行","Transportation","交通出行综合能力","upstream","public-apis/public-apis","https://www.refugerestrooms.org/api/docs/#!/restrooms","","","","No","Yes","Unknown","88","A · 优先试用","后端代理","建议通过服务端适配器统一鉴权、缓存、限流和错误处理。","CORS 未知，需要浏览器实测"
"422ad016e96b","Road511","Unified traffic data from 65 US/CA jurisdictions: events, cameras, signs, bridges, truck routes","https://road511.com/docs.html","位置与出行","Transportation","道路交通与路况","upstream","public-apis/public-apis","https://road511.com/docs.html","","","","apiKey","Yes","No","75","B · 值得验证","后端代理","建议通过服务端适配器统一鉴权、缓存、限流和错误处理。","浏览器不可直连，应走服务端；密钥不得暴露在前端"
"682f903d6ff3","Sabre for Developers","Travel Search - Limited usage","https://developer.sabre.com/guides/travel-agency/quickstart/getting-started-in-travel","位置与出行","Transportation","机票、酒店与旅行搜索","upstream","public-apis/public-apis","https://developer.sabre.com/guides/travel-agency/quickstart/getting-started-in-travel","","","","apiKey","Yes","Unknown","83","B · 值得验证","后端代理","建议通过服务端适配器统一鉴权、缓存、限流和错误处理。","CORS 未知，需要浏览器实测；密钥不得暴露在前端"
"67e117af8a31","Schiphol Airport","Schiphol","https://developer.schiphol.nl/","位置与出行","Transportation","航班状态与航空数据","upstream","public-apis/public-apis","https://developer.schiphol.nl/","","","","apiKey","Yes","Unknown","73","B · 值得验证","后端代理","建议通过服务端适配器统一鉴权、缓存、限流和错误处理。","CORS 未知，需要浏览器实测；密钥不得暴露在前端"
"fc7739f8a6d4","Strait of Hormuz Ship Monitor","Live AIS vessel traffic, crossings and oil flow through the Strait of Hormuz","https://hormuz.data-tracking.net/llms.txt","位置与出行","Transportation","船舶、港口与海运；道路交通与路况","upstream","public-apis/public-apis","https://hormuz.data-tracking.net/llms.txt","","","","No","Yes","No","80","B · 值得验证","后端代理","建议通过服务端适配器统一鉴权、缓存、限流和错误处理。","浏览器不可直连，应走服务端"
"4304fda25576","Tankerkoenig","German realtime gas/diesel prices","https://creativecommons.tankerkoenig.de/swagger/","位置与出行","Transportation","交通出行综合能力","upstream","public-apis/public-apis","https://creativecommons.tankerkoenig.de/swagger/","","","","apiKey","Yes","Yes","95","A · 优先试用","后端代理","建议通过服务端适配器统一鉴权、缓存、限流和错误处理。","密钥不得暴露在前端"
"b55b03973023","TransitLand","Transit Aggregation","https://www.transit.land/documentation/datastore/api-endpoints.html","位置与出行","Transportation","公交、地铁与公共交通","upstream","public-apis/public-apis","https://www.transit.land/documentation/datastore/api-endpoints.html","","","","No","Yes","Unknown","83","B · 值得验证","后端代理","建议通过服务端适配器统一鉴权、缓存、限流和错误处理。","CORS 未知，需要浏览器实测"
"3924dce85a8c","Transport for Atlanta, US","Marta","http://www.itsmarta.com/app-developer-resources.aspx","位置与出行","Transportation","交通出行综合能力","upstream","public-apis/public-apis","http://www.itsmarta.com/app-developer-resources.aspx","","","","No","No","Unknown","38","D · 建议替代","仅研究/寻找替代","先寻找 HTTPS 替代服务，不纳入默认生产候选。","未声明 HTTPS，不建议生产接入；CORS 未知，需要浏览器实测"
"a98c651f7a2f","Transport for Auckland, New Zealand","Auckland Transport","https://dev-portal.at.govt.nz/","位置与出行","Transportation","交通出行综合能力","upstream","public-apis/public-apis","https://dev-portal.at.govt.nz/","","","","No","Yes","Unknown","83","B · 值得验证","后端代理","建议通过服务端适配器统一鉴权、缓存、限流和错误处理。","CORS 未知，需要浏览器实测"
"8911042bce31","Transport for Belgium","The iRail API is a third-party API for Belgian public transport by train","https://docs.irail.be/","位置与出行","Transportation","铁路与火车；公交、地铁与公共交通","upstream","public-apis/public-apis","https://docs.irail.be/","","","","No","Yes","Yes","100","A · 优先试用","浏览器直连候选","适合无密钥原型；生产使用前验证限流、许可和稳定性。","仍需验证额度、条款、延迟与数据质量"
"a22bafb751fa","Transport for Berlin, Germany","Third-party VBB API","https://github.com/derhuerst/vbb-rest/blob/3/docs/index.md","位置与出行","Transportation","交通出行综合能力","upstream","public-apis/public-apis","https://github.com/derhuerst/vbb-rest/blob/3/docs/index.md","","","","No","Yes","Unknown","83","B · 值得验证","后端代理","建议通过服务端适配器统一鉴权、缓存、限流和错误处理。","CORS 未知，需要浏览器实测"
"b312d47b3747","Transport for Bordeaux, France","Bordeaux Métropole public transport and more (France)","https://opendata.bordeaux-metropole.fr/explore/","位置与出行","Transportation","公交、地铁与公共交通","upstream","public-apis/public-apis","https://opendata.bordeaux-metropole.fr/explore/","","","","apiKey","Yes","Unknown","83","B · 值得验证","后端代理","建议通过服务端适配器统一鉴权、缓存、限流和错误处理。","CORS 未知，需要浏览器实测；密钥不得暴露在前端"
"3d548747e86f","Transport for Budapest, Hungary","Budapest public transport API","https://bkkfutar.docs.apiary.io","位置与出行","Transportation","公交、地铁与公共交通","upstream","public-apis/public-apis","https://bkkfutar.docs.apiary.io","","","","No","Yes","Unknown","88","A · 优先试用","后端代理","建议通过服务端适配器统一鉴权、缓存、限流和错误处理。","CORS 未知，需要浏览器实测"
"6acacc2d0883","Transport for Chicago, US","Chicago Transit Authority (CTA)","http://www.transitchicago.com/developers/","位置与出行","Transportation","公交、地铁与公共交通","upstream","public-apis/public-apis","http://www.transitchicago.com/developers/","","","","apiKey","No","Unknown","43","D · 建议替代","仅研究/寻找替代","先寻找 HTTPS 替代服务，不纳入默认生产候选。","未声明 HTTPS，不建议生产接入；CORS 未知，需要浏览器实测；密钥不得暴露在前端"
"69f9584a846b","Transport for Czech Republic","Czech transport API","https://www.chaps.cz/eng/products/idos-internet","位置与出行","Transportation","交通出行综合能力","upstream","public-apis/public-apis","https://www.chaps.cz/eng/products/idos-internet","","","","No","Yes","Unknown","83","B · 值得验证","后端代理","建议通过服务端适配器统一鉴权、缓存、限流和错误处理。","CORS 未知，需要浏览器实测"
"c97774e73cf8","Transport for Denver, US","RTD","http://www.rtd-denver.com/gtfs-developer-guide.shtml","位置与出行","Transportation","交通出行综合能力","upstream","public-apis/public-apis","http://www.rtd-denver.com/gtfs-developer-guide.shtml","","","","No","No","Unknown","38","D · 建议替代","仅研究/寻找替代","先寻找 HTTPS 替代服务，不纳入默认生产候选。","未声明 HTTPS，不建议生产接入；CORS 未知，需要浏览器实测"
"5ac63c0ce9f0","Transport for Finland","Finnish transport API","https://digitransit.fi/en/developers/ ","位置与出行","Transportation","交通出行综合能力","upstream","public-apis/public-apis","https://digitransit.fi/en/developers/ ","","","","No","Yes","Unknown","83","B · 值得验证","后端代理","建议通过服务端适配器统一鉴权、缓存、限流和错误处理。","CORS 未知，需要浏览器实测"
"a86b2b62b55e","Transport for Germany","Deutsche Bahn (DB) API","http://data.deutschebahn.com/dataset/api-fahrplan","位置与出行","Transportation","交通出行综合能力","upstream","public-apis/public-apis","http://data.deutschebahn.com/dataset/api-fahrplan","","","","apiKey","No","Unknown","38","D · 建议替代","仅研究/寻找替代","先寻找 HTTPS 替代服务，不纳入默认生产候选。","未声明 HTTPS，不建议生产接入；CORS 未知，需要浏览器实测；密钥不得暴露在前端"
"51414bd7d6ae","Transport for Grenoble, France","Grenoble public transport","https://www.mobilites-m.fr/pages/opendata/OpenDataApi.html","位置与出行","Transportation","公交、地铁与公共交通","upstream","public-apis/public-apis","https://www.mobilites-m.fr/pages/opendata/OpenDataApi.html","","","","No","No","No","50","C · 谨慎接入","仅研究/寻找替代","先寻找 HTTPS 替代服务，不纳入默认生产候选。","未声明 HTTPS，不建议生产接入；浏览器不可直连，应走服务端"
"d1d9a3cecc48","Transport for Hessen, Germany","RMV API (Public Transport in Hessen)","https://opendata.rmv.de/site/start.html","位置与出行","Transportation","公交、地铁与公共交通","upstream","public-apis/public-apis","https://opendata.rmv.de/site/start.html","","","","No","Yes","Unknown","88","A · 优先试用","后端代理","建议通过服务端适配器统一鉴权、缓存、限流和错误处理。","CORS 未知，需要浏览器实测"
"22d322af5759","Transport for Honolulu, US","Honolulu Transportation Information","http://hea.thebus.org/api_info.asp","位置与出行","Transportation","交通出行综合能力","upstream","public-apis/public-apis","http://hea.thebus.org/api_info.asp","","","","apiKey","No","Unknown","43","D · 建议替代","仅研究/寻找替代","先寻找 HTTPS 替代服务，不纳入默认生产候选。","未声明 HTTPS，不建议生产接入；CORS 未知，需要浏览器实测；密钥不得暴露在前端"
"a072a9ef5a4d","Transport for Lisbon, Portugal","Data about buses routes, parking and traffic","https://emel.city-platform.com/opendata/","位置与出行","Transportation","道路交通与路况；公交、地铁与公共交通","upstream","public-apis/public-apis","https://emel.city-platform.com/opendata/","","","","apiKey","Yes","Unknown","83","B · 值得验证","后端代理","建议通过服务端适配器统一鉴权、缓存、限流和错误处理。","CORS 未知，需要浏览器实测；密钥不得暴露在前端"
"2cd075ed8531","Transport for London, England","TfL API","https://api.tfl.gov.uk","位置与出行","Transportation","交通出行综合能力","upstream","public-apis/public-apis","https://api.tfl.gov.uk","","","","apiKey","Yes","Unknown","73","B · 值得验证","后端代理","建议通过服务端适配器统一鉴权、缓存、限流和错误处理。","CORS 未知，需要浏览器实测；密钥不得暴露在前端"
"a238f1549575","Transport for Los Angeles, US","Data about positions of Metro vehicles in real time and travel their routes","https://developer.metro.net/api/","位置与出行","Transportation","公交、地铁与公共交通","upstream","public-apis/public-apis","https://developer.metro.net/api/","","","","No","Yes","Unknown","88","A · 优先试用","后端代理","建议通过服务端适配器统一鉴权、缓存、限流和错误处理。","CORS 未知，需要浏览器实测"
"cde125d8a0e5","Transport for Manchester, England","TfGM transport network data","https://developer.tfgm.com/","位置与出行","Transportation","交通出行综合能力","upstream","public-apis/public-apis","https://developer.tfgm.com/","","","","apiKey","Yes","No","75","B · 值得验证","后端代理","建议通过服务端适配器统一鉴权、缓存、限流和错误处理。","浏览器不可直连，应走服务端；密钥不得暴露在前端"
"4e0554a7b684","Transport for Norway","Transport APIs and dataset for Norway","https://developer.entur.org/","位置与出行","Transportation","交通出行综合能力","upstream","public-apis/public-apis","https://developer.entur.org/","","","","No","Yes","Unknown","88","A · 优先试用","后端代理","建议通过服务端适配器统一鉴权、缓存、限流和错误处理。","CORS 未知，需要浏览器实测"
"12b7be9d5a40","Transport for Ottawa, Canada","OC Transpo API","https://www.octranspo.com/en/plan-your-trip/travel-tools/developers","位置与出行","Transportation","交通出行综合能力","upstream","public-apis/public-apis","https://www.octranspo.com/en/plan-your-trip/travel-tools/developers","","","","apiKey","Yes","Unknown","78","B · 值得验证","后端代理","建议通过服务端适配器统一鉴权、缓存、限流和错误处理。","CORS 未知，需要浏览器实测；密钥不得暴露在前端"
"fe63b6987af8","Transport for Paris, France","RATP Open Data API","http://data.ratp.fr/api/v1/console/datasets/1.0/search/","位置与出行","Transportation","交通出行综合能力","upstream","public-apis/public-apis","http://data.ratp.fr/api/v1/console/datasets/1.0/search/","","","","No","No","Unknown","43","D · 建议替代","仅研究/寻找替代","先寻找 HTTPS 替代服务，不纳入默认生产候选。","未声明 HTTPS，不建议生产接入；CORS 未知，需要浏览器实测"
"b2ab4acc67bb","Transport for Philadelphia, US","SEPTA APIs","http://www3.septa.org/hackathon/","位置与出行","Transportation","交通出行综合能力","upstream","public-apis/public-apis","http://www3.septa.org/hackathon/","","","","No","No","Unknown","43","D · 建议替代","仅研究/寻找替代","先寻找 HTTPS 替代服务，不纳入默认生产候选。","未声明 HTTPS，不建议生产接入；CORS 未知，需要浏览器实测"
"2f9049d9645b","Transport for Sao Paulo, Brazil","SPTrans","http://www.sptrans.com.br/desenvolvedores/api-do-olho-vivo-guia-de-referencia/documentacao-api/","位置与出行","Transportation","交通出行综合能力","upstream","public-apis/public-apis","http://www.sptrans.com.br/desenvolvedores/api-do-olho-vivo-guia-de-referencia/documentacao-api/","","","","OAuth","No","Unknown","30","D · 建议替代","仅研究/寻找替代","先寻找 HTTPS 替代服务，不纳入默认生产候选。","未声明 HTTPS，不建议生产接入；CORS 未知，需要浏览器实测；需要完整授权与令牌生命周期设计"
"ad989a34d4bd","Transport for Spain","Public trains of Spain","https://data.renfe.com/api/1/util/snippet/api_info.html?resource_id=a2368cff-1562-4dde-8466-9635ea3a572a","位置与出行","Transportation","铁路与火车","upstream","public-apis/public-apis","https://data.renfe.com/api/1/util/snippet/api_info.html?resource_id=a2368cff-1562-4dde-8466-9635ea3a572a","","","","No","Yes","Unknown","83","B · 值得验证","后端代理","建议通过服务端适配器统一鉴权、缓存、限流和错误处理。","CORS 未知，需要浏览器实测"
"62af5bd0d4b1","Transport for Sweden","Public Transport consumer","https://www.trafiklab.se/api","位置与出行","Transportation","公交、地铁与公共交通","upstream","public-apis/public-apis","https://www.trafiklab.se/api","","","","OAuth","Yes","Unknown","80","B · 值得验证","OAuth 集成","适合用户授权型产品；优先评估回调、安全存储和撤销流程。","CORS 未知，需要浏览器实测；需要完整授权与令牌生命周期设计"
"de1db7fd5412","Transport for Switzerland","Official Swiss Public Transport Open Data","https://opentransportdata.swiss/en/","位置与出行","Transportation","公交、地铁与公共交通","upstream","public-apis/public-apis","https://opentransportdata.swiss/en/","","","","apiKey","Yes","Unknown","83","B · 值得验证","后端代理","建议通过服务端适配器统一鉴权、缓存、限流和错误处理。","CORS 未知，需要浏览器实测；密钥不得暴露在前端"
"1196946e40d1","Transport for Switzerland","Swiss public transport API","https://transport.opendata.ch/","位置与出行","Transportation","公交、地铁与公共交通","upstream","public-apis/public-apis","https://transport.opendata.ch/","","","","No","Yes","Unknown","88","A · 优先试用","后端代理","建议通过服务端适配器统一鉴权、缓存、限流和错误处理。","CORS 未知，需要浏览器实测"
"b00fef1d2d3f","Transport for The Netherlands","NS, only trains","http://www.ns.nl/reisinformatie/ns-api","位置与出行","Transportation","铁路与火车","upstream","public-apis/public-apis","http://www.ns.nl/reisinformatie/ns-api","","","","apiKey","No","Unknown","38","D · 建议替代","仅研究/寻找替代","先寻找 HTTPS 替代服务，不纳入默认生产候选。","未声明 HTTPS，不建议生产接入；CORS 未知，需要浏览器实测；密钥不得暴露在前端"
"7118b2b1c021","Transport for The Netherlands","OVAPI, country-wide public transport","https://github.com/skywave/KV78Turbo-OVAPI/wiki","位置与出行","Transportation","公交、地铁与公共交通","upstream","public-apis/public-apis","https://github.com/skywave/KV78Turbo-OVAPI/wiki","","","","No","Yes","Unknown","88","A · 优先试用","后端代理","建议通过服务端适配器统一鉴权、缓存、限流和错误处理。","CORS 未知，需要浏览器实测"
"983ba34e5c07","Transport for Toronto, Canada","TTC","https://myttc.ca/developers","位置与出行","Transportation","交通出行综合能力","upstream","public-apis/public-apis","https://myttc.ca/developers","","","","No","Yes","Unknown","78","B · 值得验证","后端代理","建议通过服务端适配器统一鉴权、缓存、限流和错误处理。","CORS 未知，需要浏览器实测"
"f64bb3710b7c","Transport for UK","Transport API and dataset for UK","https://developer.transportapi.com","位置与出行","Transportation","交通出行综合能力","upstream","public-apis/public-apis","https://developer.transportapi.com","","","","apiKey","Yes","Unknown","83","B · 值得验证","后端代理","建议通过服务端适配器统一鉴权、缓存、限流和错误处理。","CORS 未知，需要浏览器实测；密钥不得暴露在前端"
"a67f28dbaf34","Transport for United States","NextBus API","https://retro.umoiq.com/xmlFeedDocs/NextBusXMLFeed.pdf","位置与出行","Transportation","公交、地铁与公共交通","upstream","public-apis/public-apis","https://retro.umoiq.com/xmlFeedDocs/NextBusXMLFeed.pdf","","","","No","No","Unknown","53","C · 谨慎接入","仅研究/寻找替代","先寻找 HTTPS 替代服务，不纳入默认生产候选。","未声明 HTTPS，不建议生产接入；CORS 未知，需要浏览器实测"
"49ed980b2e92","Transport for Vancouver, Canada","TransLink","https://developer.translink.ca/","位置与出行","Transportation","交通出行综合能力","upstream","public-apis/public-apis","https://developer.translink.ca/","","","","OAuth","Yes","Unknown","70","B · 值得验证","OAuth 集成","适合用户授权型产品；优先评估回调、安全存储和撤销流程。","CORS 未知，需要浏览器实测；需要完整授权与令牌生命周期设计"
"7f086b2c79d1","Transport for Washington, US","Washington Metro transport API","https://developer.wmata.com/","位置与出行","Transportation","公交、地铁与公共交通","upstream","public-apis/public-apis","https://developer.wmata.com/","","","","OAuth","Yes","Unknown","80","B · 值得验证","OAuth 集成","适合用户授权型产品；优先评估回调、安全存储和撤销流程。","CORS 未知，需要浏览器实测；需要完整授权与令牌生命周期设计"
"6e9f1d9b1b5a","transport.rest","Community maintained, developer-friendly public transport API","https://transport.rest","位置与出行","Transportation","公交、地铁与公共交通","upstream","public-apis/public-apis","https://transport.rest","","","","No","Yes","Yes","100","A · 优先试用","浏览器直连候选","适合无密钥原型；生产使用前验证限流、许可和稳定性。","仍需验证额度、条款、延迟与数据质量"
"5141f6428735","Tripadvisor","Rating content for a hotel, restaurant, attraction or destination","https://developer-tripadvisor.com/home/","位置与出行","Transportation","机票、酒店与旅行搜索","upstream","public-apis/public-apis","https://developer-tripadvisor.com/home/","","","","apiKey","Yes","Unknown","83","B · 值得验证","后端代理","建议通过服务端适配器统一鉴权、缓存、限流和错误处理。","CORS 未知，需要浏览器实测；密钥不得暴露在前端"
"3a6e07d39a20","Uber","Uber ride requests and price estimation","https://developer.uber.com/products","位置与出行","Transportation","出租车、网约车与共享出行","upstream","public-apis/public-apis","https://developer.uber.com/products","","","","OAuth","Yes","Yes","92","A · 优先试用","OAuth 集成","适合用户授权型产品；优先评估回调、安全存储和撤销流程。","需要完整授权与令牌生命周期设计"
"9ac751e77d2d","Velib metropolis, Paris, France","Velib Open Data API","https://www.velib-metropole.fr/donnees-open-data-gbfs-du-service-velib-metropole","位置与出行","Transportation","公交、地铁与公共交通","upstream","public-apis/public-apis","https://www.velib-metropole.fr/donnees-open-data-gbfs-du-service-velib-metropole","","","","No","Yes","No","75","B · 值得验证","后端代理","建议通过服务端适配器统一鉴权、缓存、限流和错误处理。","浏览器不可直连，应走服务端"
"c269b1ee0741","1pt","A simple URL shortener","https://github.com/1pt-co/api/blob/main/README.md","开发与基础设施","URL Shorteners","短链接生成","upstream","public-apis/public-apis","https://github.com/1pt-co/api/blob/main/README.md","","","","No","Yes","Yes","95","A · 优先试用","浏览器直连候选","适合无密钥原型；生产使用前验证限流、许可和稳定性。","仍需验证额度、条款、延迟与数据质量"
"30128b8a052a","Bitly","URL shortener and link management","http://dev.bitly.com/get_started.html","开发与基础设施","URL Shorteners","品牌链接与链接管理；短链接生成","upstream","public-apis/public-apis","http://dev.bitly.com/get_started.html","","","","OAuth","Yes","Unknown","70","B · 值得验证","OAuth 集成","适合用户授权型产品；优先评估回调、安全存储和撤销流程。","CORS 未知，需要浏览器实测；需要完整授权与令牌生命周期设计"
"31db9ce0665d","CleanURI","URL shortener service","https://cleanuri.com/docs","开发与基础设施","URL Shorteners","短链接生成","upstream","public-apis/public-apis","https://cleanuri.com/docs","","","","No","Yes","Yes","95","A · 优先试用","浏览器直连候选","适合无密钥原型；生产使用前验证限流、许可和稳定性。","仍需验证额度、条款、延迟与数据质量"
"087979c6ae63","ClickMeter","Monitor, compare and optimize your marketing links","https://support.clickmeter.com/hc/en-us/categories/201474986","开发与基础设施","URL Shorteners","点击统计与归因","upstream","public-apis/public-apis","https://support.clickmeter.com/hc/en-us/categories/201474986","","","","apiKey","Yes","Unknown","83","B · 值得验证","后端代理","建议通过服务端适配器统一鉴权、缓存、限流和错误处理。","CORS 未知，需要浏览器实测；密钥不得暴露在前端"
"6d1b49b459a3","Clico","URL shortener service","https://cli.com/swagger-ui/index.html?configUrl=/v3/api-docs/swagger-config","开发与基础设施","URL Shorteners","短链接生成","upstream","public-apis/public-apis","https://cli.com/swagger-ui/index.html?configUrl=/v3/api-docs/swagger-config","","","","apiKey","Yes","Unknown","78","B · 值得验证","后端代理","建议通过服务端适配器统一鉴权、缓存、限流和错误处理。","CORS 未知，需要浏览器实测；密钥不得暴露在前端"
"076a2e9e8006","Cutt.ly","URL shortener service","https://cutt.ly/api-documentation/cuttly-links-api","开发与基础设施","URL Shorteners","短链接生成","upstream","public-apis/public-apis","https://cutt.ly/api-documentation/cuttly-links-api","","","","apiKey","Yes","Unknown","78","B · 值得验证","后端代理","建议通过服务端适配器统一鉴权、缓存、限流和错误处理。","CORS 未知，需要浏览器实测；密钥不得暴露在前端"
"d8d3339ddc3c","Drivet URL Shortener","Shorten a long URL easily and fast","https://wiki.drivet.xyz/en/url-shortener/add-links","开发与基础设施","URL Shorteners","短链接生成","upstream","public-apis/public-apis","https://wiki.drivet.xyz/en/url-shortener/add-links","","","","No","Yes","Unknown","88","A · 优先试用","后端代理","建议通过服务端适配器统一鉴权、缓存、限流和错误处理。","CORS 未知，需要浏览器实测"
"b9b37c7715ee","Free Url Shortener","Free URL Shortener offers a powerful API to interact with other sites","https://ulvis.net/developer.html","开发与基础设施","URL Shorteners","短链接生成","upstream","public-apis/public-apis","https://ulvis.net/developer.html","","","","No","Yes","Unknown","88","A · 优先试用","后端代理","建议通过服务端适配器统一鉴权、缓存、限流和错误处理。","CORS 未知，需要浏览器实测"
"28c5d704ab6f","Git.io","Git.io URL shortener","https://github.blog/2011-11-10-git-io-github-url-shortener/","开发与基础设施","URL Shorteners","短链接生成","upstream","public-apis/public-apis","https://github.blog/2011-11-10-git-io-github-url-shortener/","","","","No","Yes","Unknown","83","B · 值得验证","后端代理","建议通过服务端适配器统一鉴权、缓存、限流和错误处理。","CORS 未知，需要浏览器实测"
"e1af32126015","GoTiny","A lightweight URL shortener, focused on ease-of-use for the developer and end-user","https://github.com/robvanbakel/gotiny-api","开发与基础设施","URL Shorteners","短链接生成","upstream","public-apis/public-apis","https://github.com/robvanbakel/gotiny-api","","","","No","Yes","Yes","100","A · 优先试用","浏览器直连候选","适合无密钥原型；生产使用前验证限流、许可和稳定性。","仍需验证额度、条款、延迟与数据质量"
"cd5d10db037b","Kutt","Free Modern URL Shortener","https://docs.kutt.it/","开发与基础设施","URL Shorteners","短链接生成","upstream","public-apis/public-apis","https://docs.kutt.it/","","","","apiKey","Yes","Yes","95","A · 优先试用","后端代理","建议通过服务端适配器统一鉴权、缓存、限流和错误处理。","密钥不得暴露在前端"
"cafbebe090ae","Mgnet.me","Torrent URL shorten API","http://mgnet.me/api.html","开发与基础设施","URL Shorteners","短链接生成","upstream","public-apis/public-apis","http://mgnet.me/api.html","","","","No","Yes","No","65","C · 谨慎接入","后端代理","建议通过服务端适配器统一鉴权、缓存、限流和错误处理。","浏览器不可直连，应走服务端"
"48521614338d","owo","A simple link obfuscator/shortener","https://owo.vc/api","开发与基础设施","URL Shorteners","短链接生成","upstream","public-apis/public-apis","https://owo.vc/api","","","","No","Yes","Unknown","88","A · 优先试用","后端代理","建议通过服务端适配器统一鉴权、缓存、限流和错误处理。","CORS 未知，需要浏览器实测"
"acc07209892c","Rebrandly","Custom URL shortener for sharing branded links","https://developers.rebrandly.com/v1/docs","开发与基础设施","URL Shorteners","品牌链接与链接管理；短链接生成","upstream","public-apis/public-apis","https://developers.rebrandly.com/v1/docs","","","","apiKey","Yes","Unknown","83","B · 值得验证","后端代理","建议通过服务端适配器统一鉴权、缓存、限流和错误处理。","CORS 未知，需要浏览器实测；密钥不得暴露在前端"
"3e4d3a88a243","RedirHub","URL redirect management with custom domains, HTTPS, analytics, and REST API","https://redirhub.com","开发与基础设施","URL Shorteners","点击统计与归因；品牌链接与链接管理","upstream","public-apis/public-apis","https://redirhub.com","","","","apiKey","Yes","Yes","95","A · 优先试用","后端代理","建议通过服务端适配器统一鉴权、缓存、限流和错误处理。","密钥不得暴露在前端"
"81352445ceb2","Short Link","Short URLs support so many domains","https://github.com/FayasNoushad/Short-Link-API","开发与基础设施","URL Shorteners","短链接生成","upstream","public-apis/public-apis","https://github.com/FayasNoushad/Short-Link-API","","","","No","Yes","Unknown","88","A · 优先试用","后端代理","建议通过服务端适配器统一鉴权、缓存、限流和错误处理。","CORS 未知，需要浏览器实测"
"7ca9db3fc499","Shrtcode","URl Shortener with multiple Domains","https://shrtco.de/docs","开发与基础设施","URL Shorteners","短链接生成","upstream","public-apis/public-apis","https://shrtco.de/docs","","","","No","Yes","Yes","100","A · 优先试用","浏览器直连候选","适合无密钥原型；生产使用前验证限流、许可和稳定性。","仍需验证额度、条款、延迟与数据质量"
"369777bd9019","Shrtlnk","Simple and efficient short link creation","https://shrtlnk.dev/developer","开发与基础设施","URL Shorteners","短链接综合能力","upstream","public-apis/public-apis","https://shrtlnk.dev/developer","","","","apiKey","Yes","Yes","95","A · 优先试用","后端代理","建议通过服务端适配器统一鉴权、缓存、限流和错误处理。","密钥不得暴露在前端"
"cdc3e0e47e1b","TinyURL","Shorten long URLs","https://tinyurl.com/app/dev","开发与基础设施","URL Shorteners","短链接生成","upstream","public-apis/public-apis","https://tinyurl.com/app/dev","","","","apiKey","Yes","No","70","B · 值得验证","后端代理","建议通过服务端适配器统一鉴权、缓存、限流和错误处理。","浏览器不可直连，应走服务端；密钥不得暴露在前端"
"6eb987ea2217","UrlBae","Simple and efficient short link creation","https://urlbae.com/developers","开发与基础设施","URL Shorteners","短链接综合能力","upstream","public-apis/public-apis","https://urlbae.com/developers","","","","apiKey","Yes","Yes","95","A · 优先试用","后端代理","建议通过服务端适配器统一鉴权、缓存、限流和错误处理。","密钥不得暴露在前端"
"5587b7c1a7be","Auto Body Shop Directory","Find auto body shops by ZIP code, city, location, or profile","https://autobodyshopnear.com/developers/body-shop-api","位置与出行","Vehicle","经销商、维修店与服务网点","upstream","public-apis/public-apis","https://autobodyshopnear.com/developers/body-shop-api","","","","No","Yes","No","80","B · 值得验证","后端代理","建议通过服务端适配器统一鉴权、缓存、限流和错误处理。","浏览器不可直连，应走服务端"
"2e8e761855be","Brazilian Vehicles and Prices","Vehicles information from Fundação Instituto de Pesquisas Econômicas - Fipe","https://deividfortuna.github.io/fipe/","位置与出行","Vehicle","车辆估值与市场价格","upstream","public-apis/public-apis","https://deividfortuna.github.io/fipe/","","","","No","Yes","No","80","B · 值得验证","后端代理","建议通过服务端适配器统一鉴权、缓存、限流和错误处理。","浏览器不可直连，应走服务端"
"c2281f71a5ac","CarVector","Vehicle specs, images, recalls, and DTC codes across 1925-2029","https://carvector.io/docs","位置与出行","Vehicle","召回、故障码与维修；VIN 与车辆规格","upstream","public-apis/public-apis","https://carvector.io/docs","","","","apiKey","Yes","Yes","95","A · 优先试用","后端代理","建议通过服务端适配器统一鉴权、缓存、限流和错误处理。","密钥不得暴露在前端"
"a1c7cac11fe0","Helipaddy sites","Helicopter and passenger drone landing site directory, Helipaddy data and much more","https://helipaddy.com/api/","位置与出行","Vehicle","经销商、维修店与服务网点","upstream","public-apis/public-apis","https://helipaddy.com/api/","","","","apiKey","Yes","Unknown","83","B · 值得验证","后端代理","建议通过服务端适配器统一鉴权、缓存、限流和错误处理。","CORS 未知，需要浏览器实测；密钥不得暴露在前端"
"e4cd95ce407a","Kelley Blue Book","Vehicle info, pricing, configuration, plus much more","http://developer.kbb.com/#!/data/1-Default","位置与出行","Vehicle","车辆估值与市场价格；VIN 与车辆规格","upstream","public-apis/public-apis","http://developer.kbb.com/#!/data/1-Default","","","","apiKey","Yes","No","65","C · 谨慎接入","后端代理","建议通过服务端适配器统一鉴权、缓存、限流和错误处理。","浏览器不可直连，应走服务端；密钥不得暴露在前端"
"a4347ad2561e","Mercedes-Benz","Telematics data, remotely access vehicle functions, car configurator, locate service dealers","https://developer.mercedes-benz.com/apis","位置与出行","Vehicle","车联网与远程车辆；经销商、维修店与服务网点","upstream","public-apis/public-apis","https://developer.mercedes-benz.com/apis","","","","apiKey","Yes","No","75","B · 值得验证","后端代理","建议通过服务端适配器统一鉴权、缓存、限流和错误处理。","浏览器不可直连，应走服务端；密钥不得暴露在前端"
"599d03f99403","NHTSA","NHTSA Product Information Catalog and Vehicle Listing","https://vpic.nhtsa.dot.gov/api/","位置与出行","Vehicle","车辆综合能力","upstream","public-apis/public-apis","https://vpic.nhtsa.dot.gov/api/","","","","No","Yes","Unknown","88","A · 优先试用","后端代理","建议通过服务端适配器统一鉴权、缓存、限流和错误处理。","CORS 未知，需要浏览器实测"
"4292f71d809d","ProblemsByVin","Owner complaints, recalls and failure-mileage statistics by vehicle make, model and year","https://problemsbyvin.com/data/","位置与出行","Vehicle","召回、故障码与维修；VIN 与车辆规格","upstream","public-apis/public-apis","https://problemsbyvin.com/data/","","","","No","Yes","Yes","100","A · 优先试用","浏览器直连候选","适合无密钥原型；生产使用前验证限流、许可和稳定性。","仍需验证额度、条款、延迟与数据质量"
"19adb160a0e0","RevCarData","86,000+ global vehicle specifications and EV metrics","https://revcardata.com","位置与出行","Vehicle","充电站与燃料；VIN 与车辆规格","upstream","public-apis/public-apis","https://revcardata.com","","","","apiKey","Yes","Yes","95","A · 优先试用","后端代理","建议通过服务端适配器统一鉴权、缓存、限流和错误处理。","密钥不得暴露在前端"
"a132f1bd9319","Smartcar","Lock and unlock vehicles and get data like odometer reading and location. Works on most new cars","https://smartcar.com/docs/","位置与出行","Vehicle","车辆综合能力","upstream","public-apis/public-apis","https://smartcar.com/docs/","","","","OAuth","Yes","Yes","92","A · 优先试用","OAuth 集成","适合用户授权型产品；优先评估回调、安全存储和撤销流程。","需要完整授权与令牌生命周期设计"
"a006ded4f5f1","An API of Ice And Fire","Game Of Thrones API","https://anapioficeandfire.com/","文化与媒体","Video","视频影视综合能力","upstream","public-apis/public-apis","https://anapioficeandfire.com/","","","","No","Yes","Unknown","83","B · 值得验证","后端代理","建议通过服务端适配器统一鉴权、缓存、限流和错误处理。","CORS 未知，需要浏览器实测"
"585cfe89bdb2","Bob's Burgers","Bob's Burgers API","https://bobs-burgers-api-ui.herokuapp.com","文化与媒体","Video","视频影视综合能力","upstream","public-apis/public-apis","https://bobs-burgers-api-ui.herokuapp.com","","","","No","Yes","Yes","95","A · 优先试用","浏览器直连候选","适合无密钥原型；生产使用前验证限流、许可和稳定性。","仍需验证额度、条款、延迟与数据质量"
"3fa1c0fc86c1","Breaking Bad","Breaking Bad API","https://breakingbadapi.com/documentation","文化与媒体","Video","视频影视综合能力","upstream","public-apis/public-apis","https://breakingbadapi.com/documentation","","","","No","Yes","Unknown","83","B · 值得验证","后端代理","建议通过服务端适配器统一鉴权、缓存、限流和错误处理。","CORS 未知，需要浏览器实测"
"f053d9e34dca","Breaking Bad Quotes","Some Breaking Bad quotes","https://github.com/shevabam/breaking-bad-quotes","文化与媒体","Video","字幕、台词与转写","upstream","public-apis/public-apis","https://github.com/shevabam/breaking-bad-quotes","","","","No","Yes","Unknown","88","A · 优先试用","后端代理","建议通过服务端适配器统一鉴权、缓存、限流和错误处理。","CORS 未知，需要浏览器实测"
"cedbd755383f","Catalogopolis","Doctor Who API","https://api.catalogopolis.xyz/docs/","文化与媒体","Video","电影、电视剧与节目资料","upstream","public-apis/public-apis","https://api.catalogopolis.xyz/docs/","","","","No","Yes","Unknown","83","B · 值得验证","后端代理","建议通过服务端适配器统一鉴权、缓存、限流和错误处理。","CORS 未知，需要浏览器实测"
"e51a0c89b83e","Catch The Show","REST API for next-episode.net","https://catchtheshow.herokuapp.com/api/documentation","文化与媒体","Video","电影、电视剧与节目资料","upstream","public-apis/public-apis","https://catchtheshow.herokuapp.com/api/documentation","","","","No","Yes","Unknown","88","A · 优先试用","后端代理","建议通过服务端适配器统一鉴权、缓存、限流和错误处理。","CORS 未知，需要浏览器实测"
"c3a952780ef7","Czech Television","TV programme of Czech TV","http://www.ceskatelevize.cz/xml/tv-program/","文化与媒体","Video","电影、电视剧与节目资料","upstream","public-apis/public-apis","http://www.ceskatelevize.cz/xml/tv-program/","","","","No","No","Unknown","48","D · 建议替代","仅研究/寻找替代","先寻找 HTTPS 替代服务，不纳入默认生产候选。","未声明 HTTPS，不建议生产接入；CORS 未知，需要浏览器实测"
"f18daedb5cb6","Dailymotion","Dailymotion Developer API","https://developer.dailymotion.com/","文化与媒体","Video","视频影视综合能力","upstream","public-apis/public-apis","https://developer.dailymotion.com/","","","","OAuth","Yes","Unknown","80","B · 值得验证","OAuth 集成","适合用户授权型产品；优先评估回调、安全存储和撤销流程。","CORS 未知，需要浏览器实测；需要完整授权与令牌生命周期设计"
"139047103089","Dune","A simple API which provides you with book, character, movie and quotes JSON data","https://github.com/ywalia01/dune-api","文化与媒体","Video","电影、电视剧与节目资料；字幕、台词与转写","upstream","public-apis/public-apis","https://github.com/ywalia01/dune-api","","","","No","Yes","Yes","100","A · 优先试用","浏览器直连候选","适合无密钥原型；生产使用前验证限流、许可和稳定性。","仍需验证额度、条款、延迟与数据质量"
"6aa9b5c10237","Final Space","Final Space API","https://finalspaceapi.com/docs/","文化与媒体","Video","视频影视综合能力","upstream","public-apis/public-apis","https://finalspaceapi.com/docs/","","","","No","Yes","Yes","95","A · 优先试用","浏览器直连候选","适合无密钥原型；生产使用前验证限流、许可和稳定性。","仍需验证额度、条款、延迟与数据质量"
"2f147a4127e8","Game of Thrones Quotes","Some Game of Thrones quotes","https://gameofthronesquotes.xyz/","文化与媒体","Video","字幕、台词与转写","upstream","public-apis/public-apis","https://gameofthronesquotes.xyz/","","","","No","Yes","Unknown","88","A · 优先试用","后端代理","建议通过服务端适配器统一鉴权、缓存、限流和错误处理。","CORS 未知，需要浏览器实测"
"5973a9744db2","Harry Potter Charactes","Harry Potter Characters Data with with imagery","https://hp-api.herokuapp.com/","文化与媒体","Video","视频影视综合能力","upstream","public-apis/public-apis","https://hp-api.herokuapp.com/","","","","No","Yes","Unknown","88","A · 优先试用","后端代理","建议通过服务端适配器统一鉴权、缓存、限流和错误处理。","CORS 未知，需要浏览器实测"
"ffa487bcd971","Hyperserve","Video backend API: upload any format, transcode to MP4, deliver via CDN","https://hyperserve.io/","文化与媒体","Video","视频转换、剪辑与处理","upstream","public-apis/public-apis","https://hyperserve.io/","","","","apiKey","Yes","Yes","95","A · 优先试用","后端代理","建议通过服务端适配器统一鉴权、缓存、限流和错误处理。","密钥不得暴露在前端"
"9d3a4e1e466f","IMDb-API","API for receiving movie, serial and cast information","https://imdb-api.com/","文化与媒体","Video","电影、电视剧与节目资料","upstream","public-apis/public-apis","https://imdb-api.com/","","","","apiKey","Yes","Unknown","83","B · 值得验证","后端代理","建议通过服务端适配器统一鉴权、缓存、限流和错误处理。","CORS 未知，需要浏览器实测；密钥不得暴露在前端"
"d1093bb6e70c","IMDbOT","Unofficial IMDb Movie / Series Information","https://github.com/SpEcHiDe/IMDbOT","文化与媒体","Video","电影、电视剧与节目资料","upstream","public-apis/public-apis","https://github.com/SpEcHiDe/IMDbOT","","","","No","Yes","Yes","100","A · 优先试用","浏览器直连候选","适合无密钥原型；生产使用前验证限流、许可和稳定性。","仍需验证额度、条款、延迟与数据质量"
"83c351ed64b5","JSON2Video","Create and edit videos programmatically: watermarks,resizing,slideshows,voice-over,text animations","https://json2video.com","文化与媒体","Video","电影、电视剧与节目资料；视频转换、剪辑与处理","upstream","public-apis/public-apis","https://json2video.com","","","","apiKey","Yes","No","75","B · 值得验证","后端代理","建议通过服务端适配器统一鉴权、缓存、限流和错误处理。","浏览器不可直连，应走服务端；密钥不得暴露在前端"
"a10e6c930865","Lucifer Quotes","Returns Lucifer quotes","https://github.com/shadowoff09/lucifer-quotes","文化与媒体","Video","字幕、台词与转写","upstream","public-apis/public-apis","https://github.com/shadowoff09/lucifer-quotes","","","","No","Yes","Unknown","83","B · 值得验证","后端代理","建议通过服务端适配器统一鉴权、缓存、限流和错误处理。","CORS 未知，需要浏览器实测"
"d48f3ceda859","MCU Countdown","A Countdown to the next MCU Film","https://github.com/DiljotSG/MCU-Countdown","文化与媒体","Video","视频影视综合能力","upstream","public-apis/public-apis","https://github.com/DiljotSG/MCU-Countdown","","","","No","Yes","Yes","100","A · 优先试用","浏览器直连候选","适合无密钥原型；生产使用前验证限流、许可和稳定性。","仍需验证额度、条款、延迟与数据质量"
"1bc535a09e2c","Motivational Quotes","Random Motivational Quotes","https://nodejs-quoteapp.herokuapp.com/","文化与媒体","Video","字幕、台词与转写","upstream","public-apis/public-apis","https://nodejs-quoteapp.herokuapp.com/","","","","No","Yes","Unknown","88","A · 优先试用","后端代理","建议通过服务端适配器统一鉴权、缓存、限流和错误处理。","CORS 未知，需要浏览器实测"
"6a3981c8cba2","Movie Quote","Random Movie and Series Quotes","https://github.com/F4R4N/movie-quote/","文化与媒体","Video","电影、电视剧与节目资料；字幕、台词与转写","upstream","public-apis/public-apis","https://github.com/F4R4N/movie-quote/","","","","No","Yes","Yes","100","A · 优先试用","浏览器直连候选","适合无密钥原型；生产使用前验证限流、许可和稳定性。","仍需验证额度、条款、延迟与数据质量"
"c9e43ee2352c","Open Movie Database","Movie information","http://www.omdbapi.com/","文化与媒体","Video","电影、电视剧与节目资料","upstream","public-apis/public-apis","http://www.omdbapi.com/","","","","apiKey","Yes","Unknown","68","C · 谨慎接入","后端代理","建议通过服务端适配器统一鉴权、缓存、限流和错误处理。","CORS 未知，需要浏览器实测；密钥不得暴露在前端"
"4bcc6332ad3d","Owen Wilson Wow","API for actor Owen Wilson's ""wow"" exclamations in movies","https://owen-wilson-wow-api.herokuapp.com","文化与媒体","Video","电影、电视剧与节目资料","upstream","public-apis/public-apis","https://owen-wilson-wow-api.herokuapp.com","","","","No","Yes","Yes","100","A · 优先试用","浏览器直连候选","适合无密钥原型；生产使用前验证限流、许可和稳定性。","仍需验证额度、条款、延迟与数据质量"
"c38531373b92","Rendobar","Hosted media processing over REST: transcode, caption, watermark video","https://rendobar.com","文化与媒体","Video","视频转换、剪辑与处理；字幕、台词与转写","upstream","public-apis/public-apis","https://rendobar.com","","","","apiKey","Yes","No","75","B · 值得验证","后端代理","建议通过服务端适配器统一鉴权、缓存、限流和错误处理。","浏览器不可直连，应走服务端；密钥不得暴露在前端"
"95fc276c7615","Ron Swanson Quotes","Television","https://github.com/jamesseanwright/ron-swanson-quotes#ron-swanson-quotes-api","文化与媒体","Video","字幕、台词与转写","upstream","public-apis/public-apis","https://github.com/jamesseanwright/ron-swanson-quotes#ron-swanson-quotes-api","","","","No","Yes","Unknown","83","B · 值得验证","后端代理","建议通过服务端适配器统一鉴权、缓存、限流和错误处理。","CORS 未知，需要浏览器实测"
"83fa379bbeb0","Shotstack","Cloud video editing API to create and render videos programmatically","https://shotstack.io/","文化与媒体","Video","视频转换、剪辑与处理","upstream","public-apis/public-apis","https://shotstack.io/","","","","apiKey","Yes","Unknown","83","B · 值得验证","后端代理","建议通过服务端适配器统一鉴权、缓存、限流和错误处理。","CORS 未知，需要浏览器实测；密钥不得暴露在前端"
"4b0c7e4d8367","Simkl","Movie, TV and Anime data","https://simkl.docs.apiary.io","文化与媒体","Video","电影、电视剧与节目资料","upstream","public-apis/public-apis","https://simkl.docs.apiary.io","","","","apiKey","Yes","Unknown","83","B · 值得验证","后端代理","建议通过服务端适配器统一鉴权、缓存、限流和错误处理。","CORS 未知，需要浏览器实测；密钥不得暴露在前端"
"9becba64f443","STAPI","Information on all things Star Trek","http://stapi.co","文化与媒体","Video","视频影视综合能力","upstream","public-apis/public-apis","http://stapi.co","","","","No","No","No","40","D · 建议替代","仅研究/寻找替代","先寻找 HTTPS 替代服务，不纳入默认生产候选。","未声明 HTTPS，不建议生产接入；浏览器不可直连，应走服务端"
"0ba95b809e2d","Stranger Things Quotes","Returns Stranger Things quotes","https://github.com/shadowoff09/strangerthings-quotes","文化与媒体","Video","字幕、台词与转写","upstream","public-apis/public-apis","https://github.com/shadowoff09/strangerthings-quotes","","","","No","Yes","Unknown","88","A · 优先试用","后端代理","建议通过服务端适配器统一鉴权、缓存、限流和错误处理。","CORS 未知，需要浏览器实测"
"fc24e344b06e","Stream","Czech internet television, films, series and online videos for free","https://api.stream.cz/graphiql","文化与媒体","Video","电影、电视剧与节目资料","upstream","public-apis/public-apis","https://api.stream.cz/graphiql","","","","No","Yes","No","80","B · 值得验证","后端代理","建议通过服务端适配器统一鉴权、缓存、限流和错误处理。","浏览器不可直连，应走服务端"
"e5d35a028cc5","Stromberg Quotes","Returns Stromberg quotes and more","https://www.stromberg-api.de/","文化与媒体","Video","字幕、台词与转写","upstream","public-apis/public-apis","https://www.stromberg-api.de/","","","","No","Yes","Unknown","88","A · 优先试用","后端代理","建议通过服务端适配器统一鉴权、缓存、限流和错误处理。","CORS 未知，需要浏览器实测"
"605079ac45f2","SWAPI","All the Star Wars data you've ever wanted","https://swapi.dev/","文化与媒体","Video","视频影视综合能力","upstream","public-apis/public-apis","https://swapi.dev/","","","","No","Yes","Yes","100","A · 优先试用","浏览器直连候选","适合无密钥原型；生产使用前验证限流、许可和稳定性。","仍需验证额度、条款、延迟与数据质量"
"f00759be2988","SWAPI","All things Star Wars","https://www.swapi.tech","文化与媒体","Video","视频影视综合能力","upstream","public-apis/public-apis","https://www.swapi.tech","","","","No","Yes","Yes","95","A · 优先试用","浏览器直连候选","适合无密钥原型；生产使用前验证限流、许可和稳定性。","仍需验证额度、条款、延迟与数据质量"
"bdfd565492bd","SWAPI GraphQL","Star Wars GraphQL API","https://graphql.org/swapi-graphql","文化与媒体","Video","视频影视综合能力","upstream","public-apis/public-apis","https://graphql.org/swapi-graphql","","","","No","Yes","Unknown","83","B · 值得验证","后端代理","建议通过服务端适配器统一鉴权、缓存、限流和错误处理。","CORS 未知，需要浏览器实测"
"fa7ead55fd07","The Lord of the Rings","The Lord of the Rings API","https://the-one-api.dev/","文化与媒体","Video","视频影视综合能力","upstream","public-apis/public-apis","https://the-one-api.dev/","","","","apiKey","Yes","Unknown","83","B · 值得验证","后端代理","建议通过服务端适配器统一鉴权、缓存、限流和错误处理。","CORS 未知，需要浏览器实测；密钥不得暴露在前端"
"2f8e48d2d815","The Vampire Diaries","TV Show Data","https://vampire-diaries-api.netlify.app/","文化与媒体","Video","电影、电视剧与节目资料","upstream","public-apis/public-apis","https://vampire-diaries-api.netlify.app/","","","","apiKey","Yes","Yes","90","A · 优先试用","后端代理","建议通过服务端适配器统一鉴权、缓存、限流和错误处理。","密钥不得暴露在前端"
"92eba29aa217","ThronesApi","Game Of Thrones Characters Data with imagery","https://thronesapi.com/","文化与媒体","Video","视频影视综合能力","upstream","public-apis/public-apis","https://thronesapi.com/","","","","No","Yes","Unknown","88","A · 优先试用","后端代理","建议通过服务端适配器统一鉴权、缓存、限流和错误处理。","CORS 未知，需要浏览器实测"
"482fe46f1873","TMDb","Community-based movie data","https://www.themoviedb.org/documentation/api","文化与媒体","Video","电影、电视剧与节目资料","upstream","public-apis/public-apis","https://www.themoviedb.org/documentation/api","","","","apiKey","Yes","Unknown","83","B · 值得验证","后端代理","建议通过服务端适配器统一鉴权、缓存、限流和错误处理。","CORS 未知，需要浏览器实测；密钥不得暴露在前端"
"42d682e53b25","TrailerAddict","Easily embed trailers from TrailerAddict","https://www.traileraddict.com/trailerapi","文化与媒体","Video","视频影视综合能力","upstream","public-apis/public-apis","https://www.traileraddict.com/trailerapi","","","","apiKey","No","Unknown","53","C · 谨慎接入","仅研究/寻找替代","先寻找 HTTPS 替代服务，不纳入默认生产候选。","未声明 HTTPS，不建议生产接入；CORS 未知，需要浏览器实测；密钥不得暴露在前端"
"3dfcc0ae2ff0","Trakt","Movie and TV Data","https://trakt.docs.apiary.io/","文化与媒体","Video","电影、电视剧与节目资料","upstream","public-apis/public-apis","https://trakt.docs.apiary.io/","","","","apiKey","Yes","Yes","90","A · 优先试用","后端代理","建议通过服务端适配器统一鉴权、缓存、限流和错误处理。","密钥不得暴露在前端"
"f9b3e4330033","TVDB","Television data","https://thetvdb.com/api-information","文化与媒体","Video","电影、电视剧与节目资料","upstream","public-apis/public-apis","https://thetvdb.com/api-information","","","","apiKey","Yes","Unknown","78","B · 值得验证","后端代理","建议通过服务端适配器统一鉴权、缓存、限流和错误处理。","CORS 未知，需要浏览器实测；密钥不得暴露在前端"
"fc858057b3e7","TVMaze","TV Show Data","http://www.tvmaze.com/api","文化与媒体","Video","电影、电视剧与节目资料","upstream","public-apis/public-apis","http://www.tvmaze.com/api","","","","No","No","Unknown","43","D · 建议替代","仅研究/寻找替代","先寻找 HTTPS 替代服务，不纳入默认生产候选。","未声明 HTTPS，不建议生产接入；CORS 未知，需要浏览器实测"
"3cd662c414db","uNoGS","Unofficial Netflix Online Global Search, Search all netflix regions in one place","https://rapidapi.com/unogs/api/unogsng","文化与媒体","Video","视频影视综合能力","upstream","public-apis/public-apis","https://rapidapi.com/unogs/api/unogsng","","","","apiKey","Yes","Yes","95","A · 优先试用","后端代理","建议通过服务端适配器统一鉴权、缓存、限流和错误处理。","密钥不得暴露在前端"
"a9ada934de8b","VidWords","YouTube transcripts and subtitles as TXT, SRT, VTT or DOCX, plus AI video analysis","https://vidwords.com/api-docs","文化与媒体","Video","字幕、台词与转写；视频平台内容与频道","upstream","public-apis/public-apis","https://vidwords.com/api-docs","","","","apiKey","Yes","No","75","B · 值得验证","后端代理","建议通过服务端适配器统一鉴权、缓存、限流和错误处理。","浏览器不可直连，应走服务端；密钥不得暴露在前端"
"b4d7e6676870","Vimeo","Vimeo Developer API","https://developer.vimeo.com/","文化与媒体","Video","视频平台内容与频道","upstream","public-apis/public-apis","https://developer.vimeo.com/","","","","OAuth","Yes","Unknown","75","B · 值得验证","OAuth 集成","适合用户授权型产品；优先评估回调、安全存储和撤销流程。","CORS 未知，需要浏览器实测；需要完整授权与令牌生命周期设计"
"6afcf38aa302","Watchmode","API for finding out the streaming availability of movies & shows","https://api.watchmode.com/","文化与媒体","Video","电影、电视剧与节目资料；流媒体可看平台","upstream","public-apis/public-apis","https://api.watchmode.com/","","","","apiKey","Yes","Unknown","83","B · 值得验证","后端代理","建议通过服务端适配器统一鉴权、缓存、限流和错误处理。","CORS 未知，需要浏览器实测；密钥不得暴露在前端"
"deada61342b8","Web Series Quotes Generator","API generates various Web Series Quote Images","https://github.com/yogeshwaran01/web-series-quotes","文化与媒体","Video","字幕、台词与转写；电影、电视剧与节目资料","upstream","public-apis/public-apis","https://github.com/yogeshwaran01/web-series-quotes","","","","No","Yes","Yes","100","A · 优先试用","浏览器直连候选","适合无密钥原型；生产使用前验证限流、许可和稳定性。","仍需验证额度、条款、延迟与数据质量"
"0d7d1c028562","YouTube","Add YouTube functionality to your sites and apps","https://developers.google.com/youtube/","文化与媒体","Video","视频平台内容与频道","upstream","public-apis/public-apis","https://developers.google.com/youtube/","","","","OAuth","Yes","Unknown","80","B · 值得验证","OAuth 集成","适合用户授权型产品；优先评估回调、安全存储和撤销流程。","CORS 未知，需要浏览器实测；需要完整授权与令牌生命周期设计"
"cddc57a08ed7","Weatherstack","Real-Time & Historical World Weather Data API","https://weatherstack.com/?utm_source=Github&utm_medium=Referral&utm_campaign=Public-apis-repo-Best-sellers","自然与生命","Weather","历史天气与回溯","upstream","public-apis/public-apis","https://weatherstack.com/?utm_source=Github&utm_medium=Referral&utm_campaign=Public-apis-repo-Best-sellers","","","","apiKey","Yes","Unknown","83","B · 值得验证","后端代理","建议通过服务端适配器统一鉴权、缓存、限流和错误处理。","CORS 未知，需要浏览器实测；密钥不得暴露在前端"
"6586723c0f4f","7Timer!","Weather, especially for Astroweather","http://www.7timer.info/doc.php?lang=en","自然与生命","Weather","天文观测天气","upstream","public-apis/public-apis","http://www.7timer.info/doc.php?lang=en","","","","No","No","Unknown","48","D · 建议替代","仅研究/寻找替代","先寻找 HTTPS 替代服务，不纳入默认生产候选。","未声明 HTTPS，不建议生产接入；CORS 未知，需要浏览器实测"
"ea4dee62c202","AccuWeather","Weather and forecast data","https://developer.accuweather.com/apis","自然与生命","Weather","短期与逐小时天气预报","upstream","public-apis/public-apis","https://developer.accuweather.com/apis","","","","apiKey","No","Unknown","53","C · 谨慎接入","仅研究/寻找替代","先寻找 HTTPS 替代服务，不纳入默认生产候选。","未声明 HTTPS，不建议生产接入；CORS 未知，需要浏览器实测；密钥不得暴露在前端"
"d9387cf17832","Aemet","Weather and forecast data from Spain","https://opendata.aemet.es/centrodedescargas/inicio","自然与生命","Weather","短期与逐小时天气预报","upstream","public-apis/public-apis","https://opendata.aemet.es/centrodedescargas/inicio","","","","apiKey","Yes","Unknown","83","B · 值得验证","后端代理","建议通过服务端适配器统一鉴权、缓存、限流和错误处理。","CORS 未知，需要浏览器实测；密钥不得暴露在前端"
"2e621e80d5a9","APIXU","Weather","https://www.apixu.com/doc/request.aspx","自然与生命","Weather","天气综合能力","upstream","public-apis/public-apis","https://www.apixu.com/doc/request.aspx","","","","apiKey","Yes","Unknown","73","B · 值得验证","后端代理","建议通过服务端适配器统一鉴权、缓存、限流和错误处理。","CORS 未知，需要浏览器实测；密钥不得暴露在前端"
"e329ce098d10","AQICN","Air Quality Index Data for over 1000 cities","https://aqicn.org/api/","自然与生命","Weather","空气质量与天气联合","upstream","public-apis/public-apis","https://aqicn.org/api/","","","","apiKey","Yes","Unknown","83","B · 值得验证","后端代理","建议通过服务端适配器统一鉴权、缓存、限流和错误处理。","CORS 未知，需要浏览器实测；密钥不得暴露在前端"
"38dd918b1bd9","AviationWeather","NOAA aviation weather forecasts and observations","https://www.aviationweather.gov/dataserver","自然与生命","Weather","短期与逐小时天气预报；实时天气实况","upstream","public-apis/public-apis","https://www.aviationweather.gov/dataserver","","","","No","Yes","Unknown","88","A · 优先试用","后端代理","建议通过服务端适配器统一鉴权、缓存、限流和错误处理。","CORS 未知，需要浏览器实测"
"8ab5d684911a","ColorfulClouds","Weather","https://open.caiyunapp.com/ColorfulClouds_Weather_API","自然与生命","Weather","天气综合能力","upstream","public-apis/public-apis","https://open.caiyunapp.com/ColorfulClouds_Weather_API","","","","apiKey","Yes","Yes","85","A · 优先试用","后端代理","建议通过服务端适配器统一鉴权、缓存、限流和错误处理。","密钥不得暴露在前端"
"637673396b69","Euskalmet","Meteorological data of the Basque Country","https://opendata.euskadi.eus/api-euskalmet/-/api-de-euskalmet/","自然与生命","Weather","天气综合能力","upstream","public-apis/public-apis","https://opendata.euskadi.eus/api-euskalmet/-/api-de-euskalmet/","","","","apiKey","Yes","Unknown","83","B · 值得验证","后端代理","建议通过服务端适配器统一鉴权、缓存、限流和错误处理。","CORS 未知，需要浏览器实测；密钥不得暴露在前端"
"aa712cef52ff","Foreca","Weather","https://developer.foreca.com","自然与生命","Weather","天气综合能力","upstream","public-apis/public-apis","https://developer.foreca.com","","","","OAuth","Yes","Unknown","70","B · 值得验证","OAuth 集成","适合用户授权型产品；优先评估回调、安全存储和撤销流程。","CORS 未知，需要浏览器实测；需要完整授权与令牌生命周期设计"
"6df9c32e8c02","Hail History","Radar-detected hail history for any US address from NOAA NEXRAD Level-III hail detections, by year","https://hail-history-noaa.netlify.app/api-docs.html","自然与生命","Weather","降水雷达与天气地图","upstream","public-apis/public-apis","https://hail-history-noaa.netlify.app/api-docs.html","","","","No","Yes","Yes","100","A · 优先试用","浏览器直连候选","适合无密钥原型；生产使用前验证限流、许可和稳定性。","仍需验证额度、条款、延迟与数据质量"
"f20a6aa6d533","HG Weather","Provides weather forecast data for cities in Brazil","https://hgbrasil.com/status/weather","自然与生命","Weather","短期与逐小时天气预报","upstream","public-apis/public-apis","https://hgbrasil.com/status/weather","","","","apiKey","Yes","Yes","95","A · 优先试用","后端代理","建议通过服务端适配器统一鉴权、缓存、限流和错误处理。","密钥不得暴露在前端"
"e4d178df9744","Hong Kong Obervatory","Provide weather information, earthquake information, and climate data","https://www.hko.gov.hk/en/abouthko/opendata_intro.htm","自然与生命","Weather","天气综合能力","upstream","public-apis/public-apis","https://www.hko.gov.hk/en/abouthko/opendata_intro.htm","","","","No","Yes","Unknown","88","A · 优先试用","后端代理","建议通过服务端适配器统一鉴权、缓存、限流和错误处理。","CORS 未知，需要浏览器实测"
"237a5fdc391b","IPMA","Portuguese weather and climate data","https://api.ipma.pt/open-data/","自然与生命","Weather","天气综合能力","upstream","public-apis/public-apis","https://api.ipma.pt/open-data/","","","","No","Yes","Unknown","88","A · 优先试用","后端代理","建议通过服务端适配器统一鉴权、缓存、限流和错误处理。","CORS 未知，需要浏览器实测"
"3f3600127f1b","Meltema","Multi-model weather: GFS, ECMWF AIFS/IFS and a 31-member GEFS ensemble, keyless point forecasts","https://meltema.com/docs","自然与生命","Weather","短期与逐小时天气预报","upstream","public-apis/public-apis","https://meltema.com/docs","","","","No","Yes","No","80","B · 值得验证","后端代理","建议通过服务端适配器统一鉴权、缓存、限流和错误处理。","浏览器不可直连，应走服务端"
"f100c913b7e0","Meteorologisk Institutt","Weather and climate data","https://api.met.no/weatherapi/documentation","自然与生命","Weather","天气综合能力","upstream","public-apis/public-apis","https://api.met.no/weatherapi/documentation","","","","User-Agent","Yes","Unknown","76","B · 值得验证","后端代理","建议通过服务端适配器统一鉴权、缓存、限流和错误处理。","CORS 未知，需要浏览器实测；认证方式较特殊，先核对文档"
"775fceb998ba","Micro Weather","Real time weather forecasts and historic data","https://m3o.com/weather/api","自然与生命","Weather","短期与逐小时天气预报","upstream","public-apis/public-apis","https://m3o.com/weather/api","","","","apiKey","Yes","Unknown","83","B · 值得验证","后端代理","建议通过服务端适配器统一鉴权、缓存、限流和错误处理。","CORS 未知，需要浏览器实测；密钥不得暴露在前端"
"a874531cdeb9","ODWeather","Weather and weather webcams","http://api.oceandrivers.com/static/docs.html","自然与生命","Weather","天气综合能力","upstream","public-apis/public-apis","http://api.oceandrivers.com/static/docs.html","","","","No","No","Unknown","48","D · 建议替代","仅研究/寻找替代","先寻找 HTTPS 替代服务，不纳入默认生产候选。","未声明 HTTPS，不建议生产接入；CORS 未知，需要浏览器实测"
"e55b48c48ff2","Oikolab","70+ years of global, hourly historical and forecast weather data from NOAA and ECMWF","https://docs.oikolab.com","自然与生命","Weather","短期与逐小时天气预报；历史天气与回溯","upstream","public-apis/public-apis","https://docs.oikolab.com","","","","apiKey","Yes","Yes","95","A · 优先试用","后端代理","建议通过服务端适配器统一鉴权、缓存、限流和错误处理。","密钥不得暴露在前端"
"de3f6de41523","Open-Meteo","Global weather forecast API for non-commercial use","https://open-meteo.com/","自然与生命","Weather","短期与逐小时天气预报","upstream","public-apis/public-apis","https://open-meteo.com/","","","","No","Yes","Yes","100","A · 优先试用","浏览器直连候选","适合无密钥原型；生产使用前验证限流、许可和稳定性。","仍需验证额度、条款、延迟与数据质量"
"b42a553fa3c9","openSenseMap","Data from Personal Weather Stations called senseBoxes","https://api.opensensemap.org/","自然与生命","Weather","天气综合能力","upstream","public-apis/public-apis","https://api.opensensemap.org/","","","","No","Yes","Yes","100","A · 优先试用","浏览器直连候选","适合无密钥原型；生产使用前验证限流、许可和稳定性。","仍需验证额度、条款、延迟与数据质量"
"de1cc2a1b2fa","OpenUV","Real-time UV Index Forecast","https://www.openuv.io","自然与生命","Weather","短期与逐小时天气预报","upstream","public-apis/public-apis","https://www.openuv.io","","","","apiKey","Yes","Unknown","83","B · 值得验证","后端代理","建议通过服务端适配器统一鉴权、缓存、限流和错误处理。","CORS 未知，需要浏览器实测；密钥不得暴露在前端"
"6e32a59b8a7c","OpenWeatherMap","Weather","https://openweathermap.org/api","自然与生命","Weather","天气综合能力","upstream","public-apis/public-apis","https://openweathermap.org/api","","","","apiKey","Yes","Unknown","73","B · 值得验证","后端代理","建议通过服务端适配器统一鉴权、缓存、限流和错误处理。","CORS 未知，需要浏览器实测；密钥不得暴露在前端"
"0cbc7bfa0362","Pirate Weather","Free weather API with forecast data similar to Dark Sky","https://pirateweather.net/en/latest/","自然与生命","Weather","短期与逐小时天气预报","upstream","public-apis/public-apis","https://pirateweather.net/en/latest/","","","","No","Yes","Yes","100","A · 优先试用","浏览器直连候选","适合无密钥原型；生产使用前验证限流、许可和稳定性。","仍需验证额度、条款、延迟与数据质量"
"7f27c53b36f0","QWeather","Location-based weather data","https://dev.qweather.com/en/","自然与生命","Weather","天气综合能力","upstream","public-apis/public-apis","https://dev.qweather.com/en/","","","","apiKey","Yes","Yes","95","A · 优先试用","后端代理","建议通过服务端适配器统一鉴权、缓存、限流和错误处理。","密钥不得暴露在前端"
"90de078b9eb9","Rainbow Weather","Global real-time nowcasting API powered by radar + satellite fusion","https://developer.rainbow.ai/","自然与生命","Weather","降水雷达与天气地图","upstream","public-apis/public-apis","https://developer.rainbow.ai/","","","","apiKey","Yes","Unknown","83","B · 值得验证","后端代理","建议通过服务端适配器统一鉴权、缓存、限流和错误处理。","CORS 未知，需要浏览器实测；密钥不得暴露在前端"
"266262d545c1","RainViewer","Radar data collected from different websites across the Internet","https://www.rainviewer.com/api.html","自然与生命","Weather","降水雷达与天气地图","upstream","public-apis/public-apis","https://www.rainviewer.com/api.html","","","","No","Yes","Unknown","88","A · 优先试用","后端代理","建议通过服务端适配器统一鉴权、缓存、限流和错误处理。","CORS 未知，需要浏览器实测"
"5abb6bbfda62","Storm Glass","Global marine weather from multiple sources","https://stormglass.io/","自然与生命","Weather","海洋、潮汐与航海天气；灾害性天气预警","upstream","public-apis/public-apis","https://stormglass.io/","","","","apiKey","Yes","Yes","95","A · 优先试用","后端代理","建议通过服务端适配器统一鉴权、缓存、限流和错误处理。","密钥不得暴露在前端"
"9d892e9075eb","Tomorrow","Weather API Powered by Proprietary Technology","https://docs.tomorrow.io","自然与生命","Weather","天气综合能力","upstream","public-apis/public-apis","https://docs.tomorrow.io","","","","apiKey","Yes","Unknown","83","B · 值得验证","后端代理","建议通过服务端适配器统一鉴权、缓存、限流和错误处理。","CORS 未知，需要浏览器实测；密钥不得暴露在前端"
"941474fb862a","US Weather","US National Weather Service","https://www.weather.gov/documentation/services-web-api","自然与生命","Weather","天气综合能力","upstream","public-apis/public-apis","https://www.weather.gov/documentation/services-web-api","","","","No","Yes","Yes","100","A · 优先试用","浏览器直连候选","适合无密钥原型；生产使用前验证限流、许可和稳定性。","仍需验证额度、条款、延迟与数据质量"
"6da5deefde77","Visual Crossing","Global historical and weather forecast data","https://www.visualcrossing.com/weather-api","自然与生命","Weather","短期与逐小时天气预报；历史天气与回溯","upstream","public-apis/public-apis","https://www.visualcrossing.com/weather-api","","","","apiKey","Yes","Yes","95","A · 优先试用","后端代理","建议通过服务端适配器统一鉴权、缓存、限流和错误处理。","密钥不得暴露在前端"
"939c4d62fc7e","weather-api","A RESTful free API to check the weather","https://github.com/robertoduessmann/weather-api","自然与生命","Weather","天气综合能力","upstream","public-apis/public-apis","https://github.com/robertoduessmann/weather-api","","","","No","Yes","No","80","B · 值得验证","后端代理","建议通过服务端适配器统一鉴权、缓存、限流和错误处理。","浏览器不可直连，应走服务端"
"efc4fcdaa4ef","WeatherAPI","Weather API with other stuff like Astronomy and Geolocation API","https://www.weatherapi.com/","自然与生命","Weather","天文观测天气","upstream","public-apis/public-apis","https://www.weatherapi.com/","","","","apiKey","Yes","Yes","95","A · 优先试用","后端代理","建议通过服务端适配器统一鉴权、缓存、限流和错误处理。","密钥不得暴露在前端"
"6c3acb77b5e1","Weatherbit","Weather","https://www.weatherbit.io/api","自然与生命","Weather","天气综合能力","upstream","public-apis/public-apis","https://www.weatherbit.io/api","","","","apiKey","Yes","Unknown","73","B · 值得验证","后端代理","建议通过服务端适配器统一鉴权、缓存、限流和错误处理。","CORS 未知，需要浏览器实测；密钥不得暴露在前端"
"d03ba38f7702","World Time & Weather","Current weather, local time, UTC offset and DST rules for 400 cities as static JSON","https://worldtimeweather.com/api.html","自然与生命","Weather","实时天气实况","upstream","public-apis/public-apis","https://worldtimeweather.com/api.html","","","","No","Yes","Yes","100","A · 优先试用","浏览器直连候选","适合无密钥原型；生产使用前验证限流、许可和稳定性。","仍需验证额度、条款、延迟与数据质量"
"68ad5f83fcc1","wttr.in","Weather in your terminal, supports JSON output","https://wttr.in/:help","自然与生命","Weather","天气综合能力","upstream","public-apis/public-apis","https://wttr.in/:help","","","","No","Yes","Yes","100","A · 优先试用","浏览器直连候选","适合无密钥原型；生产使用前验证限流、许可和稳定性。","仍需验证额度、条款、延迟与数据质量"
"0de7336f53b9","Yandex.Weather","Assesses weather condition in specific locations","https://yandex.com/dev/weather/","自然与生命","Weather","实时天气实况","upstream","public-apis/public-apis","https://yandex.com/dev/weather/","","","","apiKey","Yes","No","75","B · 值得验证","后端代理","建议通过服务端适配器统一鉴权、缓存、限流和错误处理。","浏览器不可直连，应走服务端；密钥不得暴露在前端"
"f533aa884546","NASA POWER Agroclimatology API","Global agricultural climate time series for temperature, precipitation, humidity, solar radiation and wind; hourly, daily, monthly and climatology data","https://power.larc.nasa.gov/docs/services/api/","农业与食品系统","Agriculture","农业气象、灌溉与农时","curated-extension","NASA POWER","https://power.larc.nasa.gov/docs/services/api/temporal/","2026-08-22","全球；气象数据最早约 1981 年至近实时，按数据集而异","空间分辨率不是田块级；单次参数数和请求频率受限制","No","Yes","Unknown","88","A · 优先试用","后端代理","建议通过服务端适配器统一鉴权、缓存、限流和错误处理。","CORS 未知，需要浏览器实测"
"e8f890d27a69","Open-Meteo Agricultural Weather","Keyless agricultural weather forecast with soil temperature, multi-layer soil moisture, reference evapotranspiration ET0, precipitation and solar radiation","https://open-meteo.com/en/docs","农业与食品系统","Agriculture","农业气象、灌溉与农时","curated-extension","Open-Meteo","https://open-meteo.com/en/docs","2026-08-22","全球；通常提供未来 7 天，部分模式可到 16 天","模型格点不等于田间传感器；商用与高频使用需核对许可方案","No","Yes","Yes","100","A · 优先试用","浏览器直连候选","适合无密钥原型；生产使用前验证限流、许可和稳定性。","仍需验证额度、条款、延迟与数据质量"
"9231051695a3","ISRIC SoilGrids REST API","Global gridded soil properties by coordinate and depth including pH, organic carbon, clay, sand, silt, nitrogen and bulk density","https://rest.isric.org/","农业与食品系统","Agriculture","土壤属性与适种评估","curated-extension","ISRIC — World Soil Information","https://rest.isric.org/soilgrids/v2.0/docs","2026-08-22","全球约 250 米格网，多土层预测值","REST v2 仍为 beta；官方公平使用建议每分钟不超过 5 次调用","No","Yes","Unknown","88","A · 优先试用","后端代理","建议通过服务端适配器统一鉴权、缓存、限流和错误处理。","CORS 未知，需要浏览器实测"
"d862d955fef9","USDA NRCS Soil Data Access","United States soil survey tabular and spatial data through REST POST, WFS and WMS services for soil properties and land interpretations","https://sdmdataaccess.nrcs.usda.gov/WebServiceHelp.aspx","农业与食品系统","Agriculture","土壤属性与适种评估","curated-extension","USDA Natural Resources Conservation Service","https://sdmdataaccess.nrcs.usda.gov/WebServiceHelp.aspx","2026-08-22","美国 Soil Survey Geographic 数据及解释","REST 查询使用 POST 和 SQL；数据结构复杂，建议服务端封装","No","Yes","Unknown","88","A · 优先试用","后端代理","建议通过服务端适配器统一鉴权、缓存、限流和错误处理。","CORS 未知，需要浏览器实测"
"d9b465f5a36a","USDA NASS Quick Stats API","Official United States crop, livestock, farm economics, demographics, environmental and agricultural production statistics by commodity, location and time","https://www.nass.usda.gov/developer/","农业与食品系统","Agriculture","作物产量、面积与生产统计；畜牧、乳业与养殖统计","curated-extension","USDA National Agricultural Statistics Service","https://quickstats.nass.usda.gov/api","2026-08-22","美国全国、州、县等层级；调查与农业普查数据","需要申请 API Key；查询维度和结果量需要控制","apiKey","Yes","Unknown","83","B · 值得验证","后端代理","建议通过服务端适配器统一鉴权、缓存、限流和错误处理。","CORS 未知，需要浏览器实测；密钥不得暴露在前端"
"a3f9e6ad8f8b","USDA MyMarketNews API","Agricultural commodity market reports with prices, volume and trade data for livestock, dairy, grain, fruit and vegetables","https://mymarketnews.ams.usda.gov/mymarketnews-api","农业与食品系统","Agriculture","农产品价格、交易量与市场报告；畜牧、乳业与养殖统计","curated-extension","USDA Agricultural Marketing Service","https://mymarketnews.ams.usda.gov/mars-api/getting-started","2026-08-22","美国农业市场新闻与分品类报告","官方说明不支持直接浏览器调用；通常按报告而非商品直接检索","apiKey","Yes","No","75","B · 值得验证","后端代理","建议通过服务端适配器统一鉴权、缓存、限流和错误处理。","浏览器不可直连，应走服务端；密钥不得暴露在前端"
"c150432f1d1a","FAOSTAT API","Global crop production, livestock, food balance, agricultural trade, prices, inputs, emissions and food security statistics","https://faostat.fao.org/","农业与食品系统","Agriculture","粮食安全与农业发展指标；农产品价格、交易量与市场报告；畜牧、乳业与养殖统计","curated-extension","Food and Agriculture Organization of the United Nations","https://faostat.fao.org/","2026-08-22","245 个以上国家和地区；多数主题从 1961 年至最新可用年份","不同主题更新时间与口径不同；使用前确认指标、单位和版本","No","Yes","Unknown","88","A · 优先试用","后端代理","建议通过服务端适配器统一鉴权、缓存、限流和错误处理。","CORS 未知，需要浏览器实测"
"74d9c0da1d49","EPPO Data Services REST API","Plant and crop pest taxonomy, EPPO codes, host plants, geographical distribution, quarantine status and plant protection data","https://www.eppo.int/RESOURCES/eppo_databases/global_database","农业与食品系统","Agriculture","作物病虫害、寄主与植物检疫","curated-extension","European and Mediterranean Plant Protection Organization","https://data.eppo.int/","2026-08-22","农业、林业与植物保护相关物种和检疫性有害生物；重点为 EPPO 区域","需要免费注册；不同数据集和批量服务的访问条件可能不同","apiKey","Yes","Unknown","83","B · 值得验证","后端代理","建议通过服务端适配器统一鉴权、缓存、限流和错误处理。","CORS 未知，需要浏览器实测；密钥不得暴露在前端"
"a177bad531d2","Pl@ntNet Plant Identification API","Image-based plant and crop species identification from leaf, flower, fruit or bark photos with confidence scores","https://my.plantnet.org/doc","农业与食品系统","Agriculture","作物与植物图像识别","curated-extension","Pl@ntNet","https://my.plantnet.org/doc/api/identify","2026-08-22","多地区植物物种识别项目；支持选择 flora/project","需要 API Key 和配额；单次最多 5 张同一植株图片，结果需人工复核","apiKey","Yes","Unknown","83","B · 值得验证","后端代理","建议通过服务端适配器统一鉴权、缓存、限流和错误处理。","CORS 未知，需要浏览器实测；密钥不得暴露在前端"
"c17095e7ea31","Copernicus Data Space STAC API","Satellite earth observation catalogue for Sentinel imagery used in crop monitoring, vegetation indices, field change and drought analysis","https://documentation.dataspace.copernicus.eu/APIs/STAC.html","农业与食品系统","Agriculture","农田遥感、长势与灾情监测","curated-extension","Copernicus Data Space Ecosystem","https://documentation.dataspace.copernicus.eu/APIs/STAC.html","2026-08-22","全球 Sentinel-1/2/3 等地球观测产品目录","STAC 主要用于检索影像元数据；下载、处理和生成 NDVI 可能需要额外认证与计算","No","Yes","Unknown","88","A · 优先试用","后端代理","建议通过服务端适配器统一鉴权、缓存、限流和错误处理。","CORS 未知，需要浏览器实测"
"7c85f506c34a","World Bank Indicators API","Country agricultural land, cereal yield, rural population, food production, fertilizer, water and agriculture value-added indicators","https://datahelpdesk.worldbank.org/knowledgebase/articles/889392","农业与食品系统","Agriculture","粮食安全与农业发展指标","curated-extension","World Bank","https://datahelpdesk.worldbank.org/knowledgebase/articles/898581-api-basic-call-structures","2026-08-22","全球国家和地区的长期发展指标时间序列","并非田块或实时数据；必须选择正确指标代码并理解统计口径","No","Yes","Unknown","88","A · 优先试用","后端代理","建议通过服务端适配器统一鉴权、缓存、限流和错误处理。","CORS 未知，需要浏览器实测"
"a429046de58e","USDA ESMIS REST API","Search agricultural economics publications, agencies and report releases from the USDA Economics, Statistics and Market Information System","https://esmis.nal.usda.gov/api-documentation","农业与食品系统","Agriculture","农业经济报告、机构与政策资料","curated-extension","USDA National Agricultural Library","https://esmis.nal.usda.gov/api-documentation","2026-08-22","USDA 农业经济、市场和统计出版物及发布记录","主要返回出版物与发布元数据，不等同于报告中的完整结构化统计值","No","Yes","Unknown","88","A · 优先试用","后端代理","建议通过服务端适配器统一鉴权、缓存、限流和错误处理。","CORS 未知，需要浏览器实测"
